2025-11-25 03:39:45,435 [DEBUG] WellApp: Логгер WellApp настроен. Файл лога: C:\Users\pasha\OneDrive\Рабочий стол\WellLib\csg\program_debug.log
2025-11-25 03:39:45,441 [INFO] WellApp.gui: Запуск WellApp из csg.py
2025-11-25 03:39:45,482 [DEBUG] WellApp.gui: Инициализация WellApp
2025-11-25 03:39:45,490 [DEBUG] WellApp.trajectory: Инициализация TrajectoryTab
2025-11-25 03:39:45,683 [DEBUG] WellApp.trajectory: Добавлена точка траектории, всего строк: 1
2025-11-25 03:39:45,685 [DEBUG] WellApp.gui: Инициализация BalanceTab
2025-11-25 03:39:45,686 [DEBUG] WellApp.graphics: draw_construction: casings=0
2025-11-25 03:39:45,687 [DEBUG] WellApp.graphics: draw_construction: bha=0
2025-11-25 03:39:45,687 [DEBUG] WellApp.graphics: visible_bha элементов: 0
2025-11-25 03:39:45,689 [DEBUG] WellApp.gui: Инициализация вкладки 'Жидкости'
2025-11-25 03:39:45,690 [DEBUG] WellApp.gui: populate_fluid_combos: обновлено 1 жидкостей
2025-11-25 03:39:45,690 [DEBUG] WellApp.gui: Добавлена жидкость: Раствор 1, 1.2 г/см³, тип Раствор
2025-11-25 03:39:45,691 [DEBUG] WellApp.gui: populate_fluid_combos: обновлено 1 жидкостей
2025-11-25 03:39:45,691 [DEBUG] WellApp.gui: Инициализация вкладки 'Конструкция'
2025-11-25 03:39:45,693 [DEBUG] WellApp.gui: Добавлена строка колонны, всего строк: 1
2025-11-25 03:39:45,693 [DEBUG] WellApp.gui: Инициализация вкладки 'КНБК'
2025-11-25 03:39:45,694 [DEBUG] WellApp.gui: Добавлена строка КНБК, всего строк: 1
2025-11-25 03:39:45,694 [DEBUG] WellApp.gui: Инициализация вкладки 'Объёмы'
2025-11-25 03:39:56,506 [DEBUG] WellApp.utils: normalize_bha_name: 'Drill Pipe' -> 'Drill Pipe'
2025-11-25 03:39:56,506 [DEBUG] WellApp.utils: normalize_bha_name: 'Heavy Weight' -> 'Heavy Weight'
2025-11-25 03:39:56,506 [DEBUG] WellApp.utils: normalize_bha_name: 'Drill Collar' -> 'Drill Collar'
2025-11-25 03:39:56,507 [DEBUG] WellApp.utils: normalize_bha_name: 'Mud Motor' -> 'Mud Motor'
2025-11-25 03:39:56,507 [DEBUG] WellApp.utils: normalize_bha_name: 'Bit' -> 'Bit'
2025-11-25 03:39:56,507 [DEBUG] WellApp.gui: Из буфера вставлено элементов КНБК: 5
2025-11-25 03:40:09,657 [DEBUG] WellApp.gui: Добавлена строка колонны, всего строк: 2
2025-11-25 03:40:16,957 [DEBUG] WellApp.gui: Добавлена строка Open Hole, всего строк: 1
2025-11-25 03:40:23,982 [DEBUG] WellApp.gui: Старт расчёта объёмов и построения схемы
2025-11-25 03:40:23,983 [DEBUG] WellApp.utils: compute_casing_params: результат od=245.000, id_=226.000, wall=9.500
2025-11-25 03:40:23,983 [ERROR] WellApp.utils: compute_casing_params: Нужно указать минимум два параметра (OD/ID/толщина). (od=None, id_=None, wall=None)
2025-11-25 03:40:23,983 [ERROR] WellApp.gui: Ошибка в calculate_and_plot
Traceback (most recent call last):
  File "C:\Users\pasha\OneDrive\Рабочий стол\WellLib\csg\csg.py", line 547, in calculate_and_plot
    od, id_, wall = compute_casing_params(od, id_, wall)
                    ~~~~~~~~~~~~~~~~~~~~~^^^^^^^^^^^^^^^
  File "C:\Users\pasha\OneDrive\Рабочий стол\WellLib\csg\well_utils.py", line 34, in compute_casing_params
    raise ValueError(msg)
ValueError: Нужно указать минимум два параметра (OD/ID/толщина).
2025-11-25 03:40:32,661 [DEBUG] WellApp.gui: Удалено строк: 1 из таблицы <PyQt5.QtWidgets.QTableWidget object at 0x000001B1502D8C20>
2025-11-25 03:40:34,624 [DEBUG] WellApp.gui: Добавлена строка Open Hole, всего строк: 1
2025-11-25 03:40:41,084 [DEBUG] WellApp.gui: Старт расчёта объёмов и построения схемы
2025-11-25 03:40:41,084 [DEBUG] WellApp.utils: compute_casing_params: результат od=245.000, id_=226.000, wall=9.500
2025-11-25 03:40:41,084 [WARNING] WellApp.geom: Casing 'Open Hole': ID >= OD (id=230.000 мм, od=230.000 мм) — проверьте данные
2025-11-25 03:40:41,084 [DEBUG] WellApp.utils: normalize_bha_name: 'Drill Pipe' -> 'Drill Pipe'
2025-11-25 03:40:41,085 [DEBUG] WellApp.utils: normalize_bha_name: 'Heavy Weight' -> 'Heavy Weight'
2025-11-25 03:40:41,085 [DEBUG] WellApp.utils: normalize_bha_name: 'Drill Collar' -> 'Drill Collar'
2025-11-25 03:40:41,085 [DEBUG] WellApp.utils: normalize_bha_name: 'Mud Motor' -> 'Mud Motor'
2025-11-25 03:40:41,085 [DEBUG] WellApp.utils: normalize_bha_name: 'Bit' -> 'Bit'
2025-11-25 03:40:41,085 [DEBUG] WellApp.gui: Скорректирована длина верхнего элемента КНБК на -1090.300 м для соответствия глубине конструкции
2025-11-25 03:40:41,085 [DEBUG] WellApp.gui: Добавлен Fluid: Раствор 1, Раствор, 1.2, <PyQt5.QtGui.QColor object at 0x000001B15023FBD0>
2025-11-25 03:40:41,085 [DEBUG] WellApp.gui: Итоговое содержимое fluids: ['Раствор 1']
2025-11-25 03:40:41,086 [DEBUG] WellApp.volumes: calculate_volumes: старт расчёта, casings=2, bha=5
2025-11-25 03:40:41,086 [DEBUG] WellApp.volumes: calculate_volumes: завершено. V_casings=40.831, V_bha_int=6.339, V_bha_disp=14.888, V_annulus=25.943
2025-11-25 03:40:41,086 [DEBUG] WellApp.graphics: draw_construction: casings=2
2025-11-25 03:40:41,086 [DEBUG] WellApp.graphics: draw_construction: bha=5
2025-11-25 03:40:41,087 [DEBUG] WellApp.graphics: BHA элемент (снизу вверх): Bit, L=0.30, OD=215.9
2025-11-25 03:40:41,087 [DEBUG] WellApp.graphics: BHA элемент (снизу вверх): Mud Motor, L=10.00, OD=172.0
2025-11-25 03:40:41,087 [DEBUG] WellApp.graphics: BHA элемент (снизу вверх): Drill Collar, L=80.00, OD=203.0
2025-11-25 03:40:41,087 [DEBUG] WellApp.graphics: BHA элемент (снизу вверх): Heavy Weight, L=200.00, OD=139.7
2025-11-25 03:40:41,087 [DEBUG] WellApp.graphics: BHA элемент (снизу вверх): Drill Pipe, L=709.70, OD=127.0
2025-11-25 03:40:41,088 [DEBUG] WellApp.graphics: visible_bha элементов: 5
2025-11-25 03:40:41,110 [DEBUG] WellApp.gui: Расчёт объёмов и обновление схемы завершены успешно
2025-11-25 03:40:48,994 [DEBUG] WellApp.gui: Старт расчёта объёмов и построения схемы
2025-11-25 03:40:48,994 [DEBUG] WellApp.utils: compute_casing_params: результат od=245.000, id_=226.000, wall=9.500
2025-11-25 03:40:48,994 [WARNING] WellApp.geom: Casing 'Open Hole': ID >= OD (id=230.000 мм, od=230.000 мм) — проверьте данные
2025-11-25 03:40:48,994 [DEBUG] WellApp.utils: normalize_bha_name: 'Drill Pipe' -> 'Drill Pipe'
2025-11-25 03:40:48,995 [DEBUG] WellApp.utils: normalize_bha_name: 'Heavy Weight' -> 'Heavy Weight'
2025-11-25 03:40:48,995 [DEBUG] WellApp.utils: normalize_bha_name: 'Drill Collar' -> 'Drill Collar'
2025-11-25 03:40:48,995 [DEBUG] WellApp.utils: normalize_bha_name: 'Mud Motor' -> 'Mud Motor'
2025-11-25 03:40:48,995 [DEBUG] WellApp.utils: normalize_bha_name: 'Bit' -> 'Bit'
2025-11-25 03:40:48,995 [DEBUG] WellApp.gui: Скорректирована длина верхнего элемента КНБК на 2000.000 м для соответствия глубине конструкции
2025-11-25 03:40:48,995 [DEBUG] WellApp.gui: Добавлен Fluid: Раствор 1, Раствор, 1.2, <PyQt5.QtGui.QColor object at 0x000001B15023D6A0>
2025-11-25 03:40:48,995 [DEBUG] WellApp.gui: Итоговое содержимое fluids: ['Раствор 1']
2025-11-25 03:40:48,995 [DEBUG] WellApp.volumes: calculate_volumes: старт расчёта, casings=2, bha=5
2025-11-25 03:40:48,995 [DEBUG] WellApp.volumes: calculate_volumes: завершено. V_casings=123.926, V_bha_int=20.516, V_bha_disp=40.224, V_annulus=83.703
2025-11-25 03:40:48,996 [DEBUG] WellApp.graphics: draw_construction: casings=2
2025-11-25 03:40:48,996 [DEBUG] WellApp.graphics: draw_construction: bha=5
2025-11-25 03:40:48,996 [DEBUG] WellApp.graphics: BHA элемент (снизу вверх): Bit, L=0.30, OD=215.9
2025-11-25 03:40:48,997 [DEBUG] WellApp.graphics: BHA элемент (снизу вверх): Mud Motor, L=10.00, OD=172.0
2025-11-25 03:40:48,997 [DEBUG] WellApp.graphics: BHA элемент (снизу вверх): Drill Collar, L=80.00, OD=203.0
2025-11-25 03:40:48,997 [DEBUG] WellApp.graphics: BHA элемент (снизу вверх): Heavy Weight, L=200.00, OD=139.7
2025-11-25 03:40:48,997 [DEBUG] WellApp.graphics: BHA элемент (снизу вверх): Drill Pipe, L=2709.70, OD=127.0
2025-11-25 03:40:48,997 [DEBUG] WellApp.graphics: visible_bha элементов: 5
2025-11-25 03:40:49,002 [DEBUG] WellApp.gui: Расчёт объёмов и обновление схемы завершены успешно
2025-11-25 03:41:02,081 [DEBUG] WellApp.gui: Переключение на вкладку 'Равновесие'
2025-11-25 03:41:02,081 [DEBUG] WellApp.gui: populate_fluid_combos: обновлено 1 жидкостей
2025-11-25 03:41:02,082 [DEBUG] WellApp.gui: get_max_tvd: прочитан TVD=0.0
2025-11-25 03:41:06,933 [DEBUG] WellApp.gui: populate_fluid_combos: обновлено 2 жидкостей
2025-11-25 03:41:06,933 [DEBUG] WellApp.gui: Добавлена жидкость: Раствор 2, 1.2 г/см³, тип Раствор
2025-11-25 03:41:06,934 [DEBUG] WellApp.gui: populate_fluid_combos: обновлено 2 жидкостей
2025-11-25 03:41:06,934 [DEBUG] WellApp.gui: populate_fluid_combos: обновлено 2 жидкостей
2025-11-25 03:41:06,936 [DEBUG] WellApp.gui: populate_fluid_combos: обновлено 2 жидкостей
2025-11-25 03:41:10,205 [DEBUG] WellApp.gui: populate_fluid_combos: обновлено 2 жидкостей
2025-11-25 03:41:15,088 [DEBUG] WellApp.gui: run_balance_calc: запуск
2025-11-25 03:41:15,088 [DEBUG] WellApp.gui: get_max_tvd: прочитан TVD=0.0
2025-11-25 03:41:16,420 [WARNING] WellApp.gui: run_balance_calc: TVD <= 0 (depth=0.0)
2025-11-25 03:41:35,324 [DEBUG] WellApp.gui: get_max_tvd: прочитан TVD=1000.0
2025-11-25 03:41:36,949 [DEBUG] WellApp.gui: run_balance_calc: запуск
2025-11-25 03:41:36,949 [DEBUG] WellApp.gui: get_max_tvd: прочитан TVD=1000.0
2025-11-25 03:41:36,949 [DEBUG] WellApp.gui: run_balance_calc: tubing=Раствор 2 (ρ=1.600), annulus=Раствор 1 (ρ=1.200)
2025-11-25 03:41:36,949 [DEBUG] WellApp.balance: === Запуск calculate_balance ===
2025-11-25 03:41:36,949 [DEBUG] WellApp.balance: Входные: P_res=20000000.0, depth_hint_m=1000.0, max_tvd_m(вход)=1000.0, D_tubing_mm=100.0, D_well_mm=200.0, D_knbk_mm=0.0, L_knbk_m=0.0
2025-11-25 03:41:36,949 [DEBUG] WellApp.balance: effective_max_tvd=1000.0
2025-11-25 03:41:36,949 [DEBUG] WellApp.balance: Плотности: rho_t=1600.0, rho_a=1200.0
2025-11-25 03:41:36,949 [DEBUG] WellApp.balance: Высоты (до ограничений): h_t=637.10499490316, h_a=849.4733265375467
2025-11-25 03:41:36,950 [DEBUG] WellApp.balance: Высоты (после ограничений): h_t=637.10499490316, h_a=849.4733265375467
2025-11-25 03:41:36,950 [DEBUG] WellApp.balance: Давления: p_t=10000000.0, p_a=10000000.0, p_total=20000000.0; diff_channels=0.0, diff_reservoir=0.0
2025-11-25 03:41:36,950 [DEBUG] WellApp.balance: Геометрия (м): D_t_id=0.1, D_w=0.2, D_k_od=0.0, L_knbk_m=0.0
2025-11-25 03:41:36,950 [DEBUG] WellApp.balance: Площадь трубы A_full=0.007853981633974483; V_t=5.003810928882825
2025-11-25 03:41:36,950 [DEBUG] WellApp.balance: Площадь затруба A_annulus=0.023561944901923454; V_a=20.015243715531305
2025-11-25 03:41:36,950 [DEBUG] WellApp.balance: === Расчёт calculate_balance завершён успешно ===
2025-11-25 03:41:36,950 [DEBUG] WellApp.gui: Результаты расчёта равновесия: h_t=637.10499490316, h_a=849.4733265375467, V_t=5.003810928882825, V_a=20.015243715531305
2025-11-25 03:41:41,984 [DEBUG] WellApp.gui: get_max_tvd: прочитан TVD=999.39
2025-11-25 03:41:42,404 [DEBUG] WellApp.gui: get_max_tvd: прочитан TVD=999.39
2025-11-25 03:41:44,274 [DEBUG] WellApp.gui: run_balance_calc: запуск
2025-11-25 03:41:44,274 [DEBUG] WellApp.gui: get_max_tvd: прочитан TVD=999.39
2025-11-25 03:41:44,274 [DEBUG] WellApp.gui: run_balance_calc: tubing=Раствор 2 (ρ=1.600), annulus=Раствор 1 (ρ=1.200)
2025-11-25 03:41:44,274 [DEBUG] WellApp.balance: === Запуск calculate_balance ===
2025-11-25 03:41:44,274 [DEBUG] WellApp.balance: Входные: P_res=20000000.0, depth_hint_m=999.39, max_tvd_m(вход)=999.39, D_tubing_mm=100.0, D_well_mm=200.0, D_knbk_mm=0.0, L_knbk_m=0.0
2025-11-25 03:41:44,274 [DEBUG] WellApp.balance: effective_max_tvd=999.39
2025-11-25 03:41:44,274 [DEBUG] WellApp.balance: Плотности: rho_t=1600.0, rho_a=1200.0
2025-11-25 03:41:44,274 [DEBUG] WellApp.balance: Высоты (до ограничений): h_t=637.10499490316, h_a=849.4733265375467
2025-11-25 03:41:44,274 [DEBUG] WellApp.balance: Высоты (после ограничений): h_t=637.10499490316, h_a=849.4733265375467
2025-11-25 03:41:44,274 [DEBUG] WellApp.balance: Давления: p_t=10000000.0, p_a=10000000.0, p_total=20000000.0; diff_channels=0.0, diff_reservoir=0.0
2025-11-25 03:41:44,274 [DEBUG] WellApp.balance: Геометрия (м): D_t_id=0.1, D_w=0.2, D_k_od=0.0, L_knbk_m=0.0
2025-11-25 03:41:44,274 [DEBUG] WellApp.balance: Площадь трубы A_full=0.007853981633974483; V_t=5.003810928882825
2025-11-25 03:41:44,275 [DEBUG] WellApp.balance: Площадь затруба A_annulus=0.023561944901923454; V_a=20.015243715531305
2025-11-25 03:41:44,275 [DEBUG] WellApp.balance: === Расчёт calculate_balance завершён успешно ===
2025-11-25 03:41:44,275 [DEBUG] WellApp.gui: Результаты расчёта равновесия: h_t=637.10499490316, h_a=849.4733265375467, V_t=5.003810928882825, V_a=20.015243715531305
2025-11-25 03:41:45,033 [DEBUG] WellApp.gui: run_balance_calc: запуск
2025-11-25 03:41:45,033 [DEBUG] WellApp.gui: get_max_tvd: прочитан TVD=999.39
2025-11-25 03:41:45,033 [DEBUG] WellApp.gui: run_balance_calc: tubing=Раствор 2 (ρ=1.600), annulus=Раствор 1 (ρ=1.200)
2025-11-25 03:41:45,034 [DEBUG] WellApp.balance: === Запуск calculate_balance ===
2025-11-25 03:41:45,034 [DEBUG] WellApp.balance: Входные: P_res=20000000.0, depth_hint_m=999.39, max_tvd_m(вход)=999.39, D_tubing_mm=100.0, D_well_mm=200.0, D_knbk_mm=0.0, L_knbk_m=0.0
2025-11-25 03:41:45,034 [DEBUG] WellApp.balance: effective_max_tvd=999.39
2025-11-25 03:41:45,034 [DEBUG] WellApp.balance: Плотности: rho_t=1600.0, rho_a=1200.0
2025-11-25 03:41:45,034 [DEBUG] WellApp.balance: Высоты (до ограничений): h_t=637.10499490316, h_a=849.4733265375467
2025-11-25 03:41:45,034 [DEBUG] WellApp.balance: Высоты (после ограничений): h_t=637.10499490316, h_a=849.4733265375467
2025-11-25 03:41:45,034 [DEBUG] WellApp.balance: Давления: p_t=10000000.0, p_a=10000000.0, p_total=20000000.0; diff_channels=0.0, diff_reservoir=0.0
2025-11-25 03:41:45,034 [DEBUG] WellApp.balance: Геометрия (м): D_t_id=0.1, D_w=0.2, D_k_od=0.0, L_knbk_m=0.0
2025-11-25 03:41:45,034 [DEBUG] WellApp.balance: Площадь трубы A_full=0.007853981633974483; V_t=5.003810928882825
2025-11-25 03:41:45,034 [DEBUG] WellApp.balance: Площадь затруба A_annulus=0.023561944901923454; V_a=20.015243715531305
2025-11-25 03:41:45,034 [DEBUG] WellApp.balance: === Расчёт calculate_balance завершён успешно ===
2025-11-25 03:41:45,034 [DEBUG] WellApp.gui: Результаты расчёта равновесия: h_t=637.10499490316, h_a=849.4733265375467, V_t=5.003810928882825, V_a=20.015243715531305
2025-11-25 03:41:45,268 [DEBUG] WellApp.gui: run_balance_calc: запуск
2025-11-25 03:41:45,268 [DEBUG] WellApp.gui: get_max_tvd: прочитан TVD=999.39
2025-11-25 03:41:45,268 [DEBUG] WellApp.gui: run_balance_calc: tubing=Раствор 2 (ρ=1.600), annulus=Раствор 1 (ρ=1.200)
2025-11-25 03:41:45,268 [DEBUG] WellApp.balance: === Запуск calculate_balance ===
2025-11-25 03:41:45,268 [DEBUG] WellApp.balance: Входные: P_res=20000000.0, depth_hint_m=999.39, max_tvd_m(вход)=999.39, D_tubing_mm=100.0, D_well_mm=200.0, D_knbk_mm=0.0, L_knbk_m=0.0
2025-11-25 03:41:45,269 [DEBUG] WellApp.balance: effective_max_tvd=999.39
2025-11-25 03:41:45,269 [DEBUG] WellApp.balance: Плотности: rho_t=1600.0, rho_a=1200.0
2025-11-25 03:41:45,269 [DEBUG] WellApp.balance: Высоты (до ограничений): h_t=637.10499490316, h_a=849.4733265375467
2025-11-25 03:41:45,269 [DEBUG] WellApp.balance: Высоты (после ограничений): h_t=637.10499490316, h_a=849.4733265375467
2025-11-25 03:41:45,269 [DEBUG] WellApp.balance: Давления: p_t=10000000.0, p_a=10000000.0, p_total=20000000.0; diff_channels=0.0, diff_reservoir=0.0
2025-11-25 03:41:45,269 [DEBUG] WellApp.balance: Геометрия (м): D_t_id=0.1, D_w=0.2, D_k_od=0.0, L_knbk_m=0.0
2025-11-25 03:41:45,269 [DEBUG] WellApp.balance: Площадь трубы A_full=0.007853981633974483; V_t=5.003810928882825
2025-11-25 03:41:45,269 [DEBUG] WellApp.balance: Площадь затруба A_annulus=0.023561944901923454; V_a=20.015243715531305
2025-11-25 03:41:45,269 [DEBUG] WellApp.balance: === Расчёт calculate_balance завершён успешно ===
2025-11-25 03:41:45,269 [DEBUG] WellApp.gui: Результаты расчёта равновесия: h_t=637.10499490316, h_a=849.4733265375467, V_t=5.003810928882825, V_a=20.015243715531305
2025-11-25 03:41:46,498 [DEBUG] WellApp.gui: run_balance_calc: запуск
2025-11-25 03:41:46,498 [DEBUG] WellApp.gui: get_max_tvd: прочитан TVD=999.39
2025-11-25 03:41:46,498 [DEBUG] WellApp.gui: run_balance_calc: tubing=Раствор 2 (ρ=1.600), annulus=Раствор 1 (ρ=1.200)
2025-11-25 03:41:46,498 [DEBUG] WellApp.balance: === Запуск calculate_balance ===
2025-11-25 03:41:46,498 [DEBUG] WellApp.balance: Входные: P_res=20000000.0, depth_hint_m=999.39, max_tvd_m(вход)=999.39, D_tubing_mm=100.0, D_well_mm=200.0, D_knbk_mm=0.0, L_knbk_m=0.0
2025-11-25 03:41:46,498 [DEBUG] WellApp.balance: effective_max_tvd=999.39
2025-11-25 03:41:46,498 [DEBUG] WellApp.balance: Плотности: rho_t=1600.0, rho_a=1200.0
2025-11-25 03:41:46,498 [DEBUG] WellApp.balance: Высоты (до ограничений): h_t=637.10499490316, h_a=849.4733265375467
2025-11-25 03:41:46,498 [DEBUG] WellApp.balance: Высоты (после ограничений): h_t=637.10499490316, h_a=849.4733265375467
2025-11-25 03:41:46,498 [DEBUG] WellApp.balance: Давления: p_t=10000000.0, p_a=10000000.0, p_total=20000000.0; diff_channels=0.0, diff_reservoir=0.0
2025-11-25 03:41:46,499 [DEBUG] WellApp.balance: Геометрия (м): D_t_id=0.1, D_w=0.2, D_k_od=0.0, L_knbk_m=0.0
2025-11-25 03:41:46,499 [DEBUG] WellApp.balance: Площадь трубы A_full=0.007853981633974483; V_t=5.003810928882825
2025-11-25 03:41:46,499 [DEBUG] WellApp.balance: Площадь затруба A_annulus=0.023561944901923454; V_a=20.015243715531305
2025-11-25 03:41:46,499 [DEBUG] WellApp.balance: === Расчёт calculate_balance завершён успешно ===
2025-11-25 03:41:46,499 [DEBUG] WellApp.gui: Результаты расчёта равновесия: h_t=637.10499490316, h_a=849.4733265375467, V_t=5.003810928882825, V_a=20.015243715531305
2025-11-25 03:41:46,672 [DEBUG] WellApp.gui: run_balance_calc: запуск
2025-11-25 03:41:46,672 [DEBUG] WellApp.gui: get_max_tvd: прочитан TVD=999.39
2025-11-25 03:41:46,673 [DEBUG] WellApp.gui: run_balance_calc: tubing=Раствор 2 (ρ=1.600), annulus=Раствор 1 (ρ=1.200)
2025-11-25 03:41:46,673 [DEBUG] WellApp.balance: === Запуск calculate_balance ===
2025-11-25 03:41:46,673 [DEBUG] WellApp.balance: Входные: P_res=20000000.0, depth_hint_m=999.39, max_tvd_m(вход)=999.39, D_tubing_mm=100.0, D_well_mm=200.0, D_knbk_mm=0.0, L_knbk_m=0.0
2025-11-25 03:41:46,673 [DEBUG] WellApp.balance: effective_max_tvd=999.39
2025-11-25 03:41:46,673 [DEBUG] WellApp.balance: Плотности: rho_t=1600.0, rho_a=1200.0
2025-11-25 03:41:46,673 [DEBUG] WellApp.balance: Высоты (до ограничений): h_t=637.10499490316, h_a=849.4733265375467
2025-11-25 03:41:46,673 [DEBUG] WellApp.balance: Высоты (после ограничений): h_t=637.10499490316, h_a=849.4733265375467
2025-11-25 03:41:46,673 [DEBUG] WellApp.balance: Давления: p_t=10000000.0, p_a=10000000.0, p_total=20000000.0; diff_channels=0.0, diff_reservoir=0.0
2025-11-25 03:41:46,673 [DEBUG] WellApp.balance: Геометрия (м): D_t_id=0.1, D_w=0.2, D_k_od=0.0, L_knbk_m=0.0
2025-11-25 03:41:46,673 [DEBUG] WellApp.balance: Площадь трубы A_full=0.007853981633974483; V_t=5.003810928882825
2025-11-25 03:41:46,673 [DEBUG] WellApp.balance: Площадь затруба A_annulus=0.023561944901923454; V_a=20.015243715531305
2025-11-25 03:41:46,673 [DEBUG] WellApp.balance: === Расчёт calculate_balance завершён успешно ===
2025-11-25 03:41:46,673 [DEBUG] WellApp.gui: Результаты расчёта равновесия: h_t=637.10499490316, h_a=849.4733265375467, V_t=5.003810928882825, V_a=20.015243715531305
2025-11-25 04:10:47,561 [DEBUG] WellApp: Логгер WellApp настроен. Файл лога: C:\Users\pasha\OneDrive\Рабочий стол\WellLib\csg\program_debug.log
2025-11-25 04:10:47,582 [INFO] WellApp.gui: Запуск WellApp из csg.py
2025-11-25 04:10:47,625 [DEBUG] WellApp.gui: Инициализация WellApp
2025-11-25 04:10:47,634 [DEBUG] WellApp.trajectory: Инициализация TrajectoryTab
2025-11-25 04:10:47,884 [DEBUG] WellApp.trajectory: Добавлена точка траектории, всего строк: 1
2025-11-25 04:20:12,381 [DEBUG] WellApp: Логгер WellApp настроен. Файл лога: C:\Users\pasha\OneDrive\Рабочий стол\WellLib\csg\program_debug.log
2025-11-25 04:20:25,332 [DEBUG] WellApp: Логгер WellApp настроен. Файл лога: C:\Users\pasha\OneDrive\Рабочий стол\WellLib\csg\program_debug.log
2025-11-25 04:21:52,834 [DEBUG] WellApp: Логгер WellApp настроен. Файл лога: C:\Users\pasha\OneDrive\Рабочий стол\WellLib\csg\program_debug.log
2025-11-25 04:22:14,041 [DEBUG] WellApp: Логгер WellApp настроен. Файл лога: C:\Users\pasha\OneDrive\Рабочий стол\WellLib\csg\program_debug.log
2025-11-25 04:22:17,269 [DEBUG] WellApp: Логгер WellApp настроен. Файл лога: C:\Users\pasha\OneDrive\Рабочий стол\WellLib\csg\program_debug.log
2025-11-25 04:23:35,778 [DEBUG] WellApp: Логгер WellApp настроен. Файл лога: C:\Users\pasha\OneDrive\Рабочий стол\WellLib\csg\program_debug.log
2025-11-25 04:23:35,789 [INFO] WellApp.gui: Запуск WellApp из csg.py
2025-11-25 04:23:35,833 [DEBUG] WellApp.gui: Инициализация WellApp
2025-11-25 04:23:35,836 [DEBUG] WellApp.graphics: visible_bha элементов: 0
2025-11-25 04:23:35,836 [DEBUG] WellApp.trajectory: Инициализация TrajectoryTab
2025-11-25 04:23:36,052 [DEBUG] WellApp.trajectory: Добавлена точка траектории, всего строк: 1
2025-11-25 04:23:36,055 [DEBUG] WellApp.gui: Инициализация BalanceTab
2025-11-25 04:23:36,065 [DEBUG] WellApp.gui: Инициализация вкладки 'Жидкости'
2025-11-25 04:23:36,067 [DEBUG] WellApp.gui: populate_fluid_combos: обновлено 1 жидкостей
2025-11-25 04:23:36,067 [DEBUG] WellApp.gui: Добавлена жидкость: Раствор 1, 1.2 г/см³, тип Раствор
2025-11-25 04:23:36,067 [DEBUG] WellApp.gui: populate_fluid_combos: обновлено 1 жидкостей
2025-11-25 04:23:36,067 [DEBUG] WellApp.gui: Инициализация вкладки 'Конструкция'
2025-11-25 04:23:36,069 [DEBUG] WellApp.gui: Добавлена строка колонны, всего строк: 1
2025-11-25 04:23:36,070 [DEBUG] WellApp.gui: Инициализация вкладки 'КНБК'
2025-11-25 04:23:36,071 [DEBUG] WellApp.gui: Добавлена строка КНБК, всего строк: 1
2025-11-25 04:23:36,071 [DEBUG] WellApp.gui: Инициализация вкладки 'Объёмы'
2025-11-25 04:24:02,336 [DEBUG] WellApp.utils: normalize_bha_name: 'Drill Pipe' -> 'Drill Pipe'
2025-11-25 04:24:02,336 [DEBUG] WellApp.utils: normalize_bha_name: 'Heavy Weight' -> 'Heavy Weight'
2025-11-25 04:24:02,337 [DEBUG] WellApp.utils: normalize_bha_name: 'Drill Collar' -> 'Drill Collar'
2025-11-25 04:24:02,337 [DEBUG] WellApp.utils: normalize_bha_name: 'Mud Motor' -> 'Mud Motor'
2025-11-25 04:24:02,337 [DEBUG] WellApp.utils: normalize_bha_name: 'Bit' -> 'Bit'
2025-11-25 04:24:02,337 [DEBUG] WellApp.gui: Из буфера вставлено элементов КНБК: 5
2025-11-25 04:24:09,456 [DEBUG] WellApp.trajectory: Очистка таблицы траектории
2025-11-25 04:24:09,744 [DEBUG] WellApp.trajectory: paste: вставка траектории из буфера, длина текста=39
2025-11-25 04:24:09,744 [DEBUG] WellApp.trajectory: Очистка таблицы траектории
2025-11-25 04:24:09,744 [DEBUG] WellApp.trajectory: load_from_text: обработка 4 строк
2025-11-25 04:24:09,745 [DEBUG] WellApp.gui: get_max_tvd: прочитан TVD=2233.86
2025-11-25 04:24:38,358 [DEBUG] WellApp.gui: Добавлена строка колонны, всего строк: 2
2025-11-25 04:24:53,770 [DEBUG] WellApp.gui: Добавлена строка Open Hole, всего строк: 1
2025-11-25 04:25:31,304 [DEBUG] WellApp.gui: Удалено строк: 1 из таблицы <PyQt5.QtWidgets.QTableWidget object at 0x000002053EDBCDD0>
2025-11-25 04:25:34,299 [DEBUG] WellApp.gui: Старт расчёта объёмов и построения схемы
2025-11-25 04:25:34,299 [DEBUG] WellApp.utils: compute_casing_params -> OD=245.000, ID=216.000, wall=14.500
2025-11-25 04:25:34,299 [WARNING] WellApp.geom: Casing 'Open Hole': ID >= OD (id=215.900 мм, od=215.900 мм) — проверьте данные
2025-11-25 04:25:34,299 [DEBUG] WellApp.utils: normalize_bha_name: 'Drill Pipe' -> 'Drill Pipe'
2025-11-25 04:25:34,299 [DEBUG] WellApp.utils: normalize_bha_name: 'Heavy Weight' -> 'Heavy Weight'
2025-11-25 04:25:34,299 [DEBUG] WellApp.utils: normalize_bha_name: 'Drill Collar' -> 'Drill Collar'
2025-11-25 04:25:34,299 [DEBUG] WellApp.utils: normalize_bha_name: 'Mud Motor' -> 'Mud Motor'
2025-11-25 04:25:34,300 [DEBUG] WellApp.utils: normalize_bha_name: 'Bit' -> 'Bit'
2025-11-25 04:25:34,300 [DEBUG] WellApp.gui: Скорректирована длина верхнего элемента КНБК на 410.000 м для соответствия глубине конструкции
2025-11-25 04:25:34,300 [DEBUG] WellApp.gui: Добавлен Fluid: Раствор 1, Раствор, 1.2, <PyQt5.QtGui.QColor object at 0x000002053C0A1470>
2025-11-25 04:25:34,300 [DEBUG] WellApp.gui: Итоговое содержимое fluids: ['Раствор 1']
2025-11-25 04:25:34,300 [DEBUG] WellApp.volumes: calculate_volumes: старт расчёта, casings=2, bha=4
2025-11-25 04:25:34,300 [DEBUG] WellApp.volumes: calculate_volumes: завершено. V_casings=91.558, V_bha_int=0.000, V_bha_disp=16.974, V_annulus=74.584
2025-11-25 04:25:34,320 [DEBUG] WellApp.graphics: visible_bha элементов: 4
2025-11-25 04:25:34,320 [DEBUG] WellApp.graphics: BHA элемент (снизу вверх): Mud Motor, L=10.00, OD=70.0
2025-11-25 04:25:34,331 [DEBUG] WellApp.graphics: BHA элемент (снизу вверх): Drill Collar, L=80.00, OD=76.0
2025-11-25 04:25:34,341 [DEBUG] WellApp.graphics: BHA элемент (снизу вверх): Heavy Weight, L=200.00, OD=76.0
2025-11-25 04:25:34,350 [DEBUG] WellApp.graphics: BHA элемент (снизу вверх): Drill Pipe, L=2210.00, OD=95.0
2025-11-25 04:25:34,362 [DEBUG] WellApp.gui: Расчёт объёмов и обновление схемы завершены успешно
2025-11-25 04:25:54,287 [DEBUG] WellApp.gui: Переключение на вкладку 'Равновесие'
2025-11-25 04:25:54,288 [DEBUG] WellApp.gui: populate_fluid_combos: обновлено 1 жидкостей
2025-11-25 04:25:54,288 [DEBUG] WellApp.gui: get_max_tvd: прочитан TVD=2233.86
2025-11-25 04:25:56,039 [DEBUG] WellApp.gui: run_balance_calc: запуск
2025-11-25 04:25:57,174 [WARNING] WellApp.gui: run_balance_calc: не введено пластовое давление
2025-11-25 04:26:00,295 [DEBUG] WellApp.gui: run_balance_calc: запуск
2025-11-25 04:26:00,295 [DEBUG] WellApp.gui: get_max_tvd: прочитан TVD=2233.86
2025-11-25 04:26:00,296 [DEBUG] WellApp.gui: run_balance_calc: tubing=Раствор 1 (ρ=1.200), annulus=Раствор 1 (ρ=1.200)
2025-11-25 04:26:00,296 [DEBUG] WellApp.balance: === Запуск calculate_balance ===
2025-11-25 04:26:00,296 [DEBUG] WellApp.balance: Входные: P_res=10000000.0, depth_hint_m=2233.86, max_tvd_m(вход)=None, D_tubing_mm=100.0, D_well_mm=200.0, D_knbk_mm=0.0, L_knbk_m=0.0
2025-11-25 04:26:00,296 [DEBUG] WellApp.balance: effective_max_tvd=2233.86
2025-11-25 04:26:00,296 [DEBUG] WellApp.balance: Плотности: rho_t=1200.0, rho_a=1200.0
2025-11-25 04:26:00,296 [DEBUG] WellApp.balance: Высоты (до ограничений): h_t=424.7366632687734, h_a=424.7366632687734
2025-11-25 04:26:00,296 [DEBUG] WellApp.balance: Высоты (после ограничений): h_t=424.7366632687734, h_a=424.7366632687734
2025-11-25 04:26:00,297 [DEBUG] WellApp.balance: Давления: p_t=5000000.0, p_a=5000000.0, p_total=10000000.0; diff_channels=0.0, diff_reservoir=0.0
2025-11-25 04:26:00,297 [DEBUG] WellApp.balance: Геометрия (м): D_t_id=0.1, D_w=0.2, D_k_od=0.0, L_knbk_m=0.0
2025-11-25 04:26:00,297 [DEBUG] WellApp.balance: Площадь трубы A_full=0.007853981633974483; V_t=3.3358739525885506
2025-11-25 04:26:00,297 [DEBUG] WellApp.balance: Площадь затруба A_annulus=0.023561944901923454; V_a=10.007621857765654
2025-11-25 04:26:00,297 [DEBUG] WellApp.balance: === Расчёт calculate_balance завершён успешно ===
2025-11-25 04:26:00,297 [DEBUG] WellApp.gui: Результаты расчёта равновесия: h_t=424.7366632687734, h_a=424.7366632687734, V_t=3.3358739525885506, V_a=10.007621857765654
2025-11-25 04:26:00,297 [DEBUG] WellApp.gui: Высоты столбов: h_t=424.74 м TVD (~431.29 м MD), h_a=424.74 м TVD (~431.29 м MD), max_md=2500.00
2025-11-25 04:26:00,297 [DEBUG] WellApp.graphics: set_balance_state: h_t_md=431.29, h_a_md=431.29, max_md=2500.00, name_t=Раствор 1, name_a=Раствор 1
2025-11-25 04:26:00,298 [DEBUG] WellApp.graphics: draw_balance_columns: столбы жидкости отрисованы
2025-11-25 16:37:32,959 [DEBUG] WellApp: Логгер WellApp настроен. Файл лога: C:\Users\pasha\OneDrive\Рабочий стол\WellLib\csg\program_debug.log
2025-11-25 16:37:32,965 [INFO] WellApp.gui: Запуск WellApp из csg.py
2025-11-25 16:37:33,000 [DEBUG] WellApp.gui: Инициализация WellApp
2025-11-25 16:37:33,002 [DEBUG] WellApp.graphics: visible_bha элементов: 0
2025-11-25 16:37:33,002 [DEBUG] WellApp.trajectory: Инициализация TrajectoryTab
2025-11-25 16:37:33,236 [DEBUG] WellApp.trajectory: Добавлена точка траектории, всего строк: 1
2025-11-25 16:37:33,238 [DEBUG] WellApp.gui: Инициализация BalanceTab
2025-11-25 16:37:33,249 [DEBUG] WellApp.gui: Инициализация вкладки 'Жидкости'
2025-11-25 16:37:33,251 [DEBUG] WellApp.gui: populate_fluid_combos: обновлено 1 жидкостей
2025-11-25 16:37:33,251 [DEBUG] WellApp.gui: Добавлена жидкость: Раствор 1, 1.2 г/см³, тип Раствор
2025-11-25 16:37:33,251 [DEBUG] WellApp.gui: populate_fluid_combos: обновлено 1 жидкостей
2025-11-25 16:37:33,252 [DEBUG] WellApp.gui: Инициализация вкладки 'Конструкция'
2025-11-25 16:37:33,254 [DEBUG] WellApp.gui: Добавлена строка колонны, всего строк: 1
2025-11-25 16:37:33,254 [DEBUG] WellApp.gui: Инициализация вкладки 'КНБК'
2025-11-25 16:37:33,255 [DEBUG] WellApp.gui: Добавлена строка КНБК, всего строк: 1
2025-11-25 16:37:33,255 [DEBUG] WellApp.gui: Инициализация вкладки 'Объёмы'
2025-11-26 16:50:08,511 [DEBUG] WellApp: Логгер WellApp настроен. Файл лога: C:\Users\pasha\OneDrive\Рабочий стол\WellLib\csg\program_debug.log
2025-11-26 16:50:08,521 [INFO] WellApp.gui: Запуск WellApp из csg.py
2025-11-26 16:50:08,558 [DEBUG] WellApp.gui: Инициализация WellApp
2025-11-26 16:50:08,560 [DEBUG] WellApp.graphics: visible_bha элементов: 0
2025-11-26 16:50:08,560 [DEBUG] WellApp.trajectory: Инициализация TrajectoryTab
2025-11-26 16:50:08,724 [DEBUG] WellApp.trajectory: Добавлена точка траектории, всего строк: 1
2025-11-26 16:50:08,726 [DEBUG] WellApp.gui: Инициализация BalanceTab
2025-11-26 16:50:08,739 [DEBUG] WellApp.gui: Инициализация вкладки 'Жидкости'
2025-11-26 16:50:08,742 [DEBUG] WellApp.gui: populate_fluid_combos: обновлено 1 жидкостей
2025-11-26 16:50:08,742 [DEBUG] WellApp.gui: Добавлена жидкость: Раствор 1, 1.2 г/см³, тип Раствор
2025-11-26 16:50:08,742 [DEBUG] WellApp.gui: populate_fluid_combos: обновлено 1 жидкостей
2025-11-26 16:50:08,742 [DEBUG] WellApp.gui: Инициализация вкладки 'Конструкция'
2025-11-26 16:50:08,744 [DEBUG] WellApp.gui: Добавлена строка колонны, всего строк: 1
2025-11-26 16:50:08,744 [DEBUG] WellApp.gui: Инициализация вкладки 'КНБК'
2025-11-26 16:50:08,745 [DEBUG] WellApp.gui: Добавлена строка КНБК, всего строк: 1
2025-11-26 16:50:08,745 [DEBUG] WellApp.gui: Инициализация вкладки 'Объёмы'
2025-11-26 16:50:37,054 [DEBUG] WellApp.gui: paste_bha_from_clipboard: сырая строка='Drill Pipe\t1800.0\t127.0\t95.0', parts=['Drill Pipe', '1800.0', '127.0', '95.0']
2025-11-26 16:50:37,055 [DEBUG] WellApp.utils: normalize_bha_name: 'Drill Pipe' -> 'Drill Pipe'
2025-11-26 16:50:37,055 [DEBUG] WellApp.gui: paste_bha_from_clipboard: сырая строка='Heavy Weight\t200.0\t139.7\t76.0', parts=['Heavy Weight', '200.0', '139.7', '76.0']
2025-11-26 16:50:37,055 [DEBUG] WellApp.utils: normalize_bha_name: 'Heavy Weight' -> 'Heavy Weight'
2025-11-26 16:50:37,055 [DEBUG] WellApp.gui: paste_bha_from_clipboard: сырая строка='Drill Collar\t80.0\t203.0\t76.0', parts=['Drill Collar', '80.0', '203.0', '76.0']
2025-11-26 16:50:37,055 [DEBUG] WellApp.utils: normalize_bha_name: 'Drill Collar' -> 'Drill Collar'
2025-11-26 16:50:37,055 [DEBUG] WellApp.gui: paste_bha_from_clipboard: сырая строка='Mud Motor\t10.0\t172.0\t70.0', parts=['Mud Motor', '10.0', '172.0', '70.0']
2025-11-26 16:50:37,055 [DEBUG] WellApp.utils: normalize_bha_name: 'Mud Motor' -> 'Mud Motor'
2025-11-26 16:50:37,056 [DEBUG] WellApp.gui: paste_bha_from_clipboard: сырая строка='Bit\t0.3\t215.9\t0.0', parts=['Bit', '0.3', '215.9', '0.0']
2025-11-26 16:50:37,056 [DEBUG] WellApp.utils: normalize_bha_name: 'Bit' -> 'Bit'
2025-11-26 16:50:37,056 [DEBUG] WellApp.gui: Из буфера вставлено элементов КНБК: 5
2025-11-26 16:50:50,674 [DEBUG] WellApp.gui: Добавлена строка Open Hole, всего строк: 1
2025-11-26 16:50:55,651 [DEBUG] WellApp.gui: Старт расчёта объёмов и построения схемы
2025-11-26 16:50:55,652 [DEBUG] WellApp.utils: compute_casing_params -> OD=245.000, ID=226.000, wall=9.500
2025-11-26 16:50:55,652 [WARNING] WellApp.geom: Casing 'Open Hole': ID >= OD (id=230.000 мм, od=230.000 мм) — проверьте данные
2025-11-26 16:50:55,652 [DEBUG] WellApp.utils: normalize_bha_name: 'Drill Pipe' -> 'Drill Pipe'
2025-11-26 16:50:55,653 [DEBUG] WellApp.utils: normalize_bha_name: 'Heavy Weight' -> 'Heavy Weight'
2025-11-26 16:50:55,653 [DEBUG] WellApp.utils: normalize_bha_name: 'Drill Collar' -> 'Drill Collar'
2025-11-26 16:50:55,653 [DEBUG] WellApp.utils: normalize_bha_name: 'Mud Motor' -> 'Mud Motor'
2025-11-26 16:50:55,653 [DEBUG] WellApp.utils: normalize_bha_name: 'Bit' -> 'Bit'
2025-11-26 16:50:55,654 [DEBUG] WellApp.gui: Скорректирована длина верхнего элемента КНБК на 254.700 м для соответствия глубине конструкции
2025-11-26 16:50:55,660 [DEBUG] WellApp.gui: Добавлен Fluid: Раствор 1, Раствор, 1.2, <PyQt5.QtGui.QColor object at 0x000002EBD65D15C0>
2025-11-26 16:50:55,660 [DEBUG] WellApp.gui: Итоговое содержимое fluids: ['Раствор 1']
2025-11-26 16:50:55,661 [DEBUG] WellApp.volumes: calculate_volumes: старт расчёта, casings=2, bha=5
2025-11-26 16:50:55,661 [DEBUG] WellApp.volumes: calculate_volumes: завершено. V_casings=95.996, V_bha_int=15.873, V_bha_disp=31.926, V_annulus=64.070
2025-11-26 16:50:55,684 [DEBUG] WellApp.graphics: visible_bha элементов: 5
2025-11-26 16:50:55,684 [DEBUG] WellApp.graphics: BHA элемент (снизу вверх): Bit, L=0.30, OD=215.9
2025-11-26 16:50:55,694 [DEBUG] WellApp.graphics: BHA элемент (снизу вверх): Mud Motor, L=10.00, OD=172.0
2025-11-26 16:50:55,703 [DEBUG] WellApp.graphics: BHA элемент (снизу вверх): Drill Collar, L=80.00, OD=203.0
2025-11-26 16:50:55,712 [DEBUG] WellApp.graphics: BHA элемент (снизу вверх): Heavy Weight, L=200.00, OD=139.7
2025-11-26 16:50:55,721 [DEBUG] WellApp.graphics: BHA элемент (снизу вверх): Drill Pipe, L=2054.70, OD=127.0
2025-11-26 16:50:55,737 [DEBUG] WellApp.gui: Расчёт объёмов и обновление схемы завершены успешно
2025-11-26 16:50:58,532 [DEBUG] WellApp.gui: Переключение на вкладку 'Равновесие'
2025-11-26 16:50:58,533 [DEBUG] WellApp.gui: populate_fluid_combos: обновлено 1 жидкостей
2025-11-26 16:50:58,533 [DEBUG] WellApp.gui: get_max_tvd: прочитан TVD=0.0
2025-11-26 16:51:04,032 [DEBUG] WellApp.gui: run_balance_calc: запуск
2025-11-26 16:51:04,032 [DEBUG] WellApp.gui: get_max_tvd: прочитан TVD=0.0
2025-11-26 16:51:06,243 [WARNING] WellApp.gui: run_balance_calc: TVD <= 0 (depth=0.0)
2025-11-26 16:51:12,338 [DEBUG] WellApp.trajectory: Очистка таблицы траектории
2025-11-26 16:51:12,732 [DEBUG] WellApp.trajectory: paste: вставка траектории из буфера, длина текста=39
2025-11-26 16:51:12,732 [DEBUG] WellApp.trajectory: Очистка таблицы траектории
2025-11-26 16:51:12,732 [DEBUG] WellApp.trajectory: load_from_text: обработка 4 строк
2025-11-26 16:51:12,732 [DEBUG] WellApp.gui: get_max_tvd: прочитан TVD=2233.86
2025-11-26 16:51:13,607 [DEBUG] WellApp.gui: run_balance_calc: запуск
2025-11-26 16:51:13,607 [DEBUG] WellApp.gui: get_max_tvd: прочитан TVD=2233.86
2025-11-26 16:51:13,612 [DEBUG] WellApp.gui: run_balance_calc: tubing=Раствор 1 (ρ=1.200), annulus=Раствор 1 (ρ=1.200)
2025-11-26 16:51:13,612 [DEBUG] WellApp.balance: === Запуск calculate_balance ===
2025-11-26 16:51:13,612 [DEBUG] WellApp.balance: Входные: P_res=10000000.0, depth_hint_m=2233.86, max_tvd_m(вход)=None, D_tubing_mm=100.0, D_well_mm=200.0, D_knbk_mm=0.0, L_knbk_m=0.0
2025-11-26 16:51:13,613 [DEBUG] WellApp.balance: effective_max_tvd=2233.86
2025-11-26 16:51:13,613 [DEBUG] WellApp.balance: Плотности: rho_t=1200.0, rho_a=1200.0
2025-11-26 16:51:13,613 [DEBUG] WellApp.balance: Высоты (до ограничений): h_t=424.7366632687734, h_a=424.7366632687734
2025-11-26 16:51:13,613 [DEBUG] WellApp.balance: Высоты (после ограничений): h_t=424.7366632687734, h_a=424.7366632687734
2025-11-26 16:51:13,613 [DEBUG] WellApp.balance: Давления: p_t=5000000.0, p_a=5000000.0, p_total=10000000.0; diff_channels=0.0, diff_reservoir=0.0
2025-11-26 16:51:13,614 [DEBUG] WellApp.balance: Геометрия (м): D_t_id=0.1, D_w=0.2, D_k_od=0.0, L_knbk_m=0.0
2025-11-26 16:51:13,614 [DEBUG] WellApp.balance: Площадь трубы A_full=0.007853981633974483; V_t=3.3358739525885506
2025-11-26 16:51:13,614 [DEBUG] WellApp.balance: Площадь затруба A_annulus=0.023561944901923454; V_a=10.007621857765654
2025-11-26 16:51:13,614 [DEBUG] WellApp.balance: === Расчёт calculate_balance завершён успешно ===
2025-11-26 16:51:13,614 [DEBUG] WellApp.gui: Результаты расчёта равновесия: h_t=424.7366632687734, h_a=424.7366632687734, V_t=3.3358739525885506, V_a=10.007621857765654
2025-11-26 16:51:13,614 [DEBUG] WellApp.gui: Высоты столбов: h_t=424.74 м TVD (~431.29 м MD), h_a=424.74 м TVD (~431.29 м MD), max_md=2500.00
2025-11-26 16:51:13,615 [DEBUG] WellApp.graphics: set_balance_state: h_t_md=431.29, h_a_md=431.29, max_md=2500.00, name_t=Раствор 1, name_a=Раствор 1
2025-11-26 16:51:13,615 [DEBUG] WellApp.graphics: draw_balance_columns: столбы жидкости отрисованы
2025-11-26 17:15:00,156 [DEBUG] WellApp: Логгер WellApp настроен. Файл лога: C:\Users\pasha\OneDrive\Рабочий стол\WellLib\csg\program_debug.log
2025-11-26 17:15:00,194 [INFO] WellApp.gui: Запуск WellApp из csg.py
2025-11-26 17:15:00,233 [DEBUG] WellApp.gui: Инициализация WellApp
2025-11-26 17:15:00,235 [DEBUG] WellApp.graphics: BHA элементов (снизу вверх): []
2025-11-26 17:15:00,236 [DEBUG] WellApp.trajectory: Инициализация TrajectoryTab
2025-11-26 17:15:00,439 [DEBUG] WellApp.trajectory: Добавлена точка траектории, всего строк: 1
2025-11-26 17:15:00,441 [DEBUG] WellApp.gui: Инициализация BalanceTab
2025-11-26 17:15:00,451 [DEBUG] WellApp.gui: Инициализация вкладки 'Жидкости'
2025-11-26 17:15:00,452 [DEBUG] WellApp.gui: populate_fluid_combos: обновлено 1 жидкостей
2025-11-26 17:15:00,453 [DEBUG] WellApp.gui: Добавлена жидкость: Раствор 1, 1.2 г/см³, тип Раствор
2025-11-26 17:15:00,453 [DEBUG] WellApp.gui: populate_fluid_combos: обновлено 1 жидкостей
2025-11-26 17:15:00,453 [DEBUG] WellApp.gui: Инициализация вкладки 'Конструкция'
2025-11-26 17:15:00,457 [DEBUG] WellApp.gui: Добавлена строка колонны, всего строк: 1
2025-11-26 17:15:00,457 [DEBUG] WellApp.gui: Инициализация вкладки 'КНБК'
2025-11-26 17:15:00,458 [DEBUG] WellApp.gui: Добавлена строка КНБК, всего строк: 1
2025-11-26 17:15:00,458 [DEBUG] WellApp.gui: Инициализация вкладки 'Объёмы'
2025-11-26 17:15:09,446 [DEBUG] WellApp.gui: paste_bha_from_clipboard: сырая строка='Drill Pipe\t1800.0\t127.0\t95.0', parts=['Drill Pipe', '1800.0', '127.0', '95.0']
2025-11-26 17:15:09,446 [DEBUG] WellApp.utils: normalize_bha_name: 'Drill Pipe' -> 'Drill Pipe'
2025-11-26 17:15:09,447 [DEBUG] WellApp.gui: paste_bha_from_clipboard: сырая строка='Heavy Weight\t200.0\t139.7\t76.0', parts=['Heavy Weight', '200.0', '139.7', '76.0']
2025-11-26 17:15:09,447 [DEBUG] WellApp.utils: normalize_bha_name: 'Heavy Weight' -> 'Heavy Weight'
2025-11-26 17:15:09,447 [DEBUG] WellApp.gui: paste_bha_from_clipboard: сырая строка='Drill Collar\t80.0\t203.0\t76.0', parts=['Drill Collar', '80.0', '203.0', '76.0']
2025-11-26 17:15:09,447 [DEBUG] WellApp.utils: normalize_bha_name: 'Drill Collar' -> 'Drill Collar'
2025-11-26 17:15:09,447 [DEBUG] WellApp.gui: paste_bha_from_clipboard: сырая строка='Mud Motor\t10.0\t172.0\t70.0', parts=['Mud Motor', '10.0', '172.0', '70.0']
2025-11-26 17:15:09,447 [DEBUG] WellApp.utils: normalize_bha_name: 'Mud Motor' -> 'Mud Motor'
2025-11-26 17:15:09,447 [DEBUG] WellApp.gui: paste_bha_from_clipboard: сырая строка='Bit\t0.3\t215.9\t0.0', parts=['Bit', '0.3', '215.9', '0.0']
2025-11-26 17:15:09,448 [DEBUG] WellApp.utils: normalize_bha_name: 'Bit' -> 'Bit'
2025-11-26 17:15:09,448 [DEBUG] WellApp.gui: Из буфера вставлено элементов КНБК: 5
2025-11-26 17:15:14,646 [DEBUG] WellApp.trajectory: Очистка таблицы траектории
2025-11-26 17:15:14,976 [DEBUG] WellApp.trajectory: paste: вставка траектории из буфера, длина текста=39
2025-11-26 17:15:14,977 [DEBUG] WellApp.trajectory: Очистка таблицы траектории
2025-11-26 17:15:14,977 [DEBUG] WellApp.trajectory: load_from_text: обработка 4 строк
2025-11-26 17:15:14,977 [DEBUG] WellApp.gui: get_max_tvd: прочитан TVD=2233.86
2025-11-26 17:15:23,642 [DEBUG] WellApp.gui: Добавлена строка Open Hole, всего строк: 1
2025-11-26 17:15:32,521 [DEBUG] WellApp.gui: populate_fluid_combos: обновлено 2 жидкостей
2025-11-26 17:15:32,522 [DEBUG] WellApp.gui: Добавлена жидкость: Раствор 2, 1.2 г/см³, тип Раствор
2025-11-26 17:15:32,522 [DEBUG] WellApp.gui: populate_fluid_combos: обновлено 2 жидкостей
2025-11-26 17:15:32,522 [DEBUG] WellApp.gui: populate_fluid_combos: обновлено 2 жидкостей
2025-11-26 17:15:32,523 [DEBUG] WellApp.gui: populate_fluid_combos: обновлено 2 жидкостей
2025-11-26 17:15:35,543 [DEBUG] WellApp.gui: populate_fluid_combos: обновлено 2 жидкостей
2025-11-26 17:15:37,262 [DEBUG] WellApp.gui: Старт расчёта объёмов и построения схемы
2025-11-26 17:15:37,263 [DEBUG] WellApp.utils: compute_casing_params -> OD=245.000, ID=226.000, wall=9.500
2025-11-26 17:15:37,263 [WARNING] WellApp.geom: Casing 'Open Hole': ID >= OD (id=230.000 мм, od=230.000 мм) — проверьте данные
2025-11-26 17:15:37,263 [DEBUG] WellApp.utils: normalize_bha_name: 'Drill Pipe' -> 'Drill Pipe'
2025-11-26 17:15:37,263 [DEBUG] WellApp.utils: normalize_bha_name: 'Heavy Weight' -> 'Heavy Weight'
2025-11-26 17:15:37,263 [DEBUG] WellApp.utils: normalize_bha_name: 'Drill Collar' -> 'Drill Collar'
2025-11-26 17:15:37,263 [DEBUG] WellApp.utils: normalize_bha_name: 'Mud Motor' -> 'Mud Motor'
2025-11-26 17:15:37,263 [DEBUG] WellApp.utils: normalize_bha_name: 'Bit' -> 'Bit'
2025-11-26 17:15:37,263 [DEBUG] WellApp.gui: Скорректирована длина верхнего элемента КНБК на 254.700 м для соответствия глубине конструкции
2025-11-26 17:15:37,263 [DEBUG] WellApp.gui: Добавлен Fluid: Раствор 1, Раствор, 1.2, <PyQt5.QtGui.QColor object at 0x0000024026711470>
2025-11-26 17:15:37,264 [DEBUG] WellApp.gui: Добавлен Fluid: Раствор 2, Раствор, 1.5, <PyQt5.QtGui.QColor object at 0x00000240267116A0>
2025-11-26 17:15:37,264 [DEBUG] WellApp.gui: Итоговое содержимое fluids: ['Раствор 1', 'Раствор 2']
2025-11-26 17:15:37,264 [DEBUG] WellApp.volumes: calculate_volumes: старт расчёта, casings=2, bha=5
2025-11-26 17:15:37,264 [DEBUG] WellApp.volumes: calculate_volumes: завершено. V_casings=95.996, V_bha_int=15.873, V_bha_disp=31.926, V_annulus=64.070
2025-11-26 17:15:37,265 [DEBUG] WellApp.graphics: BHA элементов (снизу вверх): ['Drill Pipe L=2054.70, OD=127.0', 'Heavy Weight L=200.00, OD=139.7', 'Drill Collar L=80.00, OD=203.0', 'Mud Motor L=10.00, OD=172.0', 'Bit L=0.30, OD=215.9']
2025-11-26 17:15:37,271 [DEBUG] WellApp.gui: Расчёт объёмов и обновление схемы завершены успешно
2025-11-26 17:15:39,243 [DEBUG] WellApp.gui: Переключение на вкладку 'Равновесие'
2025-11-26 17:15:39,243 [DEBUG] WellApp.gui: populate_fluid_combos: обновлено 2 жидкостей
2025-11-26 17:15:39,244 [DEBUG] WellApp.gui: get_max_tvd: прочитан TVD=2233.86
2025-11-26 17:15:44,260 [DEBUG] WellApp.gui: run_balance_calc: запуск
2025-11-26 17:15:44,261 [DEBUG] WellApp.gui: get_max_tvd: прочитан TVD=2233.86
2025-11-26 17:15:44,261 [DEBUG] WellApp.gui: run_balance_calc: tubing=Раствор 1 (ρ=1.200), annulus=Раствор 2 (ρ=1.500)
2025-11-26 17:15:44,261 [DEBUG] WellApp.balance: === Запуск calculate_balance ===
2025-11-26 17:15:44,261 [DEBUG] WellApp.balance: Входные: P_res=20000000.0, depth_hint_m=2233.86, max_tvd_m(вход)=None, D_tubing_mm=100.0, D_well_mm=200.0, D_knbk_mm=0.0, L_knbk_m=0.0
2025-11-26 17:15:44,262 [DEBUG] WellApp.balance: effective_max_tvd=2233.86
2025-11-26 17:15:44,262 [DEBUG] WellApp.balance: Плотности: rho_t=1200.0, rho_a=1500.0
2025-11-26 17:15:44,262 [DEBUG] WellApp.balance: Высоты (до ограничений): h_t=849.4733265375468, h_a=679.5786612300375
2025-11-26 17:15:44,262 [DEBUG] WellApp.balance: Высоты (после ограничений): h_t=849.4733265375468, h_a=679.5786612300375
2025-11-26 17:15:44,262 [DEBUG] WellApp.balance: Давления: p_t=10000000.0, p_a=10000000.000000002, p_total=20000000.0; diff_channels=1.862645149230957e-09, diff_reservoir=0.0
2025-11-26 17:15:44,262 [DEBUG] WellApp.balance: Геометрия (м): D_t_id=0.1, D_w=0.2, D_k_od=0.0, L_knbk_m=0.0
2025-11-26 17:15:44,263 [DEBUG] WellApp.balance: Площадь трубы A_full=0.007853981633974483; V_t=6.671747905177101
2025-11-26 17:15:44,263 [DEBUG] WellApp.balance: Площадь затруба A_annulus=0.023561944901923454; V_a=16.012194972425046
2025-11-26 17:15:44,263 [DEBUG] WellApp.balance: === Расчёт calculate_balance завершён успешно ===
2025-11-26 17:15:44,263 [DEBUG] WellApp.gui: Результаты расчёта равновесия: h_t(TVD)=849.47, h_a(TVD)=679.58, V_t=6.672, V_a=16.012
2025-11-26 17:15:44,282 [DEBUG] WellApp.graphics: draw_fluids: нарисованы столбы h_t=862.58 м, h_a=690.06 м (bottom_y=2345.00, total_depth_md=2345.00)
2025-11-26 17:15:57,613 [DEBUG] WellApp.gui: run_balance_calc: запуск
2025-11-26 17:15:57,613 [DEBUG] WellApp.gui: get_max_tvd: прочитан TVD=2233.86
2025-11-26 17:15:57,614 [DEBUG] WellApp.gui: run_balance_calc: tubing=Раствор 1 (ρ=1.200), annulus=Раствор 1 (ρ=1.200)
2025-11-26 17:15:57,614 [DEBUG] WellApp.balance: === Запуск calculate_balance ===
2025-11-26 17:15:57,614 [DEBUG] WellApp.balance: Входные: P_res=20000000.0, depth_hint_m=2233.86, max_tvd_m(вход)=None, D_tubing_mm=100.0, D_well_mm=200.0, D_knbk_mm=0.0, L_knbk_m=0.0
2025-11-26 17:15:57,614 [DEBUG] WellApp.balance: effective_max_tvd=2233.86
2025-11-26 17:15:57,614 [DEBUG] WellApp.balance: Плотности: rho_t=1200.0, rho_a=1200.0
2025-11-26 17:15:57,614 [DEBUG] WellApp.balance: Высоты (до ограничений): h_t=849.4733265375468, h_a=849.4733265375468
2025-11-26 17:15:57,615 [DEBUG] WellApp.balance: Высоты (после ограничений): h_t=849.4733265375468, h_a=849.4733265375468
2025-11-26 17:15:57,615 [DEBUG] WellApp.balance: Давления: p_t=10000000.0, p_a=10000000.0, p_total=20000000.0; diff_channels=0.0, diff_reservoir=0.0
2025-11-26 17:15:57,615 [DEBUG] WellApp.balance: Геометрия (м): D_t_id=0.1, D_w=0.2, D_k_od=0.0, L_knbk_m=0.0
2025-11-26 17:15:57,615 [DEBUG] WellApp.balance: Площадь трубы A_full=0.007853981633974483; V_t=6.671747905177101
2025-11-26 17:15:57,615 [DEBUG] WellApp.balance: Площадь затруба A_annulus=0.023561944901923454; V_a=20.01524371553131
2025-11-26 17:15:57,615 [DEBUG] WellApp.balance: === Расчёт calculate_balance завершён успешно ===
2025-11-26 17:15:57,615 [DEBUG] WellApp.gui: Результаты расчёта равновесия: h_t(TVD)=849.47, h_a(TVD)=849.47, V_t=6.672, V_a=20.015
2025-11-26 17:15:57,621 [DEBUG] WellApp.graphics: draw_fluids: нарисованы столбы h_t=862.58 м, h_a=862.58 м (bottom_y=2345.00, total_depth_md=2345.00)
2025-11-26 17:23:14,202 [DEBUG] WellApp: Логгер WellApp настроен. Файл лога: C:\Users\pasha\OneDrive\Рабочий стол\WellLib\csg\program_debug.log
2025-11-26 17:23:14,221 [INFO] WellApp.gui: Запуск WellApp из csg.py
2025-11-26 17:23:14,258 [DEBUG] WellApp.gui: Инициализация WellApp
2025-11-26 17:23:14,261 [DEBUG] WellApp.graphics: BHA элементов (снизу вверх): []
2025-11-26 17:23:14,261 [DEBUG] WellApp.trajectory: Инициализация TrajectoryTab
2025-11-26 17:23:14,455 [DEBUG] WellApp.trajectory: Добавлена точка траектории, всего строк: 1
2025-11-26 17:23:14,457 [DEBUG] WellApp.gui: Инициализация BalanceTab
2025-11-26 17:23:14,466 [DEBUG] WellApp.gui: Инициализация вкладки 'Жидкости'
2025-11-26 17:23:14,468 [DEBUG] WellApp.gui: populate_fluid_combos: обновлено 1 жидкостей
2025-11-26 17:23:14,468 [DEBUG] WellApp.gui: Добавлена жидкость: Раствор 1, 1.2 г/см³, тип Раствор
2025-11-26 17:23:14,468 [DEBUG] WellApp.gui: populate_fluid_combos: обновлено 1 жидкостей
2025-11-26 17:23:14,468 [DEBUG] WellApp.gui: Инициализация вкладки 'Конструкция'
2025-11-26 17:23:14,471 [DEBUG] WellApp.gui: Добавлена строка колонны, всего строк: 1
2025-11-26 17:23:14,472 [DEBUG] WellApp.gui: Инициализация вкладки 'КНБК'
2025-11-26 17:23:14,472 [DEBUG] WellApp.gui: Добавлена строка КНБК, всего строк: 1
2025-11-26 17:23:14,473 [DEBUG] WellApp.gui: Инициализация вкладки 'Объёмы'
2025-11-26 17:23:23,095 [DEBUG] WellApp.gui: paste_bha_from_clipboard: сырая строка='Drill Pipe\t1800.0\t127.0\t95.0', parts=['Drill Pipe', '1800.0', '127.0', '95.0']
2025-11-26 17:23:23,095 [DEBUG] WellApp.utils: normalize_bha_name: 'Drill Pipe' -> 'Drill Pipe'
2025-11-26 17:23:23,095 [DEBUG] WellApp.gui: paste_bha_from_clipboard: сырая строка='Heavy Weight\t200.0\t139.7\t76.0', parts=['Heavy Weight', '200.0', '139.7', '76.0']
2025-11-26 17:23:23,095 [DEBUG] WellApp.utils: normalize_bha_name: 'Heavy Weight' -> 'Heavy Weight'
2025-11-26 17:23:23,096 [DEBUG] WellApp.gui: paste_bha_from_clipboard: сырая строка='Drill Collar\t80.0\t203.0\t76.0', parts=['Drill Collar', '80.0', '203.0', '76.0']
2025-11-26 17:23:23,096 [DEBUG] WellApp.utils: normalize_bha_name: 'Drill Collar' -> 'Drill Collar'
2025-11-26 17:23:23,096 [DEBUG] WellApp.gui: paste_bha_from_clipboard: сырая строка='Mud Motor\t10.0\t172.0\t70.0', parts=['Mud Motor', '10.0', '172.0', '70.0']
2025-11-26 17:23:23,096 [DEBUG] WellApp.utils: normalize_bha_name: 'Mud Motor' -> 'Mud Motor'
2025-11-26 17:23:23,096 [DEBUG] WellApp.gui: paste_bha_from_clipboard: сырая строка='Bit\t0.3\t215.9\t0.0', parts=['Bit', '0.3', '215.9', '0.0']
2025-11-26 17:23:23,096 [DEBUG] WellApp.utils: normalize_bha_name: 'Bit' -> 'Bit'
2025-11-26 17:23:23,096 [DEBUG] WellApp.gui: Из буфера вставлено элементов КНБК: 5
2025-11-26 17:23:29,391 [DEBUG] WellApp.trajectory: Очистка таблицы траектории
2025-11-26 17:23:29,755 [DEBUG] WellApp.trajectory: paste: вставка траектории из буфера, длина текста=39
2025-11-26 17:23:29,755 [DEBUG] WellApp.trajectory: Очистка таблицы траектории
2025-11-26 17:23:29,755 [DEBUG] WellApp.trajectory: load_from_text: обработка 4 строк
2025-11-26 17:23:29,755 [DEBUG] WellApp.gui: get_max_tvd: прочитан TVD=2233.86
2025-11-26 17:23:48,537 [DEBUG] WellApp.gui: Добавлена строка Open Hole, всего строк: 1
2025-11-26 17:24:00,400 [DEBUG] WellApp.gui: Старт расчёта объёмов и построения схемы
2025-11-26 17:24:00,400 [DEBUG] WellApp.utils: compute_casing_params -> OD=245.000, ID=226.000, wall=9.500
2025-11-26 17:24:00,400 [WARNING] WellApp.geom: Casing 'Open Hole': ID >= OD (id=230.000 мм, od=230.000 мм) — проверьте данные
2025-11-26 17:24:00,401 [DEBUG] WellApp.utils: normalize_bha_name: 'Drill Pipe' -> 'Drill Pipe'
2025-11-26 17:24:00,401 [DEBUG] WellApp.utils: normalize_bha_name: 'Heavy Weight' -> 'Heavy Weight'
2025-11-26 17:24:00,401 [DEBUG] WellApp.utils: normalize_bha_name: 'Drill Collar' -> 'Drill Collar'
2025-11-26 17:24:00,401 [DEBUG] WellApp.utils: normalize_bha_name: 'Mud Motor' -> 'Mud Motor'
2025-11-26 17:24:00,402 [DEBUG] WellApp.utils: normalize_bha_name: 'Bit' -> 'Bit'
2025-11-26 17:24:00,402 [DEBUG] WellApp.gui: Скорректирована длина верхнего элемента КНБК на 254.700 м для соответствия глубине конструкции
2025-11-26 17:24:00,402 [DEBUG] WellApp.gui: Добавлен Fluid: Раствор 1, Раствор, 1.2, <PyQt5.QtGui.QColor object at 0x000001D2A10414E0>
2025-11-26 17:24:00,402 [DEBUG] WellApp.gui: Итоговое содержимое fluids: ['Раствор 1']
2025-11-26 17:24:00,402 [DEBUG] WellApp.volumes: calculate_volumes: старт расчёта, casings=2, bha=5
2025-11-26 17:24:00,402 [DEBUG] WellApp.volumes: calculate_volumes: завершено. V_casings=95.996, V_bha_int=15.873, V_bha_disp=31.926, V_annulus=64.070
2025-11-26 17:24:00,404 [DEBUG] WellApp.graphics: BHA элементов (снизу вверх): ['Drill Pipe L=2054.70, OD=127.0', 'Heavy Weight L=200.00, OD=139.7', 'Drill Collar L=80.00, OD=203.0', 'Mud Motor L=10.00, OD=172.0', 'Bit L=0.30, OD=215.9']
2025-11-26 17:24:00,409 [DEBUG] WellApp.gui: Расчёт объёмов и обновление схемы завершены успешно
2025-11-26 17:24:04,066 [DEBUG] WellApp.gui: populate_fluid_combos: обновлено 2 жидкостей
2025-11-26 17:24:04,067 [DEBUG] WellApp.gui: Добавлена жидкость: Раствор 2, 1.2 г/см³, тип Раствор
2025-11-26 17:24:04,067 [DEBUG] WellApp.gui: populate_fluid_combos: обновлено 2 жидкостей
2025-11-26 17:24:04,067 [DEBUG] WellApp.gui: populate_fluid_combos: обновлено 2 жидкостей
2025-11-26 17:24:04,068 [DEBUG] WellApp.gui: populate_fluid_combos: обновлено 2 жидкостей
2025-11-26 17:24:06,882 [DEBUG] WellApp.gui: populate_fluid_combos: обновлено 2 жидкостей
2025-11-26 17:24:07,833 [DEBUG] WellApp.gui: Старт расчёта объёмов и построения схемы
2025-11-26 17:24:07,834 [DEBUG] WellApp.utils: compute_casing_params -> OD=245.000, ID=226.000, wall=9.500
2025-11-26 17:24:07,834 [WARNING] WellApp.geom: Casing 'Open Hole': ID >= OD (id=230.000 мм, od=230.000 мм) — проверьте данные
2025-11-26 17:24:07,834 [DEBUG] WellApp.utils: normalize_bha_name: 'Drill Pipe' -> 'Drill Pipe'
2025-11-26 17:24:07,835 [DEBUG] WellApp.utils: normalize_bha_name: 'Heavy Weight' -> 'Heavy Weight'
2025-11-26 17:24:07,835 [DEBUG] WellApp.utils: normalize_bha_name: 'Drill Collar' -> 'Drill Collar'
2025-11-26 17:24:07,836 [DEBUG] WellApp.utils: normalize_bha_name: 'Mud Motor' -> 'Mud Motor'
2025-11-26 17:24:07,836 [DEBUG] WellApp.utils: normalize_bha_name: 'Bit' -> 'Bit'
2025-11-26 17:24:07,836 [DEBUG] WellApp.gui: Добавлен Fluid: Раствор 1, Раствор, 1.2, <PyQt5.QtGui.QColor object at 0x000001D2A10414E0>
2025-11-26 17:24:07,836 [DEBUG] WellApp.gui: Добавлен Fluid: Раствор 2, Раствор, 1.7, <PyQt5.QtGui.QColor object at 0x000001D2A1041550>
2025-11-26 17:24:07,837 [DEBUG] WellApp.gui: Итоговое содержимое fluids: ['Раствор 1', 'Раствор 2']
2025-11-26 17:24:07,837 [DEBUG] WellApp.volumes: calculate_volumes: старт расчёта, casings=2, bha=5
2025-11-26 17:24:07,837 [DEBUG] WellApp.volumes: calculate_volumes: завершено. V_casings=95.996, V_bha_int=15.873, V_bha_disp=31.926, V_annulus=64.070
2025-11-26 17:24:07,838 [DEBUG] WellApp.graphics: BHA элементов (снизу вверх): ['Drill Pipe L=2054.70, OD=127.0', 'Heavy Weight L=200.00, OD=139.7', 'Drill Collar L=80.00, OD=203.0', 'Mud Motor L=10.00, OD=172.0', 'Bit L=0.30, OD=215.9']
2025-11-26 17:24:07,843 [DEBUG] WellApp.gui: Расчёт объёмов и обновление схемы завершены успешно
2025-11-26 17:24:08,879 [DEBUG] WellApp.gui: Переключение на вкладку 'Равновесие'
2025-11-26 17:24:08,880 [DEBUG] WellApp.gui: populate_fluid_combos: обновлено 2 жидкостей
2025-11-26 17:24:08,880 [DEBUG] WellApp.gui: get_max_tvd: прочитан TVD=2233.86
2025-11-26 17:24:15,934 [DEBUG] WellApp.gui: run_balance_calc: запуск
2025-11-26 17:24:15,934 [DEBUG] WellApp.gui: get_max_tvd: прочитан TVD=2233.86
2025-11-26 17:24:15,934 [DEBUG] WellApp.gui: run_balance_calc: tubing=Раствор 1 (ρ=1.200), annulus=Раствор 2 (ρ=1.700)
2025-11-26 17:24:15,934 [DEBUG] WellApp.balance: === Запуск calculate_balance ===
2025-11-26 17:24:15,935 [DEBUG] WellApp.balance: Входные: P_res=40000000.0, depth_hint_m=2233.86, max_tvd_m(вход)=None, D_tubing_mm=100.0, D_well_mm=200.0, D_knbk_mm=0.0, L_knbk_m=0.0
2025-11-26 17:24:15,935 [DEBUG] WellApp.balance: effective_max_tvd=2233.86
2025-11-26 17:24:15,935 [DEBUG] WellApp.balance: Плотности: rho_t=1200.0, rho_a=1700.0
2025-11-26 17:24:15,935 [DEBUG] WellApp.balance: Высоты (до ограничений): h_t=1698.9466530750935, h_a=1199.2564609941837
2025-11-26 17:24:15,935 [DEBUG] WellApp.balance: Высоты (после ограничений): h_t=1698.9466530750935, h_a=1199.2564609941837
2025-11-26 17:24:15,935 [DEBUG] WellApp.balance: Давления: p_t=20000000.0, p_a=20000000.000000004, p_total=40000000.0; diff_channels=3.725290298461914e-09, diff_reservoir=0.0
2025-11-26 17:24:15,935 [DEBUG] WellApp.balance: Геометрия (м): D_t_id=0.1, D_w=0.2, D_k_od=0.0, L_knbk_m=0.0
2025-11-26 17:24:15,935 [DEBUG] WellApp.balance: Площадь трубы A_full=0.007853981633974483; V_t=13.343495810354202
2025-11-26 17:24:15,936 [DEBUG] WellApp.balance: Площадь затруба A_annulus=0.023561944901923454; V_a=28.25681465722067
2025-11-26 17:24:15,936 [DEBUG] WellApp.balance: === Расчёт calculate_balance завершён успешно ===
2025-11-26 17:24:15,936 [DEBUG] WellApp.gui: Результаты расчёта равновесия: h_t(TVD)=1698.95, h_a(TVD)=1199.26, V_t=13.343, V_a=28.257
2025-11-26 17:24:15,936 [DEBUG] WellApp.graphics: draw_fluids: нарисованы столбы h_t=1824.62 м, h_a=1247.62 м (bottom_y=2345.00, total_depth_md=2345.00)
2025-11-26 17:32:26,677 [DEBUG] WellApp.gui: run_balance_calc: запуск
2025-11-26 17:32:26,677 [DEBUG] WellApp.gui: get_max_tvd: прочитан TVD=2233.86
2025-11-26 17:32:26,678 [DEBUG] WellApp.gui: run_balance_calc: tubing=Раствор 1 (ρ=1.200), annulus=Раствор 2 (ρ=1.700)
2025-11-26 17:32:26,678 [DEBUG] WellApp.balance: === Запуск calculate_balance ===
2025-11-26 17:32:26,678 [DEBUG] WellApp.balance: Входные: P_res=40000000.0, depth_hint_m=2233.86, max_tvd_m(вход)=None, D_tubing_mm=100.0, D_well_mm=200.0, D_knbk_mm=0.0, L_knbk_m=0.0
2025-11-26 17:32:26,678 [DEBUG] WellApp.balance: effective_max_tvd=2233.86
2025-11-26 17:32:26,678 [DEBUG] WellApp.balance: Плотности: rho_t=1200.0, rho_a=1700.0
2025-11-26 17:32:26,679 [DEBUG] WellApp.balance: Высоты (до ограничений): h_t=1698.9466530750935, h_a=1199.2564609941837
2025-11-26 17:32:26,679 [DEBUG] WellApp.balance: Высоты (после ограничений): h_t=1698.9466530750935, h_a=1199.2564609941837
2025-11-26 17:32:26,679 [DEBUG] WellApp.balance: Давления: p_t=20000000.0, p_a=20000000.000000004, p_total=40000000.0; diff_channels=3.725290298461914e-09, diff_reservoir=0.0
2025-11-26 17:32:26,679 [DEBUG] WellApp.balance: Геометрия (м): D_t_id=0.1, D_w=0.2, D_k_od=0.0, L_knbk_m=0.0
2025-11-26 17:32:26,679 [DEBUG] WellApp.balance: Площадь трубы A_full=0.007853981633974483; V_t=13.343495810354202
2025-11-26 17:32:26,679 [DEBUG] WellApp.balance: Площадь затруба A_annulus=0.023561944901923454; V_a=28.25681465722067
2025-11-26 17:32:26,680 [DEBUG] WellApp.balance: === Расчёт calculate_balance завершён успешно ===
2025-11-26 17:32:26,680 [DEBUG] WellApp.gui: Результаты расчёта равновесия: h_t(TVD)=1698.95, h_a(TVD)=1199.26, V_t=13.343, V_a=28.257
2025-11-26 17:32:26,680 [DEBUG] WellApp.graphics: draw_fluids: нарисованы столбы h_t=1824.62 м, h_a=1247.62 м (bottom_y=2345.00, total_depth_md=2345.00)
2025-11-26 17:32:35,571 [DEBUG] WellApp: Логгер WellApp настроен. Файл лога: C:\Users\pasha\OneDrive\Рабочий стол\WellLib\csg\program_debug.log
2025-11-26 17:32:35,605 [INFO] WellApp.gui: Запуск WellApp из csg.py
2025-11-26 17:32:35,641 [DEBUG] WellApp.gui: Инициализация WellApp
2025-11-26 17:32:35,643 [DEBUG] WellApp.graphics: BHA элементов (снизу вверх): []
2025-11-26 17:32:35,644 [DEBUG] WellApp.trajectory: Инициализация TrajectoryTab
2025-11-26 17:32:35,836 [DEBUG] WellApp.trajectory: Добавлена точка траектории, всего строк: 1
2025-11-26 17:32:35,838 [DEBUG] WellApp.gui: Инициализация BalanceTab
2025-11-26 17:32:35,848 [DEBUG] WellApp.gui: Инициализация вкладки 'Жидкости'
2025-11-26 17:32:35,850 [DEBUG] WellApp.gui: populate_fluid_combos: обновлено 1 жидкостей
2025-11-26 17:32:35,851 [DEBUG] WellApp.gui: Добавлена жидкость: Раствор 1, 1.2 г/см³, тип Раствор
2025-11-26 17:32:35,851 [DEBUG] WellApp.gui: populate_fluid_combos: обновлено 1 жидкостей
2025-11-26 17:32:35,851 [DEBUG] WellApp.gui: Инициализация вкладки 'Конструкция'
2025-11-26 17:32:35,854 [DEBUG] WellApp.gui: Добавлена строка колонны, всего строк: 1
2025-11-26 17:32:35,854 [DEBUG] WellApp.gui: Инициализация вкладки 'КНБК'
2025-11-26 17:32:35,855 [DEBUG] WellApp.gui: Добавлена строка КНБК, всего строк: 1
2025-11-26 17:32:35,855 [DEBUG] WellApp.gui: Инициализация вкладки 'Объёмы'
2025-11-26 17:32:43,855 [DEBUG] WellApp.trajectory: Очистка таблицы траектории
2025-11-26 17:32:44,129 [DEBUG] WellApp.trajectory: paste: вставка траектории из буфера, длина текста=39
2025-11-26 17:32:44,129 [DEBUG] WellApp.trajectory: Очистка таблицы траектории
2025-11-26 17:32:44,129 [DEBUG] WellApp.trajectory: load_from_text: обработка 4 строк
2025-11-26 17:32:44,129 [DEBUG] WellApp.gui: get_max_tvd: прочитан TVD=2233.86
2025-11-26 17:32:53,614 [DEBUG] WellApp.gui: Добавлена строка Open Hole, всего строк: 1
2025-11-26 17:33:03,152 [DEBUG] WellApp.gui: paste_bha_from_clipboard: сырая строка='Drill Pipe\t1800.0\t127.0\t95.0', parts=['Drill Pipe', '1800.0', '127.0', '95.0']
2025-11-26 17:33:03,153 [DEBUG] WellApp.utils: normalize_bha_name: 'Drill Pipe' -> 'Drill Pipe'
2025-11-26 17:33:03,153 [DEBUG] WellApp.gui: paste_bha_from_clipboard: сырая строка='Heavy Weight\t200.0\t139.7\t76.0', parts=['Heavy Weight', '200.0', '139.7', '76.0']
2025-11-26 17:33:03,153 [DEBUG] WellApp.utils: normalize_bha_name: 'Heavy Weight' -> 'Heavy Weight'
2025-11-26 17:33:03,153 [DEBUG] WellApp.gui: paste_bha_from_clipboard: сырая строка='Drill Collar\t80.0\t203.0\t76.0', parts=['Drill Collar', '80.0', '203.0', '76.0']
2025-11-26 17:33:03,153 [DEBUG] WellApp.utils: normalize_bha_name: 'Drill Collar' -> 'Drill Collar'
2025-11-26 17:33:03,154 [DEBUG] WellApp.gui: paste_bha_from_clipboard: сырая строка='Mud Motor\t10.0\t172.0\t70.0', parts=['Mud Motor', '10.0', '172.0', '70.0']
2025-11-26 17:33:03,154 [DEBUG] WellApp.utils: normalize_bha_name: 'Mud Motor' -> 'Mud Motor'
2025-11-26 17:33:03,154 [DEBUG] WellApp.gui: paste_bha_from_clipboard: сырая строка='Bit\t0.3\t215.9\t0.0', parts=['Bit', '0.3', '215.9', '0.0']
2025-11-26 17:33:03,154 [DEBUG] WellApp.utils: normalize_bha_name: 'Bit' -> 'Bit'
2025-11-26 17:33:03,154 [DEBUG] WellApp.gui: Из буфера вставлено элементов КНБК: 5
2025-11-26 17:33:06,786 [DEBUG] WellApp.gui: populate_fluid_combos: обновлено 2 жидкостей
2025-11-26 17:33:06,786 [DEBUG] WellApp.gui: Добавлена жидкость: Раствор 2, 1.2 г/см³, тип Раствор
2025-11-26 17:33:06,786 [DEBUG] WellApp.gui: populate_fluid_combos: обновлено 2 жидкостей
2025-11-26 17:33:06,786 [DEBUG] WellApp.gui: populate_fluid_combos: обновлено 2 жидкостей
2025-11-26 17:33:06,789 [DEBUG] WellApp.gui: populate_fluid_combos: обновлено 2 жидкостей
2025-11-26 17:33:09,558 [DEBUG] WellApp.gui: populate_fluid_combos: обновлено 2 жидкостей
2025-11-26 17:33:10,728 [DEBUG] WellApp.gui: Старт расчёта объёмов и построения схемы
2025-11-26 17:33:10,729 [DEBUG] WellApp.utils: compute_casing_params -> OD=245.000, ID=226.000, wall=9.500
2025-11-26 17:33:10,729 [WARNING] WellApp.geom: Casing 'Open Hole': ID >= OD (id=230.000 мм, od=230.000 мм) — проверьте данные
2025-11-26 17:33:10,729 [DEBUG] WellApp.utils: normalize_bha_name: 'Drill Pipe' -> 'Drill Pipe'
2025-11-26 17:33:10,729 [DEBUG] WellApp.utils: normalize_bha_name: 'Heavy Weight' -> 'Heavy Weight'
2025-11-26 17:33:10,729 [DEBUG] WellApp.utils: normalize_bha_name: 'Drill Collar' -> 'Drill Collar'
2025-11-26 17:33:10,729 [DEBUG] WellApp.utils: normalize_bha_name: 'Mud Motor' -> 'Mud Motor'
2025-11-26 17:33:10,730 [DEBUG] WellApp.utils: normalize_bha_name: 'Bit' -> 'Bit'
2025-11-26 17:33:10,730 [DEBUG] WellApp.gui: Скорректирована длина верхнего элемента КНБК на 254.700 м для соответствия глубине конструкции
2025-11-26 17:33:10,730 [DEBUG] WellApp.gui: Добавлен Fluid: Раствор 1, Раствор, 1.2, <PyQt5.QtGui.QColor object at 0x000001696A8F1470>
2025-11-26 17:33:10,730 [DEBUG] WellApp.gui: Добавлен Fluid: Раствор 2, Раствор, 1.8, <PyQt5.QtGui.QColor object at 0x000001696A8F16A0>
2025-11-26 17:33:10,730 [DEBUG] WellApp.gui: Итоговое содержимое fluids: ['Раствор 1', 'Раствор 2']
2025-11-26 17:33:10,730 [DEBUG] WellApp.volumes: calculate_volumes: старт расчёта, casings=2, bha=5
2025-11-26 17:33:10,731 [DEBUG] WellApp.volumes: calculate_volumes: завершено. V_casings=95.996, V_bha_int=15.873, V_bha_disp=31.926, V_annulus=64.070
2025-11-26 17:33:10,732 [DEBUG] WellApp.graphics: BHA элементов (снизу вверх): ['Drill Pipe L=2054.70, OD=127.0', 'Heavy Weight L=200.00, OD=139.7', 'Drill Collar L=80.00, OD=203.0', 'Mud Motor L=10.00, OD=172.0', 'Bit L=0.30, OD=215.9']
2025-11-26 17:33:10,737 [DEBUG] WellApp.gui: Расчёт объёмов и обновление схемы завершены успешно
2025-11-26 17:33:12,190 [DEBUG] WellApp.gui: Переключение на вкладку 'Равновесие'
2025-11-26 17:33:12,191 [DEBUG] WellApp.gui: populate_fluid_combos: обновлено 2 жидкостей
2025-11-26 17:33:12,191 [DEBUG] WellApp.gui: get_max_tvd: прочитан TVD=2233.86
2025-11-26 17:33:18,822 [DEBUG] WellApp.gui: run_balance_calc: запуск
2025-11-26 17:33:18,822 [DEBUG] WellApp.gui: get_max_tvd: прочитан TVD=2233.86
2025-11-26 17:33:18,823 [DEBUG] WellApp.gui: run_balance_calc: tubing=Раствор 1 (ρ=1.200), annulus=Раствор 2 (ρ=1.800)
2025-11-26 17:33:18,823 [DEBUG] WellApp.balance: === Запуск calculate_balance ===
2025-11-26 17:33:18,823 [DEBUG] WellApp.balance: Входные: P_res=40000000.0, depth_hint_m=2233.86, max_tvd_m(вход)=2233.86, D_tubing_mm=100.0, D_well_mm=200.0, D_knbk_mm=0.0, L_knbk_m=0.0
2025-11-26 17:33:18,823 [DEBUG] WellApp.balance: effective_max_tvd=2233.86
2025-11-26 17:33:18,823 [DEBUG] WellApp.balance: Плотности: rho_t=1200.0, rho_a=1800.0
2025-11-26 17:33:18,823 [DEBUG] WellApp.balance: Высоты (до ограничений): h_t=1698.9466530750935, h_a=1132.6311020500623
2025-11-26 17:33:18,823 [DEBUG] WellApp.balance: Высоты (после ограничений): h_t=1698.9466530750935, h_a=1132.6311020500623
2025-11-26 17:33:18,824 [DEBUG] WellApp.balance: Давления: p_t=20000000.0, p_a=20000000.0, p_total=40000000.0; diff_channels=0.0, diff_reservoir=0.0
2025-11-26 17:33:18,824 [DEBUG] WellApp.balance: Геометрия (м): D_t_id=0.1, D_w=0.2, D_k_od=0.0, L_knbk_m=0.0
2025-11-26 17:33:18,824 [DEBUG] WellApp.balance: Площадь трубы A_full=0.007853981633974483; V_t=13.343495810354202
2025-11-26 17:33:18,824 [DEBUG] WellApp.balance: Площадь затруба A_annulus=0.023561944901923454; V_a=26.686991620708408
2025-11-26 17:33:18,824 [DEBUG] WellApp.balance: === Расчёт calculate_balance завершён успешно ===
2025-11-26 17:33:18,824 [DEBUG] WellApp.gui: Результаты расчёта равновесия: h_t=1698.9466530750935, h_a=1132.6311020500623, V_t=13.343495810354202, V_a=26.686991620708408
2025-11-26 17:33:18,824 [DEBUG] WellApp.graphics: draw_fluids: нарисованы столбы h_t=1698.95 м, h_a=1132.63 м (bottom_y=2345.00, total_depth_md=2345.00)
2025-11-26 17:40:13,429 [DEBUG] WellApp: Логгер WellApp настроен. Файл лога: C:\Users\pasha\OneDrive\Рабочий стол\WellLib\csg\program_debug.log
2025-11-26 17:40:13,463 [INFO] WellApp.gui: Запуск WellApp из csg.py
2025-11-26 17:40:13,499 [DEBUG] WellApp.gui: Инициализация WellApp
2025-11-26 17:40:13,501 [DEBUG] WellApp.graphics: BHA элементов (снизу вверх): []
2025-11-26 17:40:13,501 [DEBUG] WellApp.trajectory: Инициализация TrajectoryTab
2025-11-26 17:40:13,704 [DEBUG] WellApp.trajectory: Добавлена точка траектории, всего строк: 1
2025-11-26 17:40:13,707 [DEBUG] WellApp.gui: Инициализация BalanceTab
2025-11-26 17:40:13,718 [DEBUG] WellApp.gui: Инициализация вкладки 'Жидкости'
2025-11-26 17:40:13,720 [DEBUG] WellApp.gui: populate_fluid_combos: обновлено 1 жидкостей
2025-11-26 17:40:13,720 [DEBUG] WellApp.gui: Добавлена жидкость: Раствор 1, 1.2 г/см³, тип Раствор
2025-11-26 17:40:13,720 [DEBUG] WellApp.gui: populate_fluid_combos: обновлено 1 жидкостей
2025-11-26 17:40:13,720 [DEBUG] WellApp.gui: Инициализация вкладки 'Конструкция'
2025-11-26 17:40:13,722 [DEBUG] WellApp.gui: Добавлена строка колонны, всего строк: 1
2025-11-26 17:40:13,722 [DEBUG] WellApp.gui: Инициализация вкладки 'КНБК'
2025-11-26 17:40:13,723 [DEBUG] WellApp.gui: Добавлена строка КНБК, всего строк: 1
2025-11-26 17:40:13,723 [DEBUG] WellApp.gui: Инициализация вкладки 'Объёмы'
2025-11-26 17:40:23,692 [DEBUG] WellApp.gui: paste_bha_from_clipboard: сырая строка='Drill Pipe\t1800.0\t127.0\t95.0', parts=['Drill Pipe', '1800.0', '127.0', '95.0']
2025-11-26 17:40:23,692 [DEBUG] WellApp.utils: normalize_bha_name: 'Drill Pipe' -> 'Drill Pipe'
2025-11-26 17:40:23,692 [DEBUG] WellApp.gui: paste_bha_from_clipboard: сырая строка='Heavy Weight\t200.0\t139.7\t76.0', parts=['Heavy Weight', '200.0', '139.7', '76.0']
2025-11-26 17:40:23,692 [DEBUG] WellApp.utils: normalize_bha_name: 'Heavy Weight' -> 'Heavy Weight'
2025-11-26 17:40:23,693 [DEBUG] WellApp.gui: paste_bha_from_clipboard: сырая строка='Drill Collar\t80.0\t203.0\t76.0', parts=['Drill Collar', '80.0', '203.0', '76.0']
2025-11-26 17:40:23,693 [DEBUG] WellApp.utils: normalize_bha_name: 'Drill Collar' -> 'Drill Collar'
2025-11-26 17:40:23,693 [DEBUG] WellApp.gui: paste_bha_from_clipboard: сырая строка='Mud Motor\t10.0\t172.0\t70.0', parts=['Mud Motor', '10.0', '172.0', '70.0']
2025-11-26 17:40:23,693 [DEBUG] WellApp.utils: normalize_bha_name: 'Mud Motor' -> 'Mud Motor'
2025-11-26 17:40:23,693 [DEBUG] WellApp.gui: paste_bha_from_clipboard: сырая строка='Bit\t0.3\t215.9\t0.0', parts=['Bit', '0.3', '215.9', '0.0']
2025-11-26 17:40:23,693 [DEBUG] WellApp.utils: normalize_bha_name: 'Bit' -> 'Bit'
2025-11-26 17:40:23,694 [DEBUG] WellApp.gui: Из буфера вставлено элементов КНБК: 5
2025-11-26 17:40:32,613 [DEBUG] WellApp.trajectory: Очистка таблицы траектории
2025-11-26 17:40:32,910 [DEBUG] WellApp.trajectory: paste: вставка траектории из буфера, длина текста=39
2025-11-26 17:40:32,910 [DEBUG] WellApp.trajectory: Очистка таблицы траектории
2025-11-26 17:40:32,910 [DEBUG] WellApp.trajectory: load_from_text: обработка 4 строк
2025-11-26 17:40:32,910 [DEBUG] WellApp.gui: get_max_tvd: прочитан TVD=2233.86
2025-11-26 17:40:41,822 [DEBUG] WellApp.gui: Добавлена строка Open Hole, всего строк: 1
2025-11-26 17:40:48,147 [DEBUG] WellApp.gui: Старт расчёта объёмов и построения схемы
2025-11-26 17:40:48,148 [DEBUG] WellApp.utils: compute_casing_params -> OD=245.000, ID=226.000, wall=9.500
2025-11-26 17:40:48,148 [WARNING] WellApp.geom: Casing 'Open Hole': ID >= OD (id=230.000 мм, od=230.000 мм) — проверьте данные
2025-11-26 17:40:48,148 [DEBUG] WellApp.utils: normalize_bha_name: 'Drill Pipe' -> 'Drill Pipe'
2025-11-26 17:40:48,148 [DEBUG] WellApp.utils: normalize_bha_name: 'Heavy Weight' -> 'Heavy Weight'
2025-11-26 17:40:48,148 [DEBUG] WellApp.utils: normalize_bha_name: 'Drill Collar' -> 'Drill Collar'
2025-11-26 17:40:48,149 [DEBUG] WellApp.utils: normalize_bha_name: 'Mud Motor' -> 'Mud Motor'
2025-11-26 17:40:48,149 [DEBUG] WellApp.utils: normalize_bha_name: 'Bit' -> 'Bit'
2025-11-26 17:40:48,149 [DEBUG] WellApp.gui: Скорректирована длина верхнего элемента КНБК на 254.700 м для соответствия глубине конструкции
2025-11-26 17:40:48,149 [DEBUG] WellApp.gui: Добавлен Fluid: Раствор 1, Раствор, 1.2, <PyQt5.QtGui.QColor object at 0x000001D0C5881470>
2025-11-26 17:40:48,149 [DEBUG] WellApp.gui: Итоговое содержимое fluids: ['Раствор 1']
2025-11-26 17:40:48,149 [DEBUG] WellApp.volumes: calculate_volumes: старт расчёта, casings=2, bha=5
2025-11-26 17:40:48,150 [DEBUG] WellApp.volumes: calculate_volumes: завершено. V_casings=95.996, V_bha_int=15.873, V_bha_disp=31.926, V_annulus=64.070
2025-11-26 17:40:48,151 [DEBUG] WellApp.graphics: BHA элементов (снизу вверх): ['Drill Pipe L=2054.70, OD=127.0', 'Heavy Weight L=200.00, OD=139.7', 'Drill Collar L=80.00, OD=203.0', 'Mud Motor L=10.00, OD=172.0', 'Bit L=0.30, OD=215.9']
2025-11-26 17:40:48,157 [DEBUG] WellApp.gui: Расчёт объёмов и обновление схемы завершены успешно
2025-11-26 17:40:50,106 [DEBUG] WellApp.gui: Переключение на вкладку 'Равновесие'
2025-11-26 17:40:50,106 [DEBUG] WellApp.gui: populate_fluid_combos: обновлено 1 жидкостей
2025-11-26 17:40:50,106 [DEBUG] WellApp.gui: get_max_tvd: прочитан TVD=2233.86
2025-11-26 17:40:53,687 [DEBUG] WellApp.gui: populate_fluid_combos: обновлено 2 жидкостей
2025-11-26 17:40:53,687 [DEBUG] WellApp.gui: Добавлена жидкость: Буфер 2, 1.2 г/см³, тип Буфер
2025-11-26 17:40:53,688 [DEBUG] WellApp.gui: populate_fluid_combos: обновлено 2 жидкостей
2025-11-26 17:40:53,688 [DEBUG] WellApp.gui: populate_fluid_combos: обновлено 2 жидкостей
2025-11-26 17:40:53,689 [DEBUG] WellApp.gui: populate_fluid_combos: обновлено 2 жидкостей
2025-11-26 17:40:57,731 [DEBUG] WellApp.gui: populate_fluid_combos: обновлено 2 жидкостей
2025-11-26 17:41:04,048 [DEBUG] WellApp.gui: run_balance_calc: запуск
2025-11-26 17:41:04,048 [DEBUG] WellApp.gui: get_max_tvd: прочитан TVD=2233.86
2025-11-26 17:41:04,048 [DEBUG] WellApp.gui: run_balance_calc: tubing=Раствор 1 (ρ=1.200), annulus=Буфер 2 (ρ=1.700)
2025-11-26 17:41:04,048 [DEBUG] WellApp.balance: === Запуск calculate_balance ===
2025-11-26 17:41:04,048 [DEBUG] WellApp.balance: Входные: P_res=40000000.0, depth_hint_m=2233.86, max_tvd_m(вход)=2233.86, D_tubing_mm=100.0, D_well_mm=200.0, D_knbk_mm=0.0, L_knbk_m=0.0
2025-11-26 17:41:04,048 [DEBUG] WellApp.balance: effective_max_tvd=2233.86
2025-11-26 17:41:04,048 [DEBUG] WellApp.balance: Плотности: rho_t=1200.0, rho_a=1700.0
2025-11-26 17:41:04,048 [DEBUG] WellApp.balance: Высоты (до ограничений): h_t=1698.9466530750935, h_a=1199.2564609941837
2025-11-26 17:41:04,048 [DEBUG] WellApp.balance: Высоты (после ограничений): h_t=1698.9466530750935, h_a=1199.2564609941837
2025-11-26 17:41:04,048 [DEBUG] WellApp.balance: Давления: p_t=20000000.0, p_a=20000000.000000004, p_total=40000000.0; diff_channels=3.725290298461914e-09, diff_reservoir=0.0
2025-11-26 17:41:04,049 [DEBUG] WellApp.balance: Геометрия (м): D_t_id=0.1, D_w=0.2, D_k_od=0.0, L_knbk_m=0.0
2025-11-26 17:41:04,049 [DEBUG] WellApp.balance: Площадь трубы A_full=0.007853981633974483; V_t=13.343495810354202
2025-11-26 17:41:04,049 [DEBUG] WellApp.balance: Площадь затруба A_annulus=0.023561944901923454; V_a=28.25681465722067
2025-11-26 17:41:04,049 [DEBUG] WellApp.balance: === Расчёт calculate_balance завершён успешно ===
2025-11-26 17:41:04,049 [DEBUG] WellApp.gui: Результаты расчёта равновесия: h_t=1698.9466530750935, h_a=1199.2564609941837, V_t=13.343495810354202, V_a=28.25681465722067
2025-11-26 17:41:04,049 [DEBUG] WellApp.graphics: draw_fluids: нарисованы столбы h_t=1698.95 м, h_a=1199.26 м (bottom_y=2345.00, total_depth_md=2345.00)
2025-11-26 17:45:44,237 [DEBUG] WellApp: Логгер WellApp настроен. Файл лога: C:\Users\pasha\OneDrive\Рабочий стол\WellLib\csg\program_debug.log
2025-11-26 17:45:44,256 [INFO] WellApp.gui: Запуск WellApp из csg.py
2025-11-26 17:45:44,293 [DEBUG] WellApp.gui: Инициализация WellApp
2025-11-26 17:45:44,295 [DEBUG] WellApp.graphics: BHA элементов (снизу вверх): []
2025-11-26 17:45:44,295 [DEBUG] WellApp.trajectory: Инициализация TrajectoryTab
2025-11-26 17:45:44,455 [DEBUG] WellApp.trajectory: Добавлена точка траектории, всего строк: 1
2025-11-26 17:45:44,457 [DEBUG] WellApp.gui: Инициализация BalanceTab
2025-11-26 17:45:44,467 [DEBUG] WellApp.gui: Инициализация вкладки 'Жидкости'
2025-11-26 17:45:44,469 [DEBUG] WellApp.gui: populate_fluid_combos: обновлено 1 жидкостей
2025-11-26 17:45:44,469 [DEBUG] WellApp.gui: Добавлена жидкость: Раствор 1, 1.2 г/см³, тип Раствор
2025-11-26 17:45:44,469 [DEBUG] WellApp.gui: populate_fluid_combos: обновлено 1 жидкостей
2025-11-26 17:45:44,469 [DEBUG] WellApp.gui: Инициализация вкладки 'Конструкция'
2025-11-26 17:45:44,471 [DEBUG] WellApp.gui: Добавлена строка колонны, всего строк: 1
2025-11-26 17:45:44,471 [DEBUG] WellApp.gui: Инициализация вкладки 'КНБК'
2025-11-26 17:45:44,472 [DEBUG] WellApp.gui: Добавлена строка КНБК, всего строк: 1
2025-11-26 17:45:44,472 [DEBUG] WellApp.gui: Инициализация вкладки 'Объёмы'
2025-11-26 17:45:55,189 [DEBUG] WellApp.trajectory: Очистка таблицы траектории
2025-11-26 17:45:55,393 [DEBUG] WellApp.trajectory: paste: вставка траектории из буфера, длина текста=39
2025-11-26 17:45:55,393 [DEBUG] WellApp.trajectory: Очистка таблицы траектории
2025-11-26 17:45:55,394 [DEBUG] WellApp.trajectory: load_from_text: обработка 4 строк
2025-11-26 17:45:55,394 [DEBUG] WellApp.gui: get_max_tvd: прочитан TVD=2233.86
2025-11-26 17:46:05,769 [DEBUG] WellApp.gui: paste_bha_from_clipboard: сырая строка='Drill Pipe\t1800.0\t127.0\t95.0', parts=['Drill Pipe', '1800.0', '127.0', '95.0']
2025-11-26 17:46:05,770 [DEBUG] WellApp.utils: normalize_bha_name: 'Drill Pipe' -> 'Drill Pipe'
2025-11-26 17:46:05,770 [DEBUG] WellApp.gui: paste_bha_from_clipboard: сырая строка='Heavy Weight\t200.0\t139.7\t76.0', parts=['Heavy Weight', '200.0', '139.7', '76.0']
2025-11-26 17:46:05,770 [DEBUG] WellApp.utils: normalize_bha_name: 'Heavy Weight' -> 'Heavy Weight'
2025-11-26 17:46:05,770 [DEBUG] WellApp.gui: paste_bha_from_clipboard: сырая строка='Drill Collar\t80.0\t203.0\t76.0', parts=['Drill Collar', '80.0', '203.0', '76.0']
2025-11-26 17:46:05,770 [DEBUG] WellApp.utils: normalize_bha_name: 'Drill Collar' -> 'Drill Collar'
2025-11-26 17:46:05,770 [DEBUG] WellApp.gui: paste_bha_from_clipboard: сырая строка='Mud Motor\t10.0\t172.0\t70.0', parts=['Mud Motor', '10.0', '172.0', '70.0']
2025-11-26 17:46:05,771 [DEBUG] WellApp.utils: normalize_bha_name: 'Mud Motor' -> 'Mud Motor'
2025-11-26 17:46:05,771 [DEBUG] WellApp.gui: paste_bha_from_clipboard: сырая строка='Bit\t0.3\t215.9\t0.0', parts=['Bit', '0.3', '215.9', '0.0']
2025-11-26 17:46:05,771 [DEBUG] WellApp.utils: normalize_bha_name: 'Bit' -> 'Bit'
2025-11-26 17:46:05,771 [DEBUG] WellApp.gui: Из буфера вставлено элементов КНБК: 5
2025-11-26 17:46:14,515 [DEBUG] WellApp.gui: Добавлена строка Open Hole, всего строк: 1
2025-11-26 17:46:21,161 [DEBUG] WellApp.gui: populate_fluid_combos: обновлено 2 жидкостей
2025-11-26 17:46:21,161 [DEBUG] WellApp.gui: Добавлена жидкость: Раствор 2, 1.2 г/см³, тип Раствор
2025-11-26 17:46:21,162 [DEBUG] WellApp.gui: populate_fluid_combos: обновлено 2 жидкостей
2025-11-26 17:46:21,162 [DEBUG] WellApp.gui: populate_fluid_combos: обновлено 2 жидкостей
2025-11-26 17:46:21,164 [DEBUG] WellApp.gui: populate_fluid_combos: обновлено 2 жидкостей
2025-11-26 17:46:22,850 [DEBUG] WellApp.gui: populate_fluid_combos: обновлено 3 жидкостей
2025-11-26 17:46:22,850 [DEBUG] WellApp.gui: Добавлена жидкость: Раствор 3, 1.2 г/см³, тип Раствор
2025-11-26 17:46:22,851 [DEBUG] WellApp.gui: populate_fluid_combos: обновлено 3 жидкостей
2025-11-26 17:46:22,852 [DEBUG] WellApp.gui: populate_fluid_combos: обновлено 3 жидкостей
2025-11-26 17:46:22,853 [DEBUG] WellApp.gui: populate_fluid_combos: обновлено 3 жидкостей
2025-11-26 17:46:23,025 [DEBUG] WellApp.gui: populate_fluid_combos: обновлено 4 жидкостей
2025-11-26 17:46:23,026 [DEBUG] WellApp.gui: Добавлена жидкость: Раствор 4, 1.2 г/см³, тип Раствор
2025-11-26 17:46:23,026 [DEBUG] WellApp.gui: populate_fluid_combos: обновлено 4 жидкостей
2025-11-26 17:46:23,026 [DEBUG] WellApp.gui: populate_fluid_combos: обновлено 4 жидкостей
2025-11-26 17:46:23,027 [DEBUG] WellApp.gui: populate_fluid_combos: обновлено 4 жидкостей
2025-11-26 17:46:23,681 [DEBUG] WellApp.gui: populate_fluid_combos: обновлено 5 жидкостей
2025-11-26 17:46:23,681 [DEBUG] WellApp.gui: Добавлена жидкость: Раствор 5, 1.2 г/см³, тип Раствор
2025-11-26 17:46:23,682 [DEBUG] WellApp.gui: populate_fluid_combos: обновлено 5 жидкостей
2025-11-26 17:46:23,683 [DEBUG] WellApp.gui: populate_fluid_combos: обновлено 5 жидкостей
2025-11-26 17:46:23,684 [DEBUG] WellApp.gui: populate_fluid_combos: обновлено 5 жидкостей
2025-11-26 17:46:23,856 [DEBUG] WellApp.gui: populate_fluid_combos: обновлено 6 жидкостей
2025-11-26 17:46:23,857 [DEBUG] WellApp.gui: Добавлена жидкость: Раствор 6, 1.2 г/см³, тип Раствор
2025-11-26 17:46:23,857 [DEBUG] WellApp.gui: populate_fluid_combos: обновлено 6 жидкостей
2025-11-26 17:46:23,858 [DEBUG] WellApp.gui: populate_fluid_combos: обновлено 6 жидкостей
2025-11-26 17:46:23,859 [DEBUG] WellApp.gui: populate_fluid_combos: обновлено 6 жидкостей
2025-11-26 17:46:24,022 [DEBUG] WellApp.gui: populate_fluid_combos: обновлено 7 жидкостей
2025-11-26 17:46:24,023 [DEBUG] WellApp.gui: Добавлена жидкость: Раствор 7, 1.2 г/см³, тип Раствор
2025-11-26 17:46:24,023 [DEBUG] WellApp.gui: populate_fluid_combos: обновлено 7 жидкостей
2025-11-26 17:46:24,024 [DEBUG] WellApp.gui: populate_fluid_combos: обновлено 7 жидкостей
2025-11-26 17:46:24,026 [DEBUG] WellApp.gui: populate_fluid_combos: обновлено 7 жидкостей
2025-11-26 17:46:24,200 [DEBUG] WellApp.gui: populate_fluid_combos: обновлено 8 жидкостей
2025-11-26 17:46:24,200 [DEBUG] WellApp.gui: Добавлена жидкость: Раствор 8, 1.2 г/см³, тип Раствор
2025-11-26 17:46:24,201 [DEBUG] WellApp.gui: populate_fluid_combos: обновлено 8 жидкостей
2025-11-26 17:46:24,201 [DEBUG] WellApp.gui: populate_fluid_combos: обновлено 8 жидкостей
2025-11-26 17:46:24,202 [DEBUG] WellApp.gui: populate_fluid_combos: обновлено 8 жидкостей
2025-11-26 17:46:24,425 [DEBUG] WellApp.gui: populate_fluid_combos: обновлено 9 жидкостей
2025-11-26 17:46:24,425 [DEBUG] WellApp.gui: Добавлена жидкость: Раствор 9, 1.2 г/см³, тип Раствор
2025-11-26 17:46:24,426 [DEBUG] WellApp.gui: populate_fluid_combos: обновлено 9 жидкостей
2025-11-26 17:46:24,426 [DEBUG] WellApp.gui: populate_fluid_combos: обновлено 9 жидкостей
2025-11-26 17:46:24,427 [DEBUG] WellApp.gui: populate_fluid_combos: обновлено 9 жидкостей
2025-11-26 17:46:27,053 [DEBUG] WellApp.gui: Удалено строк: 7 из таблицы <PyQt5.QtWidgets.QTableWidget object at 0x000002B5F09AC710>
2025-11-26 17:46:31,262 [DEBUG] WellApp.gui: populate_fluid_combos: обновлено 9 жидкостей
2025-11-26 17:46:34,348 [DEBUG] WellApp.gui: Старт расчёта объёмов и построения схемы
2025-11-26 17:46:34,348 [DEBUG] WellApp.utils: compute_casing_params -> OD=245.000, ID=226.000, wall=9.500
2025-11-26 17:46:34,349 [WARNING] WellApp.geom: Casing 'Open Hole': ID >= OD (id=230.000 мм, od=230.000 мм) — проверьте данные
2025-11-26 17:46:34,349 [DEBUG] WellApp.utils: normalize_bha_name: 'Drill Pipe' -> 'Drill Pipe'
2025-11-26 17:46:34,350 [DEBUG] WellApp.utils: normalize_bha_name: 'Heavy Weight' -> 'Heavy Weight'
2025-11-26 17:46:34,350 [DEBUG] WellApp.utils: normalize_bha_name: 'Drill Collar' -> 'Drill Collar'
2025-11-26 17:46:34,350 [DEBUG] WellApp.utils: normalize_bha_name: 'Mud Motor' -> 'Mud Motor'
2025-11-26 17:46:34,350 [DEBUG] WellApp.utils: normalize_bha_name: 'Bit' -> 'Bit'
2025-11-26 17:46:34,351 [DEBUG] WellApp.gui: Скорректирована длина верхнего элемента КНБК на 254.700 м для соответствия глубине конструкции
2025-11-26 17:46:34,351 [DEBUG] WellApp.gui: Добавлен Fluid: Раствор 1, Раствор, 1.2, <PyQt5.QtGui.QColor object at 0x000002B5EDBC14E0>
2025-11-26 17:46:34,351 [DEBUG] WellApp.gui: Добавлен Fluid: Раствор 9, Раствор, 1.8, <PyQt5.QtGui.QColor object at 0x000002B5EDBC16A0>
2025-11-26 17:46:34,352 [DEBUG] WellApp.gui: Итоговое содержимое fluids: ['Раствор 1', 'Раствор 9']
2025-11-26 17:46:34,352 [DEBUG] WellApp.volumes: calculate_volumes: старт расчёта, casings=2, bha=5
2025-11-26 17:46:34,352 [DEBUG] WellApp.volumes: calculate_volumes: завершено. V_casings=95.996, V_bha_int=15.873, V_bha_disp=31.926, V_annulus=64.070
2025-11-26 17:46:34,353 [DEBUG] WellApp.graphics: BHA элементов (снизу вверх): ['Drill Pipe L=2054.70, OD=127.0', 'Heavy Weight L=200.00, OD=139.7', 'Drill Collar L=80.00, OD=203.0', 'Mud Motor L=10.00, OD=172.0', 'Bit L=0.30, OD=215.9']
2025-11-26 17:46:34,360 [DEBUG] WellApp.gui: Расчёт объёмов и обновление схемы завершены успешно
2025-11-26 17:46:35,830 [DEBUG] WellApp.gui: Переключение на вкладку 'Равновесие'
2025-11-26 17:46:35,830 [DEBUG] WellApp.gui: populate_fluid_combos: обновлено 2 жидкостей
2025-11-26 17:46:35,831 [DEBUG] WellApp.gui: get_max_tvd: прочитан TVD=2233.86
2025-11-26 17:46:40,186 [DEBUG] WellApp.gui: run_balance_calc: запуск
2025-11-26 17:46:40,187 [DEBUG] WellApp.gui: get_max_tvd: прочитан TVD=2233.86
2025-11-26 17:46:40,187 [DEBUG] WellApp.gui: run_balance_calc: tubing=Раствор 1 (ρ=1.200), annulus=Раствор 9 (ρ=1.800)
2025-11-26 17:46:40,187 [DEBUG] WellApp.balance: === Запуск calculate_balance ===
2025-11-26 17:46:40,188 [DEBUG] WellApp.balance: Входные: P_res=40000000.0, depth_hint_m=2233.86, max_tvd_m(вход)=2233.86, D_tubing_mm=100.0, D_well_mm=200.0, D_knbk_mm=0.0, L_knbk_m=0.0
2025-11-26 17:46:40,188 [DEBUG] WellApp.balance: effective_max_tvd=2233.86
2025-11-26 17:46:40,188 [DEBUG] WellApp.balance: Плотности: rho_t=1200.0, rho_a=1800.0
2025-11-26 17:46:40,188 [DEBUG] WellApp.balance: Высоты (до ограничений): h_t=1698.9466530750935, h_a=1132.6311020500623
2025-11-26 17:46:40,188 [DEBUG] WellApp.balance: Высоты (после ограничений): h_t=1698.9466530750935, h_a=1132.6311020500623
2025-11-26 17:46:40,188 [DEBUG] WellApp.balance: Давления: p_t=20000000.0, p_a=20000000.0, p_total=40000000.0; diff_channels=0.0, diff_reservoir=0.0
2025-11-26 17:46:40,189 [DEBUG] WellApp.balance: Геометрия (м): D_t_id=0.1, D_w=0.2, D_k_od=0.0, L_knbk_m=0.0
2025-11-26 17:46:40,189 [DEBUG] WellApp.balance: Площадь трубы A_full=0.007853981633974483; V_t=13.343495810354202
2025-11-26 17:46:40,189 [DEBUG] WellApp.balance: Площадь затруба A_annulus=0.023561944901923454; V_a=26.686991620708408
2025-11-26 17:46:40,189 [DEBUG] WellApp.balance: === Расчёт calculate_balance завершён успешно ===
2025-11-26 17:46:40,189 [DEBUG] WellApp.gui: Результаты расчёта равновесия: h_t=1698.9466530750935, h_a=1132.6311020500623, V_t=13.343495810354202, V_a=26.686991620708408
2025-11-26 17:46:40,189 [DEBUG] WellApp.graphics: draw_fluids: нарисованы столбы h_t=1698.95 м, h_a=1132.63 м (bottom_y=2345.00, total_depth_md=2345.00)
2025-11-26 17:51:07,810 [DEBUG] WellApp.gui: run_balance_calc: запуск
2025-11-26 17:51:07,811 [DEBUG] WellApp.gui: get_max_tvd: прочитан TVD=2233.86
2025-11-26 17:51:07,811 [DEBUG] WellApp.gui: run_balance_calc: tubing=Раствор 1 (ρ=1.200), annulus=Раствор 9 (ρ=1.800)
2025-11-26 17:51:07,811 [DEBUG] WellApp.balance: === Запуск calculate_balance ===
2025-11-26 17:51:07,811 [DEBUG] WellApp.balance: Входные: P_res=40000000.0, depth_hint_m=2233.86, max_tvd_m(вход)=2233.86, D_tubing_mm=100.0, D_well_mm=200.0, D_knbk_mm=0.0, L_knbk_m=0.0
2025-11-26 17:51:07,811 [DEBUG] WellApp.balance: effective_max_tvd=2233.86
2025-11-26 17:51:07,811 [DEBUG] WellApp.balance: Плотности: rho_t=1200.0, rho_a=1800.0
2025-11-26 17:51:07,811 [DEBUG] WellApp.balance: Высоты (до ограничений): h_t=1698.9466530750935, h_a=1132.6311020500623
2025-11-26 17:51:07,812 [DEBUG] WellApp.balance: Высоты (после ограничений): h_t=1698.9466530750935, h_a=1132.6311020500623
2025-11-26 17:51:07,812 [DEBUG] WellApp.balance: Давления: p_t=20000000.0, p_a=20000000.0, p_total=40000000.0; diff_channels=0.0, diff_reservoir=0.0
2025-11-26 17:51:07,812 [DEBUG] WellApp.balance: Геометрия (м): D_t_id=0.1, D_w=0.2, D_k_od=0.0, L_knbk_m=0.0
2025-11-26 17:51:07,812 [DEBUG] WellApp.balance: Площадь трубы A_full=0.007853981633974483; V_t=13.343495810354202
2025-11-26 17:51:07,812 [DEBUG] WellApp.balance: Площадь затруба A_annulus=0.023561944901923454; V_a=26.686991620708408
2025-11-26 17:51:07,812 [DEBUG] WellApp.balance: === Расчёт calculate_balance завершён успешно ===
2025-11-26 17:51:07,812 [DEBUG] WellApp.gui: Результаты расчёта равновесия: h_t=1698.9466530750935, h_a=1132.6311020500623, V_t=13.343495810354202, V_a=26.686991620708408
2025-11-26 17:51:07,813 [DEBUG] WellApp.graphics: draw_fluids: нарисованы столбы h_t=1698.95 м, h_a=1132.63 м (bottom_y=2345.00, total_depth_md=2345.00)
2025-11-26 17:51:08,123 [DEBUG] WellApp.gui: run_balance_calc: запуск
2025-11-26 17:51:08,123 [DEBUG] WellApp.gui: get_max_tvd: прочитан TVD=2233.86
2025-11-26 17:51:08,124 [DEBUG] WellApp.gui: run_balance_calc: tubing=Раствор 1 (ρ=1.200), annulus=Раствор 9 (ρ=1.800)
2025-11-26 17:51:08,124 [DEBUG] WellApp.balance: === Запуск calculate_balance ===
2025-11-26 17:51:08,124 [DEBUG] WellApp.balance: Входные: P_res=40000000.0, depth_hint_m=2233.86, max_tvd_m(вход)=2233.86, D_tubing_mm=100.0, D_well_mm=200.0, D_knbk_mm=0.0, L_knbk_m=0.0
2025-11-26 17:51:08,124 [DEBUG] WellApp.balance: effective_max_tvd=2233.86
2025-11-26 17:51:08,124 [DEBUG] WellApp.balance: Плотности: rho_t=1200.0, rho_a=1800.0
2025-11-26 17:51:08,124 [DEBUG] WellApp.balance: Высоты (до ограничений): h_t=1698.9466530750935, h_a=1132.6311020500623
2025-11-26 17:51:08,124 [DEBUG] WellApp.balance: Высоты (после ограничений): h_t=1698.9466530750935, h_a=1132.6311020500623
2025-11-26 17:51:08,125 [DEBUG] WellApp.balance: Давления: p_t=20000000.0, p_a=20000000.0, p_total=40000000.0; diff_channels=0.0, diff_reservoir=0.0
2025-11-26 17:51:08,125 [DEBUG] WellApp.balance: Геометрия (м): D_t_id=0.1, D_w=0.2, D_k_od=0.0, L_knbk_m=0.0
2025-11-26 17:51:08,125 [DEBUG] WellApp.balance: Площадь трубы A_full=0.007853981633974483; V_t=13.343495810354202
2025-11-26 17:51:08,125 [DEBUG] WellApp.balance: Площадь затруба A_annulus=0.023561944901923454; V_a=26.686991620708408
2025-11-26 17:51:08,125 [DEBUG] WellApp.balance: === Расчёт calculate_balance завершён успешно ===
2025-11-26 17:51:08,125 [DEBUG] WellApp.gui: Результаты расчёта равновесия: h_t=1698.9466530750935, h_a=1132.6311020500623, V_t=13.343495810354202, V_a=26.686991620708408
2025-11-26 17:51:08,125 [DEBUG] WellApp.graphics: draw_fluids: нарисованы столбы h_t=1698.95 м, h_a=1132.63 м (bottom_y=2345.00, total_depth_md=2345.00)
2025-11-26 17:51:08,270 [DEBUG] WellApp.gui: run_balance_calc: запуск
2025-11-26 17:51:08,270 [DEBUG] WellApp.gui: get_max_tvd: прочитан TVD=2233.86
2025-11-26 17:51:08,271 [DEBUG] WellApp.gui: run_balance_calc: tubing=Раствор 1 (ρ=1.200), annulus=Раствор 9 (ρ=1.800)
2025-11-26 17:51:08,271 [DEBUG] WellApp.balance: === Запуск calculate_balance ===
2025-11-26 17:51:08,271 [DEBUG] WellApp.balance: Входные: P_res=40000000.0, depth_hint_m=2233.86, max_tvd_m(вход)=2233.86, D_tubing_mm=100.0, D_well_mm=200.0, D_knbk_mm=0.0, L_knbk_m=0.0
2025-11-26 17:51:08,271 [DEBUG] WellApp.balance: effective_max_tvd=2233.86
2025-11-26 17:51:08,271 [DEBUG] WellApp.balance: Плотности: rho_t=1200.0, rho_a=1800.0
2025-11-26 17:51:08,272 [DEBUG] WellApp.balance: Высоты (до ограничений): h_t=1698.9466530750935, h_a=1132.6311020500623
2025-11-26 17:51:08,272 [DEBUG] WellApp.balance: Высоты (после ограничений): h_t=1698.9466530750935, h_a=1132.6311020500623
2025-11-26 17:51:08,272 [DEBUG] WellApp.balance: Давления: p_t=20000000.0, p_a=20000000.0, p_total=40000000.0; diff_channels=0.0, diff_reservoir=0.0
2025-11-26 17:51:08,272 [DEBUG] WellApp.balance: Геометрия (м): D_t_id=0.1, D_w=0.2, D_k_od=0.0, L_knbk_m=0.0
2025-11-26 17:51:08,273 [DEBUG] WellApp.balance: Площадь трубы A_full=0.007853981633974483; V_t=13.343495810354202
2025-11-26 17:51:08,273 [DEBUG] WellApp.balance: Площадь затруба A_annulus=0.023561944901923454; V_a=26.686991620708408
2025-11-26 17:51:08,273 [DEBUG] WellApp.balance: === Расчёт calculate_balance завершён успешно ===
2025-11-26 17:51:08,274 [DEBUG] WellApp.gui: Результаты расчёта равновесия: h_t=1698.9466530750935, h_a=1132.6311020500623, V_t=13.343495810354202, V_a=26.686991620708408
2025-11-26 17:51:08,274 [DEBUG] WellApp.graphics: draw_fluids: нарисованы столбы h_t=1698.95 м, h_a=1132.63 м (bottom_y=2345.00, total_depth_md=2345.00)
2025-11-26 17:51:08,438 [DEBUG] WellApp.gui: run_balance_calc: запуск
2025-11-26 17:51:08,439 [DEBUG] WellApp.gui: get_max_tvd: прочитан TVD=2233.86
2025-11-26 17:51:08,439 [DEBUG] WellApp.gui: run_balance_calc: tubing=Раствор 1 (ρ=1.200), annulus=Раствор 9 (ρ=1.800)
2025-11-26 17:51:08,439 [DEBUG] WellApp.balance: === Запуск calculate_balance ===
2025-11-26 17:51:08,440 [DEBUG] WellApp.balance: Входные: P_res=40000000.0, depth_hint_m=2233.86, max_tvd_m(вход)=2233.86, D_tubing_mm=100.0, D_well_mm=200.0, D_knbk_mm=0.0, L_knbk_m=0.0
2025-11-26 17:51:08,440 [DEBUG] WellApp.balance: effective_max_tvd=2233.86
2025-11-26 17:51:08,440 [DEBUG] WellApp.balance: Плотности: rho_t=1200.0, rho_a=1800.0
2025-11-26 17:51:08,440 [DEBUG] WellApp.balance: Высоты (до ограничений): h_t=1698.9466530750935, h_a=1132.6311020500623
2025-11-26 17:51:08,440 [DEBUG] WellApp.balance: Высоты (после ограничений): h_t=1698.9466530750935, h_a=1132.6311020500623
2025-11-26 17:51:08,441 [DEBUG] WellApp.balance: Давления: p_t=20000000.0, p_a=20000000.0, p_total=40000000.0; diff_channels=0.0, diff_reservoir=0.0
2025-11-26 17:51:08,441 [DEBUG] WellApp.balance: Геометрия (м): D_t_id=0.1, D_w=0.2, D_k_od=0.0, L_knbk_m=0.0
2025-11-26 17:51:08,441 [DEBUG] WellApp.balance: Площадь трубы A_full=0.007853981633974483; V_t=13.343495810354202
2025-11-26 17:51:08,441 [DEBUG] WellApp.balance: Площадь затруба A_annulus=0.023561944901923454; V_a=26.686991620708408
2025-11-26 17:51:08,441 [DEBUG] WellApp.balance: === Расчёт calculate_balance завершён успешно ===
2025-11-26 17:51:08,441 [DEBUG] WellApp.gui: Результаты расчёта равновесия: h_t=1698.9466530750935, h_a=1132.6311020500623, V_t=13.343495810354202, V_a=26.686991620708408
2025-11-26 17:51:08,442 [DEBUG] WellApp.graphics: draw_fluids: нарисованы столбы h_t=1698.95 м, h_a=1132.63 м (bottom_y=2345.00, total_depth_md=2345.00)
2025-11-26 17:51:17,078 [DEBUG] WellApp: Логгер WellApp настроен. Файл лога: C:\Users\pasha\OneDrive\Рабочий стол\WellLib\csg\program_debug.log
2025-11-26 17:51:17,100 [INFO] WellApp.gui: Запуск WellApp из csg.py
2025-11-26 17:51:17,137 [DEBUG] WellApp.gui: Инициализация WellApp
2025-11-26 17:51:17,139 [DEBUG] WellApp.graphics: BHA элементов (снизу вверх): []
2025-11-26 17:51:17,139 [DEBUG] WellApp.trajectory: Инициализация TrajectoryTab
2025-11-26 17:51:17,313 [DEBUG] WellApp.trajectory: Добавлена точка траектории, всего строк: 1
2025-11-26 17:51:17,316 [DEBUG] WellApp.gui: Инициализация BalanceTab
2025-11-26 17:51:17,326 [DEBUG] WellApp.gui: Инициализация вкладки 'Жидкости'
2025-11-26 17:51:17,328 [DEBUG] WellApp.gui: populate_fluid_combos: обновлено 1 жидкостей
2025-11-26 17:51:17,328 [DEBUG] WellApp.gui: Добавлена жидкость: Раствор 1, 1.2 г/см³, тип Раствор
2025-11-26 17:51:17,328 [DEBUG] WellApp.gui: populate_fluid_combos: обновлено 1 жидкостей
2025-11-26 17:51:17,328 [DEBUG] WellApp.gui: Инициализация вкладки 'Конструкция'
2025-11-26 17:51:17,331 [DEBUG] WellApp.gui: Добавлена строка колонны, всего строк: 1
2025-11-26 17:51:17,331 [DEBUG] WellApp.gui: Инициализация вкладки 'КНБК'
2025-11-26 17:51:17,332 [DEBUG] WellApp.gui: Добавлена строка КНБК, всего строк: 1
2025-11-26 17:51:17,332 [DEBUG] WellApp.gui: Инициализация вкладки 'Объёмы'
2025-11-26 17:51:26,305 [DEBUG] WellApp.gui: paste_bha_from_clipboard: сырая строка='Drill Pipe\t1800.0\t127.0\t95.0', parts=['Drill Pipe', '1800.0', '127.0', '95.0']
2025-11-26 17:51:26,305 [DEBUG] WellApp.utils: normalize_bha_name: 'Drill Pipe' -> 'Drill Pipe'
2025-11-26 17:51:26,305 [DEBUG] WellApp.gui: paste_bha_from_clipboard: сырая строка='Heavy Weight\t200.0\t139.7\t76.0', parts=['Heavy Weight', '200.0', '139.7', '76.0']
2025-11-26 17:51:26,305 [DEBUG] WellApp.utils: normalize_bha_name: 'Heavy Weight' -> 'Heavy Weight'
2025-11-26 17:51:26,306 [DEBUG] WellApp.gui: paste_bha_from_clipboard: сырая строка='Drill Collar\t80.0\t203.0\t76.0', parts=['Drill Collar', '80.0', '203.0', '76.0']
2025-11-26 17:51:26,306 [DEBUG] WellApp.utils: normalize_bha_name: 'Drill Collar' -> 'Drill Collar'
2025-11-26 17:51:26,306 [DEBUG] WellApp.gui: paste_bha_from_clipboard: сырая строка='Mud Motor\t10.0\t172.0\t70.0', parts=['Mud Motor', '10.0', '172.0', '70.0']
2025-11-26 17:51:26,306 [DEBUG] WellApp.utils: normalize_bha_name: 'Mud Motor' -> 'Mud Motor'
2025-11-26 17:51:26,306 [DEBUG] WellApp.gui: paste_bha_from_clipboard: сырая строка='Bit\t0.3\t215.9\t0.0', parts=['Bit', '0.3', '215.9', '0.0']
2025-11-26 17:51:26,306 [DEBUG] WellApp.utils: normalize_bha_name: 'Bit' -> 'Bit'
2025-11-26 17:51:26,306 [DEBUG] WellApp.gui: Из буфера вставлено элементов КНБК: 5
2025-11-26 17:51:33,538 [DEBUG] WellApp.trajectory: Очистка таблицы траектории
2025-11-26 17:51:33,877 [DEBUG] WellApp.trajectory: paste: вставка траектории из буфера, длина текста=39
2025-11-26 17:51:33,877 [DEBUG] WellApp.trajectory: Очистка таблицы траектории
2025-11-26 17:51:33,878 [DEBUG] WellApp.trajectory: load_from_text: обработка 4 строк
2025-11-26 17:51:33,878 [DEBUG] WellApp.gui: get_max_tvd: прочитан TVD=2233.86
2025-11-26 17:51:44,867 [DEBUG] WellApp.gui: Добавлена строка Open Hole, всего строк: 1
2025-11-26 17:51:52,161 [DEBUG] WellApp.gui: populate_fluid_combos: обновлено 2 жидкостей
2025-11-26 17:51:52,161 [DEBUG] WellApp.gui: Добавлена жидкость: Буфер 2, 1.2 г/см³, тип Буфер
2025-11-26 17:51:52,162 [DEBUG] WellApp.gui: populate_fluid_combos: обновлено 2 жидкостей
2025-11-26 17:51:52,162 [DEBUG] WellApp.gui: populate_fluid_combos: обновлено 2 жидкостей
2025-11-26 17:51:52,166 [DEBUG] WellApp.gui: populate_fluid_combos: обновлено 2 жидкостей
2025-11-26 17:51:55,932 [DEBUG] WellApp.gui: populate_fluid_combos: обновлено 2 жидкостей
2025-11-26 17:51:55,987 [DEBUG] WellApp.gui: Старт расчёта объёмов и построения схемы
2025-11-26 17:51:55,987 [DEBUG] WellApp.utils: compute_casing_params -> OD=245.000, ID=226.000, wall=9.500
2025-11-26 17:51:55,987 [WARNING] WellApp.geom: Casing 'Open Hole': ID >= OD (id=230.000 мм, od=230.000 мм) — проверьте данные
2025-11-26 17:51:55,987 [DEBUG] WellApp.utils: normalize_bha_name: 'Drill Pipe' -> 'Drill Pipe'
2025-11-26 17:51:55,987 [DEBUG] WellApp.utils: normalize_bha_name: 'Heavy Weight' -> 'Heavy Weight'
2025-11-26 17:51:55,988 [DEBUG] WellApp.utils: normalize_bha_name: 'Drill Collar' -> 'Drill Collar'
2025-11-26 17:51:55,988 [DEBUG] WellApp.utils: normalize_bha_name: 'Mud Motor' -> 'Mud Motor'
2025-11-26 17:51:55,988 [DEBUG] WellApp.utils: normalize_bha_name: 'Bit' -> 'Bit'
2025-11-26 17:51:55,988 [DEBUG] WellApp.gui: Скорректирована длина верхнего элемента КНБК на 254.700 м для соответствия глубине конструкции
2025-11-26 17:51:55,988 [DEBUG] WellApp.gui: Добавлен Fluid: Раствор 1, Раствор, 1.2, <PyQt5.QtGui.QColor object at 0x00000232102314E0>
2025-11-26 17:51:55,988 [DEBUG] WellApp.gui: Добавлен Fluid: Буфер 2, Буфер, 1.7, <PyQt5.QtGui.QColor object at 0x00000232102316A0>
2025-11-26 17:51:55,988 [DEBUG] WellApp.gui: Итоговое содержимое fluids: ['Раствор 1', 'Буфер 2']
2025-11-26 17:51:55,988 [DEBUG] WellApp.volumes: calculate_volumes: старт расчёта, casings=2, bha=5
2025-11-26 17:51:55,988 [DEBUG] WellApp.volumes: calculate_volumes: завершено. V_casings=95.996, V_bha_int=15.873, V_bha_disp=31.926, V_annulus=64.070
2025-11-26 17:51:55,990 [DEBUG] WellApp.graphics: BHA элементов (снизу вверх): ['Drill Pipe L=2054.70, OD=127.0', 'Heavy Weight L=200.00, OD=139.7', 'Drill Collar L=80.00, OD=203.0', 'Mud Motor L=10.00, OD=172.0', 'Bit L=0.30, OD=215.9']
2025-11-26 17:51:55,995 [DEBUG] WellApp.gui: Расчёт объёмов и обновление схемы завершены успешно
2025-11-26 17:51:56,635 [DEBUG] WellApp.gui: Переключение на вкладку 'Равновесие'
2025-11-26 17:51:56,635 [DEBUG] WellApp.gui: populate_fluid_combos: обновлено 2 жидкостей
2025-11-26 17:51:56,636 [DEBUG] WellApp.gui: get_max_tvd: прочитан TVD=2233.86
2025-11-26 17:52:01,107 [DEBUG] WellApp.gui: run_balance_calc: запуск
2025-11-26 17:52:01,107 [DEBUG] WellApp.gui: get_max_tvd: прочитан TVD=2233.86
2025-11-26 17:52:01,107 [DEBUG] WellApp.gui: run_balance_calc: tubing=Раствор 1 (ρ=1.200), annulus=Буфер 2 (ρ=1.700)
2025-11-26 17:52:01,108 [DEBUG] WellApp.balance: === Запуск calculate_balance ===
2025-11-26 17:52:01,108 [DEBUG] WellApp.balance: Входные: P_res=40000000.0, depth_hint_m=2233.86, max_tvd_m(вход)=2233.86, D_tubing_mm=100.0, D_well_mm=200.0, D_knbk_mm=0.0, L_knbk_m=0.0
2025-11-26 17:52:01,108 [DEBUG] WellApp.balance: effective_max_tvd=2233.86
2025-11-26 17:52:01,108 [DEBUG] WellApp.balance: Плотности: rho_t=1200.0, rho_a=1700.0
2025-11-26 17:52:01,109 [DEBUG] WellApp.balance: Высоты (до ограничений): h_t=1698.9466530750935, h_a=1199.2564609941837
2025-11-26 17:52:01,109 [DEBUG] WellApp.balance: Высоты (после ограничений): h_t=1698.9466530750935, h_a=1199.2564609941837
2025-11-26 17:52:01,109 [DEBUG] WellApp.balance: Давления: p_t=20000000.0, p_a=20000000.000000004, p_total=40000000.0; diff_channels=3.725290298461914e-09, diff_reservoir=0.0
2025-11-26 17:52:01,109 [DEBUG] WellApp.balance: Геометрия (м): D_t_id=0.1, D_w=0.2, D_k_od=0.0, L_knbk_m=0.0
2025-11-26 17:52:01,109 [DEBUG] WellApp.balance: Площадь трубы A_full=0.007853981633974483; V_t=13.343495810354202
2025-11-26 17:52:01,109 [DEBUG] WellApp.balance: Площадь затруба A_annulus=0.023561944901923454; V_a=28.25681465722067
2025-11-26 17:52:01,109 [DEBUG] WellApp.balance: === Расчёт calculate_balance завершён успешно ===
2025-11-26 17:52:01,109 [DEBUG] WellApp.gui: Результаты расчёта равновесия: h_t=1698.9466530750935, h_a=1199.2564609941837, V_t=13.343495810354202, V_a=28.25681465722067
2025-11-26 17:52:01,110 [DEBUG] WellApp.graphics: draw_fluids: нарисованы столбы h_t=1698.95 м, h_a=1199.26 м (bottom_y=2345.00, total_depth_md=2345.00)
2025-11-26 17:52:41,435 [DEBUG] WellApp: Логгер WellApp настроен. Файл лога: C:\Users\pasha\OneDrive\Рабочий стол\WellLib\csg\program_debug.log
2025-11-26 17:52:41,455 [INFO] WellApp.gui: Запуск WellApp из csg.py
2025-11-26 17:52:41,491 [DEBUG] WellApp.gui: Инициализация WellApp
2025-11-26 17:52:41,492 [DEBUG] WellApp.graphics: BHA элементов (снизу вверх): []
2025-11-26 17:52:41,493 [DEBUG] WellApp.trajectory: Инициализация TrajectoryTab
2025-11-26 17:52:41,648 [DEBUG] WellApp.trajectory: Добавлена точка траектории, всего строк: 1
2025-11-26 17:52:41,650 [DEBUG] WellApp.gui: Инициализация BalanceTab
2025-11-26 17:52:41,661 [DEBUG] WellApp.gui: Инициализация вкладки 'Жидкости'
2025-11-26 17:52:41,662 [DEBUG] WellApp.gui: populate_fluid_combos: обновлено 1 жидкостей
2025-11-26 17:52:41,662 [DEBUG] WellApp.gui: Добавлена жидкость: Раствор 1, 1.2 г/см³, тип Раствор
2025-11-26 17:52:41,662 [DEBUG] WellApp.gui: populate_fluid_combos: обновлено 1 жидкостей
2025-11-26 17:52:41,662 [DEBUG] WellApp.gui: Инициализация вкладки 'Конструкция'
2025-11-26 17:52:41,664 [DEBUG] WellApp.gui: Добавлена строка колонны, всего строк: 1
2025-11-26 17:52:41,664 [DEBUG] WellApp.gui: Инициализация вкладки 'КНБК'
2025-11-26 17:52:41,665 [DEBUG] WellApp.gui: Добавлена строка КНБК, всего строк: 1
2025-11-26 17:52:41,666 [DEBUG] WellApp.gui: Инициализация вкладки 'Объёмы'
2025-11-26 17:52:49,180 [DEBUG] WellApp.trajectory: Очистка таблицы траектории
2025-11-26 17:52:49,412 [DEBUG] WellApp.trajectory: paste: вставка траектории из буфера, длина текста=39
2025-11-26 17:52:49,413 [DEBUG] WellApp.trajectory: Очистка таблицы траектории
2025-11-26 17:52:49,413 [DEBUG] WellApp.trajectory: load_from_text: обработка 4 строк
2025-11-26 17:52:49,413 [DEBUG] WellApp.gui: get_max_tvd: прочитан TVD=2233.86
2025-11-26 17:52:57,755 [DEBUG] WellApp.gui: paste_bha_from_clipboard: сырая строка='Drill Pipe\t1800.0\t127.0\t95.0', parts=['Drill Pipe', '1800.0', '127.0', '95.0']
2025-11-26 17:52:57,755 [DEBUG] WellApp.utils: normalize_bha_name: 'Drill Pipe' -> 'Drill Pipe'
2025-11-26 17:52:57,756 [DEBUG] WellApp.gui: paste_bha_from_clipboard: сырая строка='Heavy Weight\t200.0\t139.7\t76.0', parts=['Heavy Weight', '200.0', '139.7', '76.0']
2025-11-26 17:52:57,756 [DEBUG] WellApp.utils: normalize_bha_name: 'Heavy Weight' -> 'Heavy Weight'
2025-11-26 17:52:57,756 [DEBUG] WellApp.gui: paste_bha_from_clipboard: сырая строка='Drill Collar\t80.0\t203.0\t76.0', parts=['Drill Collar', '80.0', '203.0', '76.0']
2025-11-26 17:52:57,756 [DEBUG] WellApp.utils: normalize_bha_name: 'Drill Collar' -> 'Drill Collar'
2025-11-26 17:52:57,756 [DEBUG] WellApp.gui: paste_bha_from_clipboard: сырая строка='Mud Motor\t10.0\t172.0\t70.0', parts=['Mud Motor', '10.0', '172.0', '70.0']
2025-11-26 17:52:57,756 [DEBUG] WellApp.utils: normalize_bha_name: 'Mud Motor' -> 'Mud Motor'
2025-11-26 17:52:57,757 [DEBUG] WellApp.gui: paste_bha_from_clipboard: сырая строка='Bit\t0.3\t215.9\t0.0', parts=['Bit', '0.3', '215.9', '0.0']
2025-11-26 17:52:57,757 [DEBUG] WellApp.utils: normalize_bha_name: 'Bit' -> 'Bit'
2025-11-26 17:52:57,757 [DEBUG] WellApp.gui: Из буфера вставлено элементов КНБК: 5
2025-11-26 17:53:05,165 [DEBUG] WellApp.gui: Добавлена строка Open Hole, всего строк: 1
2025-11-26 17:53:11,410 [DEBUG] WellApp.gui: populate_fluid_combos: обновлено 2 жидкостей
2025-11-26 17:53:11,411 [DEBUG] WellApp.gui: Добавлена жидкость: Буфер 2, 1.2 г/см³, тип Буфер
2025-11-26 17:53:11,411 [DEBUG] WellApp.gui: populate_fluid_combos: обновлено 2 жидкостей
2025-11-26 17:53:11,412 [DEBUG] WellApp.gui: populate_fluid_combos: обновлено 2 жидкостей
2025-11-26 17:53:11,412 [DEBUG] WellApp.gui: populate_fluid_combos: обновлено 2 жидкостей
2025-11-26 17:53:14,665 [DEBUG] WellApp.gui: populate_fluid_combos: обновлено 2 жидкостей
2025-11-26 17:53:14,710 [DEBUG] WellApp.gui: Старт расчёта объёмов и построения схемы
2025-11-26 17:53:14,711 [DEBUG] WellApp.utils: compute_casing_params -> OD=245.000, ID=226.000, wall=9.500
2025-11-26 17:53:14,711 [WARNING] WellApp.geom: Casing 'Open Hole': ID >= OD (id=230.000 мм, od=230.000 мм) — проверьте данные
2025-11-26 17:53:14,711 [DEBUG] WellApp.utils: normalize_bha_name: 'Drill Pipe' -> 'Drill Pipe'
2025-11-26 17:53:14,711 [DEBUG] WellApp.utils: normalize_bha_name: 'Heavy Weight' -> 'Heavy Weight'
2025-11-26 17:53:14,711 [DEBUG] WellApp.utils: normalize_bha_name: 'Drill Collar' -> 'Drill Collar'
2025-11-26 17:53:14,711 [DEBUG] WellApp.utils: normalize_bha_name: 'Mud Motor' -> 'Mud Motor'
2025-11-26 17:53:14,712 [DEBUG] WellApp.utils: normalize_bha_name: 'Bit' -> 'Bit'
2025-11-26 17:53:14,712 [DEBUG] WellApp.gui: Скорректирована длина верхнего элемента КНБК на 254.700 м для соответствия глубине конструкции
2025-11-26 17:53:14,712 [DEBUG] WellApp.gui: Добавлен Fluid: Раствор 1, Раствор, 1.2, <PyQt5.QtGui.QColor object at 0x0000021CCDC314E0>
2025-11-26 17:53:14,712 [DEBUG] WellApp.gui: Добавлен Fluid: Буфер 2, Буфер, 1.7, <PyQt5.QtGui.QColor object at 0x0000021CCDC316A0>
2025-11-26 17:53:14,713 [DEBUG] WellApp.gui: Итоговое содержимое fluids: ['Раствор 1', 'Буфер 2']
2025-11-26 17:53:14,713 [DEBUG] WellApp.volumes: calculate_volumes: старт расчёта, casings=2, bha=5
2025-11-26 17:53:14,713 [DEBUG] WellApp.volumes: calculate_volumes: завершено. V_casings=95.996, V_bha_int=15.873, V_bha_disp=31.926, V_annulus=64.070
2025-11-26 17:53:14,715 [DEBUG] WellApp.graphics: BHA элементов (снизу вверх): ['Drill Pipe L=2054.70, OD=127.0', 'Heavy Weight L=200.00, OD=139.7', 'Drill Collar L=80.00, OD=203.0', 'Mud Motor L=10.00, OD=172.0', 'Bit L=0.30, OD=215.9']
2025-11-26 17:53:14,722 [DEBUG] WellApp.gui: Расчёт объёмов и обновление схемы завершены успешно
2025-11-26 17:53:15,006 [DEBUG] WellApp.gui: Старт расчёта объёмов и построения схемы
2025-11-26 17:53:15,007 [DEBUG] WellApp.utils: compute_casing_params -> OD=245.000, ID=226.000, wall=9.500
2025-11-26 17:53:15,007 [WARNING] WellApp.geom: Casing 'Open Hole': ID >= OD (id=230.000 мм, od=230.000 мм) — проверьте данные
2025-11-26 17:53:15,008 [DEBUG] WellApp.utils: normalize_bha_name: 'Drill Pipe' -> 'Drill Pipe'
2025-11-26 17:53:15,008 [DEBUG] WellApp.utils: normalize_bha_name: 'Heavy Weight' -> 'Heavy Weight'
2025-11-26 17:53:15,008 [DEBUG] WellApp.utils: normalize_bha_name: 'Drill Collar' -> 'Drill Collar'
2025-11-26 17:53:15,009 [DEBUG] WellApp.utils: normalize_bha_name: 'Mud Motor' -> 'Mud Motor'
2025-11-26 17:53:15,009 [DEBUG] WellApp.utils: normalize_bha_name: 'Bit' -> 'Bit'
2025-11-26 17:53:15,009 [DEBUG] WellApp.gui: Добавлен Fluid: Раствор 1, Раствор, 1.2, <PyQt5.QtGui.QColor object at 0x0000021CCDC314E0>
2025-11-26 17:53:15,009 [DEBUG] WellApp.gui: Добавлен Fluid: Буфер 2, Буфер, 1.7, <PyQt5.QtGui.QColor object at 0x0000021CCDC31550>
2025-11-26 17:53:15,009 [DEBUG] WellApp.gui: Итоговое содержимое fluids: ['Раствор 1', 'Буфер 2']
2025-11-26 17:53:15,010 [DEBUG] WellApp.volumes: calculate_volumes: старт расчёта, casings=2, bha=5
2025-11-26 17:53:15,010 [DEBUG] WellApp.volumes: calculate_volumes: завершено. V_casings=95.996, V_bha_int=15.873, V_bha_disp=31.926, V_annulus=64.070
2025-11-26 17:53:15,011 [DEBUG] WellApp.graphics: BHA элементов (снизу вверх): ['Drill Pipe L=2054.70, OD=127.0', 'Heavy Weight L=200.00, OD=139.7', 'Drill Collar L=80.00, OD=203.0', 'Mud Motor L=10.00, OD=172.0', 'Bit L=0.30, OD=215.9']
2025-11-26 17:53:15,016 [DEBUG] WellApp.gui: Расчёт объёмов и обновление схемы завершены успешно
2025-11-26 17:53:15,607 [DEBUG] WellApp.gui: Переключение на вкладку 'Равновесие'
2025-11-26 17:53:15,607 [DEBUG] WellApp.gui: populate_fluid_combos: обновлено 2 жидкостей
2025-11-26 17:53:15,608 [DEBUG] WellApp.gui: get_max_tvd: прочитан TVD=2233.86
2025-11-26 17:53:22,225 [DEBUG] WellApp.gui: run_balance_calc: запуск
2025-11-26 17:53:22,225 [DEBUG] WellApp.gui: get_max_tvd: прочитан TVD=2233.86
2025-11-26 17:53:22,225 [DEBUG] WellApp.gui: run_balance_calc: tubing=Раствор 1 (ρ=1.200), annulus=Буфер 2 (ρ=1.700)
2025-11-26 17:53:22,226 [DEBUG] WellApp.balance: === Запуск calculate_balance ===
2025-11-26 17:53:22,226 [DEBUG] WellApp.balance: Входные: P_res=40000000.0, depth_hint_m=2233.86, max_tvd_m(вход)=2233.86, D_tubing_mm=100.0, D_well_mm=200.0, D_knbk_mm=0.0, L_knbk_m=0.0
2025-11-26 17:53:22,226 [DEBUG] WellApp.balance: effective_max_tvd=2233.86
2025-11-26 17:53:22,226 [DEBUG] WellApp.balance: Плотности: rho_t=1200.0, rho_a=1700.0
2025-11-26 17:53:22,226 [DEBUG] WellApp.balance: Высоты (до ограничений): h_t=1698.9466530750935, h_a=1199.2564609941837
2025-11-26 17:53:22,226 [DEBUG] WellApp.balance: Высоты (после ограничений): h_t=1698.9466530750935, h_a=1199.2564609941837
2025-11-26 17:53:22,226 [DEBUG] WellApp.balance: Давления: p_t=20000000.0, p_a=20000000.000000004, p_total=40000000.0; diff_channels=3.725290298461914e-09, diff_reservoir=0.0
2025-11-26 17:53:22,226 [DEBUG] WellApp.balance: Геометрия (м): D_t_id=0.1, D_w=0.2, D_k_od=0.0, L_knbk_m=0.0
2025-11-26 17:53:22,226 [DEBUG] WellApp.balance: Площадь трубы A_full=0.007853981633974483; V_t=13.343495810354202
2025-11-26 17:53:22,226 [DEBUG] WellApp.balance: Площадь затруба A_annulus=0.023561944901923454; V_a=28.25681465722067
2025-11-26 17:53:22,227 [DEBUG] WellApp.balance: === Расчёт calculate_balance завершён успешно ===
2025-11-26 17:53:22,227 [DEBUG] WellApp.gui: Результаты расчёта равновесия: h_t=1698.9466530750935, h_a=1199.2564609941837, V_t=13.343495810354202, V_a=28.25681465722067
2025-11-26 17:53:22,227 [DEBUG] WellApp.graphics: draw_fluids: нарисованы столбы h_t=1698.95 м, h_a=1199.26 м (bottom_y=2345.00, total_depth_md=2345.00)
2025-11-26 17:53:41,936 [DEBUG] WellApp.gui: populate_fluid_combos: обновлено 2 жидкостей
2025-11-26 17:53:41,938 [DEBUG] WellApp.gui: populate_fluid_combos: обновлено 2 жидкостей
2025-11-26 17:53:44,912 [DEBUG] WellApp.gui: run_balance_calc: запуск
2025-11-26 17:53:44,912 [DEBUG] WellApp.gui: get_max_tvd: прочитан TVD=2233.86
2025-11-26 17:53:44,912 [DEBUG] WellApp.gui: run_balance_calc: tubing=Раствор 1 (ρ=1.200), annulus=Раствор 1 (ρ=1.200)
2025-11-26 17:53:44,912 [DEBUG] WellApp.balance: === Запуск calculate_balance ===
2025-11-26 17:53:44,913 [DEBUG] WellApp.balance: Входные: P_res=40000000.0, depth_hint_m=2233.86, max_tvd_m(вход)=2233.86, D_tubing_mm=100.0, D_well_mm=200.0, D_knbk_mm=0.0, L_knbk_m=0.0
2025-11-26 17:53:44,913 [DEBUG] WellApp.balance: effective_max_tvd=2233.86
2025-11-26 17:53:44,913 [DEBUG] WellApp.balance: Плотности: rho_t=1200.0, rho_a=1200.0
2025-11-26 17:53:44,913 [DEBUG] WellApp.balance: Высоты (до ограничений): h_t=1698.9466530750935, h_a=1698.9466530750935
2025-11-26 17:53:44,913 [DEBUG] WellApp.balance: Высоты (после ограничений): h_t=1698.9466530750935, h_a=1698.9466530750935
2025-11-26 17:53:44,914 [DEBUG] WellApp.balance: Давления: p_t=20000000.0, p_a=20000000.0, p_total=40000000.0; diff_channels=0.0, diff_reservoir=0.0
2025-11-26 17:53:44,914 [DEBUG] WellApp.balance: Геометрия (м): D_t_id=0.1, D_w=0.2, D_k_od=0.0, L_knbk_m=0.0
2025-11-26 17:53:44,914 [DEBUG] WellApp.balance: Площадь трубы A_full=0.007853981633974483; V_t=13.343495810354202
2025-11-26 17:53:44,914 [DEBUG] WellApp.balance: Площадь затруба A_annulus=0.023561944901923454; V_a=40.03048743106262
2025-11-26 17:53:44,914 [DEBUG] WellApp.balance: === Расчёт calculate_balance завершён успешно ===
2025-11-26 17:53:44,914 [DEBUG] WellApp.gui: Результаты расчёта равновесия: h_t=1698.9466530750935, h_a=1698.9466530750935, V_t=13.343495810354202, V_a=40.03048743106262
2025-11-26 17:53:44,915 [DEBUG] WellApp.graphics: draw_fluids: нарисованы столбы h_t=1698.95 м, h_a=1698.95 м (bottom_y=2345.00, total_depth_md=2345.00)
2025-11-26 17:53:49,670 [DEBUG] WellApp.gui: run_balance_calc: запуск
2025-11-26 17:53:49,670 [DEBUG] WellApp.gui: get_max_tvd: прочитан TVD=2233.86
2025-11-26 17:53:49,671 [DEBUG] WellApp.gui: run_balance_calc: tubing=Раствор 1 (ρ=1.200), annulus=Раствор 2 (ρ=1.700)
2025-11-26 17:53:49,671 [DEBUG] WellApp.balance: === Запуск calculate_balance ===
2025-11-26 17:53:49,671 [DEBUG] WellApp.balance: Входные: P_res=40000000.0, depth_hint_m=2233.86, max_tvd_m(вход)=2233.86, D_tubing_mm=100.0, D_well_mm=200.0, D_knbk_mm=0.0, L_knbk_m=0.0
2025-11-26 17:53:49,671 [DEBUG] WellApp.balance: effective_max_tvd=2233.86
2025-11-26 17:53:49,671 [DEBUG] WellApp.balance: Плотности: rho_t=1200.0, rho_a=1700.0
2025-11-26 17:53:49,672 [DEBUG] WellApp.balance: Высоты (до ограничений): h_t=1698.9466530750935, h_a=1199.2564609941837
2025-11-26 17:53:49,672 [DEBUG] WellApp.balance: Высоты (после ограничений): h_t=1698.9466530750935, h_a=1199.2564609941837
2025-11-26 17:53:49,672 [DEBUG] WellApp.balance: Давления: p_t=20000000.0, p_a=20000000.000000004, p_total=40000000.0; diff_channels=3.725290298461914e-09, diff_reservoir=0.0
2025-11-26 17:53:49,672 [DEBUG] WellApp.balance: Геометрия (м): D_t_id=0.1, D_w=0.2, D_k_od=0.0, L_knbk_m=0.0
2025-11-26 17:53:49,672 [DEBUG] WellApp.balance: Площадь трубы A_full=0.007853981633974483; V_t=13.343495810354202
2025-11-26 17:53:49,672 [DEBUG] WellApp.balance: Площадь затруба A_annulus=0.023561944901923454; V_a=28.25681465722067
2025-11-26 17:53:49,672 [DEBUG] WellApp.balance: === Расчёт calculate_balance завершён успешно ===
2025-11-26 17:53:49,672 [DEBUG] WellApp.gui: Результаты расчёта равновесия: h_t=1698.9466530750935, h_a=1199.2564609941837, V_t=13.343495810354202, V_a=28.25681465722067
2025-11-26 17:53:49,673 [DEBUG] WellApp.graphics: draw_fluids: нарисованы столбы h_t=1698.95 м, h_a=1199.26 м (bottom_y=2345.00, total_depth_md=2345.00)
2025-11-26 18:25:30,547 [DEBUG] WellApp: Логгер WellApp настроен. Файл лога: C:\Users\pasha\OneDrive\Рабочий стол\WellLib\csg\program_debug.log
2025-11-26 18:25:30,583 [INFO] WellApp.gui: Запуск WellApp из csg.py
2025-11-26 18:25:30,625 [DEBUG] WellApp.gui: Инициализация WellApp
2025-11-26 18:25:30,627 [DEBUG] WellApp.graphics: BHA элементов (снизу вверх): []
2025-11-26 18:25:30,627 [DEBUG] WellApp.trajectory: Инициализация TrajectoryTab
2025-11-26 18:25:30,828 [DEBUG] WellApp.trajectory: Добавлена точка траектории, всего строк: 1
2025-11-26 18:25:30,831 [DEBUG] WellApp.gui: Инициализация BalanceTab
2025-11-26 18:25:30,843 [DEBUG] WellApp.gui: Инициализация вкладки 'Жидкости'
2025-11-26 18:25:30,845 [DEBUG] WellApp.gui: populate_fluid_combos: обновлено 1 жидкостей
2025-11-26 18:25:30,845 [DEBUG] WellApp.gui: Добавлена жидкость: Раствор 1, 1.2 г/см³, тип Раствор
2025-11-26 18:25:30,846 [DEBUG] WellApp.gui: populate_fluid_combos: обновлено 1 жидкостей
2025-11-26 18:25:30,846 [DEBUG] WellApp.gui: Инициализация вкладки 'Конструкция'
2025-11-26 18:25:30,848 [DEBUG] WellApp.gui: Добавлена строка колонны, всего строк: 1
2025-11-26 18:25:30,848 [DEBUG] WellApp.gui: Инициализация вкладки 'КНБК'
2025-11-26 18:25:30,849 [DEBUG] WellApp.gui: Добавлена строка КНБК, всего строк: 1
2025-11-26 18:25:30,849 [DEBUG] WellApp.gui: Инициализация вкладки 'Объёмы'
2025-11-26 18:25:38,592 [DEBUG] WellApp.gui: paste_bha_from_clipboard: сырая строка='Drill Pipe\t1800.0\t127.0\t95.0', parts=['Drill Pipe', '1800.0', '127.0', '95.0']
2025-11-26 18:25:38,593 [DEBUG] WellApp.utils: normalize_bha_name: 'Drill Pipe' -> 'Drill Pipe'
2025-11-26 18:25:38,593 [DEBUG] WellApp.gui: paste_bha_from_clipboard: сырая строка='Heavy Weight\t200.0\t139.7\t76.0', parts=['Heavy Weight', '200.0', '139.7', '76.0']
2025-11-26 18:25:38,593 [DEBUG] WellApp.utils: normalize_bha_name: 'Heavy Weight' -> 'Heavy Weight'
2025-11-26 18:25:38,593 [DEBUG] WellApp.gui: paste_bha_from_clipboard: сырая строка='Drill Collar\t80.0\t203.0\t76.0', parts=['Drill Collar', '80.0', '203.0', '76.0']
2025-11-26 18:25:38,593 [DEBUG] WellApp.utils: normalize_bha_name: 'Drill Collar' -> 'Drill Collar'
2025-11-26 18:25:38,594 [DEBUG] WellApp.gui: paste_bha_from_clipboard: сырая строка='Mud Motor\t10.0\t172.0\t70.0', parts=['Mud Motor', '10.0', '172.0', '70.0']
2025-11-26 18:25:38,594 [DEBUG] WellApp.utils: normalize_bha_name: 'Mud Motor' -> 'Mud Motor'
2025-11-26 18:25:38,594 [DEBUG] WellApp.gui: paste_bha_from_clipboard: сырая строка='Bit\t0.3\t215.9\t0.0', parts=['Bit', '0.3', '215.9', '0.0']
2025-11-26 18:25:38,594 [DEBUG] WellApp.utils: normalize_bha_name: 'Bit' -> 'Bit'
2025-11-26 18:25:38,594 [DEBUG] WellApp.gui: Из буфера вставлено элементов КНБК: 5
2025-11-26 18:25:44,690 [DEBUG] WellApp.trajectory: Очистка таблицы траектории
2025-11-26 18:25:45,051 [DEBUG] WellApp.trajectory: paste: вставка траектории из буфера, длина текста=39
2025-11-26 18:25:45,051 [DEBUG] WellApp.trajectory: Очистка таблицы траектории
2025-11-26 18:25:45,051 [DEBUG] WellApp.trajectory: load_from_text: обработка 4 строк
2025-11-26 18:25:45,052 [DEBUG] WellApp.gui: get_max_tvd: прочитан TVD=2233.86
2025-11-26 18:25:52,845 [DEBUG] WellApp.gui: Добавлена строка Open Hole, всего строк: 1
2025-11-26 18:26:00,479 [DEBUG] WellApp.gui: populate_fluid_combos: обновлено 2 жидкостей
2025-11-26 18:26:00,479 [DEBUG] WellApp.gui: Добавлена жидкость: Раствор 2, 1.2 г/см³, тип Раствор
2025-11-26 18:26:00,480 [DEBUG] WellApp.gui: populate_fluid_combos: обновлено 2 жидкостей
2025-11-26 18:26:00,480 [DEBUG] WellApp.gui: populate_fluid_combos: обновлено 2 жидкостей
2025-11-26 18:26:00,481 [DEBUG] WellApp.gui: populate_fluid_combos: обновлено 2 жидкостей
2025-11-26 18:26:03,544 [DEBUG] WellApp.gui: populate_fluid_combos: обновлено 2 жидкостей
2025-11-26 18:26:06,730 [DEBUG] WellApp.gui: Старт расчёта объёмов и построения схемы
2025-11-26 18:26:06,731 [DEBUG] WellApp.utils: compute_casing_params -> OD=245.000, ID=226.000, wall=9.500
2025-11-26 18:26:06,731 [WARNING] WellApp.geom: Casing 'Open Hole': ID >= OD (id=230.000 мм, od=230.000 мм) — проверьте данные
2025-11-26 18:26:06,731 [DEBUG] WellApp.utils: normalize_bha_name: 'Drill Pipe' -> 'Drill Pipe'
2025-11-26 18:26:06,731 [DEBUG] WellApp.utils: normalize_bha_name: 'Heavy Weight' -> 'Heavy Weight'
2025-11-26 18:26:06,731 [DEBUG] WellApp.utils: normalize_bha_name: 'Drill Collar' -> 'Drill Collar'
2025-11-26 18:26:06,731 [DEBUG] WellApp.utils: normalize_bha_name: 'Mud Motor' -> 'Mud Motor'
2025-11-26 18:26:06,731 [DEBUG] WellApp.utils: normalize_bha_name: 'Bit' -> 'Bit'
2025-11-26 18:26:06,731 [DEBUG] WellApp.gui: Скорректирована длина верхнего элемента КНБК на 254.700 м для соответствия глубине конструкции
2025-11-26 18:26:06,731 [DEBUG] WellApp.gui: Добавлен Fluid: Раствор 1, Раствор, 1.2, <PyQt5.QtGui.QColor object at 0x000001EAAB7E90F0>
2025-11-26 18:26:06,732 [DEBUG] WellApp.gui: Добавлен Fluid: Раствор 2, Раствор, 1.7, <PyQt5.QtGui.QColor object at 0x000001EAAB7E9390>
2025-11-26 18:26:06,732 [DEBUG] WellApp.gui: Итоговое содержимое fluids: ['Раствор 1', 'Раствор 2']
2025-11-26 18:26:06,732 [DEBUG] WellApp.volumes: calculate_volumes: старт расчёта, casings=2, bha=5
2025-11-26 18:26:06,732 [DEBUG] WellApp.volumes: calculate_volumes: завершено. V_casings=95.996, V_bha_int=15.873, V_bha_disp=31.926, V_annulus=64.070
2025-11-26 18:26:06,735 [DEBUG] WellApp.graphics: BHA элементов (снизу вверх): ['Drill Pipe L=2054.70, OD=127.0', 'Heavy Weight L=200.00, OD=139.7', 'Drill Collar L=80.00, OD=203.0', 'Mud Motor L=10.00, OD=172.0', 'Bit L=0.30, OD=215.9']
2025-11-26 18:26:06,760 [DEBUG] WellApp.gui: Расчёт объёмов и обновление схемы завершены успешно
2025-11-26 18:26:08,178 [DEBUG] WellApp.gui: Переключение на вкладку 'Равновесие'
2025-11-26 18:26:08,179 [DEBUG] WellApp.gui: populate_fluid_combos: обновлено 2 жидкостей
2025-11-26 18:26:08,179 [DEBUG] WellApp.gui: get_max_tvd: прочитан TVD=2233.86
2025-11-26 18:26:12,644 [DEBUG] WellApp.gui: run_balance_calc: запуск
2025-11-26 18:26:12,644 [DEBUG] WellApp.gui: get_max_tvd: прочитан TVD=2233.86
2025-11-26 18:26:12,644 [DEBUG] WellApp.gui: run_balance_calc: tubing=Раствор 1 (ρ=1.200), annulus=Раствор 2 (ρ=1.700)
2025-11-26 18:26:12,645 [DEBUG] WellApp.balance: === Запуск calculate_balance ===
2025-11-26 18:26:12,645 [DEBUG] WellApp.balance: Входные: P_res=40000000.0, max_tvd_m=2233.86, D_tubing_mm=100.0, D_well_mm=200.0, D_knbk_mm=0.0, L_knbk_m=0.0
2025-11-26 18:26:12,646 [DEBUG] WellApp.balance: Плотности: rho_t=1200.0, rho_a=1700.0
2025-11-26 18:26:12,646 [DEBUG] WellApp.balance: Требуемые высоты: h_req_t=3397.893306150187, h_req_a=2398.512921988367
2025-11-26 18:26:12,646 [DEBUG] WellApp.balance: Фактические высоты (с учётом TVD): h_t=2233.86, h_a=2233.86
2025-11-26 18:26:12,646 [DEBUG] WellApp.balance: Давления на пласте: p_t=26296999.92, p_a=37254083.22, diff_t=13703000.079999998, diff_a=2745916.780000001, diff_channels=10957083.299999997
2025-11-26 18:26:12,646 [DEBUG] WellApp.balance: Геометрия (м): D_t_id=0.1, D_w=0.2, D_k_od=0.0, L_knbk_m=0.0
2025-11-26 18:26:12,646 [DEBUG] WellApp.balance: Площадь трубы A_full=0.007853981633974483; V_t=17.54469541287024
2025-11-26 18:26:12,647 [DEBUG] WellApp.balance: Площадь затруба A_annulus=0.023561944901923454; V_a=52.63408623861073
2025-11-26 18:26:12,647 [DEBUG] WellApp.balance: === Расчёт calculate_balance завершён успешно ===
2025-11-26 18:26:12,647 [DEBUG] WellApp.gui: Результаты расчёта равновесия: h_t=2233.86, h_a=2233.86, V_t=17.54469541287024, V_a=52.63408623861073
2025-11-26 18:26:12,648 [DEBUG] WellApp.graphics: draw_fluids: нарисованы столбы h_t=2233.86 м, h_a=2233.86 м (bottom_y=2345.00, total_depth_md=2345.00)
2025-11-26 18:26:21,150 [DEBUG] WellApp.gui: run_balance_calc: запуск
2025-11-26 18:26:21,150 [DEBUG] WellApp.gui: get_max_tvd: прочитан TVD=2233.86
2025-11-26 18:26:21,151 [DEBUG] WellApp.gui: run_balance_calc: tubing=Раствор 2 (ρ=1.700), annulus=Раствор 2 (ρ=1.700)
2025-11-26 18:26:21,151 [DEBUG] WellApp.balance: === Запуск calculate_balance ===
2025-11-26 18:26:21,151 [DEBUG] WellApp.balance: Входные: P_res=40000000.0, max_tvd_m=2233.86, D_tubing_mm=100.0, D_well_mm=200.0, D_knbk_mm=0.0, L_knbk_m=0.0
2025-11-26 18:26:21,151 [DEBUG] WellApp.balance: Плотности: rho_t=1700.0, rho_a=1700.0
2025-11-26 18:26:21,151 [DEBUG] WellApp.balance: Требуемые высоты: h_req_t=2398.512921988367, h_req_a=2398.512921988367
2025-11-26 18:26:21,152 [DEBUG] WellApp.balance: Фактические высоты (с учётом TVD): h_t=2233.86, h_a=2233.86
2025-11-26 18:26:21,152 [DEBUG] WellApp.balance: Давления на пласте: p_t=37254083.22, p_a=37254083.22, diff_t=2745916.780000001, diff_a=2745916.780000001, diff_channels=0.0
2025-11-26 18:26:21,152 [DEBUG] WellApp.balance: Геометрия (м): D_t_id=0.1, D_w=0.2, D_k_od=0.0, L_knbk_m=0.0
2025-11-26 18:26:21,152 [DEBUG] WellApp.balance: Площадь трубы A_full=0.007853981633974483; V_t=17.54469541287024
2025-11-26 18:26:21,152 [DEBUG] WellApp.balance: Площадь затруба A_annulus=0.023561944901923454; V_a=52.63408623861073
2025-11-26 18:26:21,152 [DEBUG] WellApp.balance: === Расчёт calculate_balance завершён успешно ===
2025-11-26 18:26:21,152 [DEBUG] WellApp.gui: Результаты расчёта равновесия: h_t=2233.86, h_a=2233.86, V_t=17.54469541287024, V_a=52.63408623861073
2025-11-26 18:26:21,153 [DEBUG] WellApp.graphics: draw_fluids: нарисованы столбы h_t=2233.86 м, h_a=2233.86 м (bottom_y=2345.00, total_depth_md=2345.00)
2025-11-26 18:26:24,121 [DEBUG] WellApp.gui: run_balance_calc: запуск
2025-11-26 18:26:24,121 [DEBUG] WellApp.gui: get_max_tvd: прочитан TVD=2233.86
2025-11-26 18:26:24,122 [DEBUG] WellApp.gui: run_balance_calc: tubing=Раствор 1 (ρ=1.200), annulus=Раствор 2 (ρ=1.700)
2025-11-26 18:26:24,122 [DEBUG] WellApp.balance: === Запуск calculate_balance ===
2025-11-26 18:26:24,122 [DEBUG] WellApp.balance: Входные: P_res=40000000.0, max_tvd_m=2233.86, D_tubing_mm=100.0, D_well_mm=200.0, D_knbk_mm=0.0, L_knbk_m=0.0
2025-11-26 18:26:24,122 [DEBUG] WellApp.balance: Плотности: rho_t=1200.0, rho_a=1700.0
2025-11-26 18:26:24,122 [DEBUG] WellApp.balance: Требуемые высоты: h_req_t=3397.893306150187, h_req_a=2398.512921988367
2025-11-26 18:26:24,123 [DEBUG] WellApp.balance: Фактические высоты (с учётом TVD): h_t=2233.86, h_a=2233.86
2025-11-26 18:26:24,123 [DEBUG] WellApp.balance: Давления на пласте: p_t=26296999.92, p_a=37254083.22, diff_t=13703000.079999998, diff_a=2745916.780000001, diff_channels=10957083.299999997
2025-11-26 18:26:24,123 [DEBUG] WellApp.balance: Геометрия (м): D_t_id=0.1, D_w=0.2, D_k_od=0.0, L_knbk_m=0.0
2025-11-26 18:26:24,123 [DEBUG] WellApp.balance: Площадь трубы A_full=0.007853981633974483; V_t=17.54469541287024
2025-11-26 18:26:24,123 [DEBUG] WellApp.balance: Площадь затруба A_annulus=0.023561944901923454; V_a=52.63408623861073
2025-11-26 18:26:24,123 [DEBUG] WellApp.balance: === Расчёт calculate_balance завершён успешно ===
2025-11-26 18:26:24,123 [DEBUG] WellApp.gui: Результаты расчёта равновесия: h_t=2233.86, h_a=2233.86, V_t=17.54469541287024, V_a=52.63408623861073
2025-11-26 18:26:24,124 [DEBUG] WellApp.graphics: draw_fluids: нарисованы столбы h_t=2233.86 м, h_a=2233.86 м (bottom_y=2345.00, total_depth_md=2345.00)
2025-11-26 18:26:42,480 [DEBUG] WellApp.gui: run_balance_calc: запуск
2025-11-26 18:26:42,481 [DEBUG] WellApp.gui: get_max_tvd: прочитан TVD=2233.86
2025-11-26 18:26:42,481 [DEBUG] WellApp.gui: run_balance_calc: tubing=Раствор 1 (ρ=1.200), annulus=Раствор 1 (ρ=1.200)
2025-11-26 18:26:42,481 [DEBUG] WellApp.balance: === Запуск calculate_balance ===
2025-11-26 18:26:42,482 [DEBUG] WellApp.balance: Входные: P_res=40000000.0, max_tvd_m=2233.86, D_tubing_mm=100.0, D_well_mm=200.0, D_knbk_mm=0.0, L_knbk_m=0.0
2025-11-26 18:26:42,482 [DEBUG] WellApp.balance: Плотности: rho_t=1200.0, rho_a=1200.0
2025-11-26 18:26:42,482 [DEBUG] WellApp.balance: Требуемые высоты: h_req_t=3397.893306150187, h_req_a=3397.893306150187
2025-11-26 18:26:42,482 [DEBUG] WellApp.balance: Фактические высоты (с учётом TVD): h_t=2233.86, h_a=2233.86
2025-11-26 18:26:42,482 [DEBUG] WellApp.balance: Давления на пласте: p_t=26296999.92, p_a=26296999.92, diff_t=13703000.079999998, diff_a=13703000.079999998, diff_channels=0.0
2025-11-26 18:26:42,482 [DEBUG] WellApp.balance: Геометрия (м): D_t_id=0.1, D_w=0.2, D_k_od=0.0, L_knbk_m=0.0
2025-11-26 18:26:42,483 [DEBUG] WellApp.balance: Площадь трубы A_full=0.007853981633974483; V_t=17.54469541287024
2025-11-26 18:26:42,483 [DEBUG] WellApp.balance: Площадь затруба A_annulus=0.023561944901923454; V_a=52.63408623861073
2025-11-26 18:26:42,483 [DEBUG] WellApp.balance: === Расчёт calculate_balance завершён успешно ===
2025-11-26 18:26:42,483 [DEBUG] WellApp.gui: Результаты расчёта равновесия: h_t=2233.86, h_a=2233.86, V_t=17.54469541287024, V_a=52.63408623861073
2025-11-26 18:26:42,484 [DEBUG] WellApp.graphics: draw_fluids: нарисованы столбы h_t=2233.86 м, h_a=2233.86 м (bottom_y=2345.00, total_depth_md=2345.00)
2025-11-26 18:26:47,693 [DEBUG] WellApp.gui: run_balance_calc: запуск
2025-11-26 18:26:47,693 [DEBUG] WellApp.gui: get_max_tvd: прочитан TVD=2233.86
2025-11-26 18:26:47,694 [DEBUG] WellApp.gui: run_balance_calc: tubing=Раствор 2 (ρ=1.700), annulus=Раствор 2 (ρ=1.700)
2025-11-26 18:26:47,694 [DEBUG] WellApp.balance: === Запуск calculate_balance ===
2025-11-26 18:26:47,694 [DEBUG] WellApp.balance: Входные: P_res=40000000.0, max_tvd_m=2233.86, D_tubing_mm=100.0, D_well_mm=200.0, D_knbk_mm=0.0, L_knbk_m=0.0
2025-11-26 18:26:47,694 [DEBUG] WellApp.balance: Плотности: rho_t=1700.0, rho_a=1700.0
2025-11-26 18:26:47,694 [DEBUG] WellApp.balance: Требуемые высоты: h_req_t=2398.512921988367, h_req_a=2398.512921988367
2025-11-26 18:26:47,695 [DEBUG] WellApp.balance: Фактические высоты (с учётом TVD): h_t=2233.86, h_a=2233.86
2025-11-26 18:26:47,695 [DEBUG] WellApp.balance: Давления на пласте: p_t=37254083.22, p_a=37254083.22, diff_t=2745916.780000001, diff_a=2745916.780000001, diff_channels=0.0
2025-11-26 18:26:47,695 [DEBUG] WellApp.balance: Геометрия (м): D_t_id=0.1, D_w=0.2, D_k_od=0.0, L_knbk_m=0.0
2025-11-26 18:26:47,695 [DEBUG] WellApp.balance: Площадь трубы A_full=0.007853981633974483; V_t=17.54469541287024
2025-11-26 18:26:47,696 [DEBUG] WellApp.balance: Площадь затруба A_annulus=0.023561944901923454; V_a=52.63408623861073
2025-11-26 18:26:47,696 [DEBUG] WellApp.balance: === Расчёт calculate_balance завершён успешно ===
2025-11-26 18:26:47,696 [DEBUG] WellApp.gui: Результаты расчёта равновесия: h_t=2233.86, h_a=2233.86, V_t=17.54469541287024, V_a=52.63408623861073
2025-11-26 18:26:47,696 [DEBUG] WellApp.graphics: draw_fluids: нарисованы столбы h_t=2233.86 м, h_a=2233.86 м (bottom_y=2345.00, total_depth_md=2345.00)
2025-11-26 18:27:27,843 [DEBUG] WellApp.gui: run_balance_calc: запуск
2025-11-26 18:27:27,843 [DEBUG] WellApp.gui: get_max_tvd: прочитан TVD=2233.86
2025-11-26 18:27:27,844 [DEBUG] WellApp.gui: run_balance_calc: tubing=Раствор 2 (ρ=1.700), annulus=Раствор 2 (ρ=1.700)
2025-11-26 18:27:27,844 [DEBUG] WellApp.balance: === Запуск calculate_balance ===
2025-11-26 18:27:27,844 [DEBUG] WellApp.balance: Входные: P_res=20000000.0, max_tvd_m=2233.86, D_tubing_mm=100.0, D_well_mm=200.0, D_knbk_mm=0.0, L_knbk_m=0.0
2025-11-26 18:27:27,844 [DEBUG] WellApp.balance: Плотности: rho_t=1700.0, rho_a=1700.0
2025-11-26 18:27:27,845 [DEBUG] WellApp.balance: Требуемые высоты: h_req_t=1199.2564609941835, h_req_a=1199.2564609941835
2025-11-26 18:27:27,845 [DEBUG] WellApp.balance: Фактические высоты (с учётом TVD): h_t=1199.2564609941835, h_a=1199.2564609941835
2025-11-26 18:27:27,845 [DEBUG] WellApp.balance: Давления на пласте: p_t=20000000.0, p_a=20000000.0, diff_t=0.0, diff_a=0.0, diff_channels=0.0
2025-11-26 18:27:27,845 [DEBUG] WellApp.balance: Геометрия (м): D_t_id=0.1, D_w=0.2, D_k_od=0.0, L_knbk_m=0.0
2025-11-26 18:27:27,845 [DEBUG] WellApp.balance: Площадь трубы A_full=0.007853981633974483; V_t=9.418938219073553
2025-11-26 18:27:27,845 [DEBUG] WellApp.balance: Площадь затруба A_annulus=0.023561944901923454; V_a=28.256814657220666
2025-11-26 18:27:27,845 [DEBUG] WellApp.balance: === Расчёт calculate_balance завершён успешно ===
2025-11-26 18:27:27,845 [DEBUG] WellApp.gui: Результаты расчёта равновесия: h_t=1199.2564609941835, h_a=1199.2564609941835, V_t=9.418938219073553, V_a=28.256814657220666
2025-11-26 18:27:27,846 [DEBUG] WellApp.graphics: draw_fluids: нарисованы столбы h_t=1199.26 м, h_a=1199.26 м (bottom_y=2345.00, total_depth_md=2345.00)
2025-11-26 18:27:31,985 [DEBUG] WellApp.gui: run_balance_calc: запуск
2025-11-26 18:27:31,985 [DEBUG] WellApp.gui: get_max_tvd: прочитан TVD=2233.86
2025-11-26 18:27:31,985 [DEBUG] WellApp.gui: run_balance_calc: tubing=Раствор 2 (ρ=1.700), annulus=Раствор 1 (ρ=1.200)
2025-11-26 18:27:31,986 [DEBUG] WellApp.balance: === Запуск calculate_balance ===
2025-11-26 18:27:31,986 [DEBUG] WellApp.balance: Входные: P_res=20000000.0, max_tvd_m=2233.86, D_tubing_mm=100.0, D_well_mm=200.0, D_knbk_mm=0.0, L_knbk_m=0.0
2025-11-26 18:27:31,986 [DEBUG] WellApp.balance: Плотности: rho_t=1700.0, rho_a=1200.0
2025-11-26 18:27:31,986 [DEBUG] WellApp.balance: Требуемые высоты: h_req_t=1199.2564609941835, h_req_a=1698.9466530750935
2025-11-26 18:27:31,986 [DEBUG] WellApp.balance: Фактические высоты (с учётом TVD): h_t=1199.2564609941835, h_a=1698.9466530750935
2025-11-26 18:27:31,986 [DEBUG] WellApp.balance: Давления на пласте: p_t=20000000.0, p_a=20000000.0, diff_t=0.0, diff_a=0.0, diff_channels=0.0
2025-11-26 18:27:31,987 [DEBUG] WellApp.balance: Геометрия (м): D_t_id=0.1, D_w=0.2, D_k_od=0.0, L_knbk_m=0.0
2025-11-26 18:27:31,987 [DEBUG] WellApp.balance: Площадь трубы A_full=0.007853981633974483; V_t=9.418938219073553
2025-11-26 18:27:31,987 [DEBUG] WellApp.balance: Площадь затруба A_annulus=0.023561944901923454; V_a=40.03048743106262
2025-11-26 18:27:31,987 [DEBUG] WellApp.balance: === Расчёт calculate_balance завершён успешно ===
2025-11-26 18:27:31,987 [DEBUG] WellApp.gui: Результаты расчёта равновесия: h_t=1199.2564609941835, h_a=1698.9466530750935, V_t=9.418938219073553, V_a=40.03048743106262
2025-11-26 18:27:31,988 [DEBUG] WellApp.graphics: draw_fluids: нарисованы столбы h_t=1199.26 м, h_a=1698.95 м (bottom_y=2345.00, total_depth_md=2345.00)
2025-11-26 18:27:37,407 [DEBUG] WellApp.gui: run_balance_calc: запуск
2025-11-26 18:27:37,407 [DEBUG] WellApp.gui: get_max_tvd: прочитан TVD=2233.86
2025-11-26 18:27:37,407 [DEBUG] WellApp.gui: run_balance_calc: tubing=Раствор 1 (ρ=1.200), annulus=Раствор 2 (ρ=1.700)
2025-11-26 18:27:37,408 [DEBUG] WellApp.balance: === Запуск calculate_balance ===
2025-11-26 18:27:37,408 [DEBUG] WellApp.balance: Входные: P_res=20000000.0, max_tvd_m=2233.86, D_tubing_mm=100.0, D_well_mm=200.0, D_knbk_mm=0.0, L_knbk_m=0.0
2025-11-26 18:27:37,408 [DEBUG] WellApp.balance: Плотности: rho_t=1200.0, rho_a=1700.0
2025-11-26 18:27:37,408 [DEBUG] WellApp.balance: Требуемые высоты: h_req_t=1698.9466530750935, h_req_a=1199.2564609941835
2025-11-26 18:27:37,409 [DEBUG] WellApp.balance: Фактические высоты (с учётом TVD): h_t=1698.9466530750935, h_a=1199.2564609941835
2025-11-26 18:27:37,409 [DEBUG] WellApp.balance: Давления на пласте: p_t=20000000.0, p_a=20000000.0, diff_t=0.0, diff_a=0.0, diff_channels=0.0
2025-11-26 18:27:37,409 [DEBUG] WellApp.balance: Геометрия (м): D_t_id=0.1, D_w=0.2, D_k_od=0.0, L_knbk_m=0.0
2025-11-26 18:27:37,409 [DEBUG] WellApp.balance: Площадь трубы A_full=0.007853981633974483; V_t=13.343495810354202
2025-11-26 18:27:37,410 [DEBUG] WellApp.balance: Площадь затруба A_annulus=0.023561944901923454; V_a=28.256814657220666
2025-11-26 18:27:37,410 [DEBUG] WellApp.balance: === Расчёт calculate_balance завершён успешно ===
2025-11-26 18:27:37,410 [DEBUG] WellApp.gui: Результаты расчёта равновесия: h_t=1698.9466530750935, h_a=1199.2564609941835, V_t=13.343495810354202, V_a=28.256814657220666
2025-11-26 18:27:37,410 [DEBUG] WellApp.graphics: draw_fluids: нарисованы столбы h_t=1698.95 м, h_a=1199.26 м (bottom_y=2345.00, total_depth_md=2345.00)
2025-11-26 18:35:21,523 [DEBUG] WellApp.gui: run_balance_calc: запуск
2025-11-26 18:35:21,524 [DEBUG] WellApp.gui: get_max_tvd: прочитан TVD=2233.86
2025-11-26 18:35:21,524 [DEBUG] WellApp.gui: run_balance_calc: tubing=Раствор 1 (ρ=1.200), annulus=Раствор 2 (ρ=1.700)
2025-11-26 18:35:21,524 [DEBUG] WellApp.balance: === Запуск calculate_balance ===
2025-11-26 18:35:21,524 [DEBUG] WellApp.balance: Входные: P_res=20000000.0, max_tvd_m=2233.86, D_tubing_mm=100.0, D_well_mm=200.0, D_knbk_mm=0.0, L_knbk_m=0.0
2025-11-26 18:35:21,524 [DEBUG] WellApp.balance: Плотности: rho_t=1200.0, rho_a=1700.0
2025-11-26 18:35:21,525 [DEBUG] WellApp.balance: Требуемые высоты: h_req_t=1698.9466530750935, h_req_a=1199.2564609941835
2025-11-26 18:35:21,525 [DEBUG] WellApp.balance: Фактические высоты (с учётом TVD): h_t=1698.9466530750935, h_a=1199.2564609941835
2025-11-26 18:35:21,525 [DEBUG] WellApp.balance: Давления на пласте: p_t=20000000.0, p_a=20000000.0, diff_t=0.0, diff_a=0.0, diff_channels=0.0
2025-11-26 18:35:21,525 [DEBUG] WellApp.balance: Геометрия (м): D_t_id=0.1, D_w=0.2, D_k_od=0.0, L_knbk_m=0.0
2025-11-26 18:35:21,525 [DEBUG] WellApp.balance: Площадь трубы A_full=0.007853981633974483; V_t=13.343495810354202
2025-11-26 18:35:21,525 [DEBUG] WellApp.balance: Площадь затруба A_annulus=0.023561944901923454; V_a=28.256814657220666
2025-11-26 18:35:21,525 [DEBUG] WellApp.balance: === Расчёт calculate_balance завершён успешно ===
2025-11-26 18:35:21,525 [DEBUG] WellApp.gui: Результаты расчёта равновесия: h_t=1698.9466530750935, h_a=1199.2564609941835, V_t=13.343495810354202, V_a=28.256814657220666
2025-11-26 18:35:21,526 [DEBUG] WellApp.graphics: draw_fluids: нарисованы столбы h_t=1698.95 м, h_a=1199.26 м (bottom_y=2345.00, total_depth_md=2345.00)
2025-11-26 18:35:24,895 [DEBUG] WellApp.gui: run_balance_calc: запуск
2025-11-26 18:35:24,896 [DEBUG] WellApp.gui: get_max_tvd: прочитан TVD=2233.86
2025-11-26 18:35:24,896 [DEBUG] WellApp.gui: run_balance_calc: tubing=Раствор 1 (ρ=1.200), annulus=Раствор 2 (ρ=1.700)
2025-11-26 18:35:24,896 [DEBUG] WellApp.balance: === Запуск calculate_balance ===
2025-11-26 18:35:24,896 [DEBUG] WellApp.balance: Входные: P_res=20000000.0, max_tvd_m=2233.86, D_tubing_mm=100.0, D_well_mm=200.0, D_knbk_mm=0.0, L_knbk_m=0.0
2025-11-26 18:35:24,897 [DEBUG] WellApp.balance: Плотности: rho_t=1200.0, rho_a=1700.0
2025-11-26 18:35:24,897 [DEBUG] WellApp.balance: Требуемые высоты: h_req_t=1698.9466530750935, h_req_a=1199.2564609941835
2025-11-26 18:35:24,897 [DEBUG] WellApp.balance: Фактические высоты (с учётом TVD): h_t=1698.9466530750935, h_a=1199.2564609941835
2025-11-26 18:35:24,897 [DEBUG] WellApp.balance: Давления на пласте: p_t=20000000.0, p_a=20000000.0, diff_t=0.0, diff_a=0.0, diff_channels=0.0
2025-11-26 18:35:24,897 [DEBUG] WellApp.balance: Геометрия (м): D_t_id=0.1, D_w=0.2, D_k_od=0.0, L_knbk_m=0.0
2025-11-26 18:35:24,897 [DEBUG] WellApp.balance: Площадь трубы A_full=0.007853981633974483; V_t=13.343495810354202
2025-11-26 18:35:24,898 [DEBUG] WellApp.balance: Площадь затруба A_annulus=0.023561944901923454; V_a=28.256814657220666
2025-11-26 18:35:24,898 [DEBUG] WellApp.balance: === Расчёт calculate_balance завершён успешно ===
2025-11-26 18:35:24,898 [DEBUG] WellApp.gui: Результаты расчёта равновесия: h_t=1698.9466530750935, h_a=1199.2564609941835, V_t=13.343495810354202, V_a=28.256814657220666
2025-11-26 18:35:24,899 [DEBUG] WellApp.graphics: draw_fluids: нарисованы столбы h_t=1698.95 м, h_a=1199.26 м (bottom_y=2345.00, total_depth_md=2345.00)
2025-11-26 18:35:25,060 [DEBUG] WellApp.gui: run_balance_calc: запуск
2025-11-26 18:35:25,061 [DEBUG] WellApp.gui: get_max_tvd: прочитан TVD=2233.86
2025-11-26 18:35:25,061 [DEBUG] WellApp.gui: run_balance_calc: tubing=Раствор 1 (ρ=1.200), annulus=Раствор 2 (ρ=1.700)
2025-11-26 18:35:25,061 [DEBUG] WellApp.balance: === Запуск calculate_balance ===
2025-11-26 18:35:25,061 [DEBUG] WellApp.balance: Входные: P_res=20000000.0, max_tvd_m=2233.86, D_tubing_mm=100.0, D_well_mm=200.0, D_knbk_mm=0.0, L_knbk_m=0.0
2025-11-26 18:35:25,061 [DEBUG] WellApp.balance: Плотности: rho_t=1200.0, rho_a=1700.0
2025-11-26 18:35:25,062 [DEBUG] WellApp.balance: Требуемые высоты: h_req_t=1698.9466530750935, h_req_a=1199.2564609941835
2025-11-26 18:35:25,062 [DEBUG] WellApp.balance: Фактические высоты (с учётом TVD): h_t=1698.9466530750935, h_a=1199.2564609941835
2025-11-26 18:35:25,062 [DEBUG] WellApp.balance: Давления на пласте: p_t=20000000.0, p_a=20000000.0, diff_t=0.0, diff_a=0.0, diff_channels=0.0
2025-11-26 18:35:25,062 [DEBUG] WellApp.balance: Геометрия (м): D_t_id=0.1, D_w=0.2, D_k_od=0.0, L_knbk_m=0.0
2025-11-26 18:35:25,062 [DEBUG] WellApp.balance: Площадь трубы A_full=0.007853981633974483; V_t=13.343495810354202
2025-11-26 18:35:25,062 [DEBUG] WellApp.balance: Площадь затруба A_annulus=0.023561944901923454; V_a=28.256814657220666
2025-11-26 18:35:25,062 [DEBUG] WellApp.balance: === Расчёт calculate_balance завершён успешно ===
2025-11-26 18:35:25,063 [DEBUG] WellApp.gui: Результаты расчёта равновесия: h_t=1698.9466530750935, h_a=1199.2564609941835, V_t=13.343495810354202, V_a=28.256814657220666
2025-11-26 18:35:25,063 [DEBUG] WellApp.graphics: draw_fluids: нарисованы столбы h_t=1698.95 м, h_a=1199.26 м (bottom_y=2345.00, total_depth_md=2345.00)
2025-11-26 18:35:31,177 [DEBUG] WellApp.gui: run_balance_calc: запуск
2025-11-26 18:35:31,177 [DEBUG] WellApp.gui: get_max_tvd: прочитан TVD=2233.86
2025-11-26 18:35:31,178 [DEBUG] WellApp.gui: run_balance_calc: tubing=Раствор 1 (ρ=1.200), annulus=Раствор 2 (ρ=1.700)
2025-11-26 18:35:31,178 [DEBUG] WellApp.balance: === Запуск calculate_balance ===
2025-11-26 18:35:31,178 [DEBUG] WellApp.balance: Входные: P_res=20000000.0, max_tvd_m=2233.86, D_tubing_mm=100.0, D_well_mm=200.0, D_knbk_mm=0.0, L_knbk_m=0.0
2025-11-26 18:35:31,178 [DEBUG] WellApp.balance: Плотности: rho_t=1200.0, rho_a=1700.0
2025-11-26 18:35:31,178 [DEBUG] WellApp.balance: Требуемые высоты: h_req_t=1698.9466530750935, h_req_a=1199.2564609941835
2025-11-26 18:35:31,178 [DEBUG] WellApp.balance: Фактические высоты (с учётом TVD): h_t=1698.9466530750935, h_a=1199.2564609941835
2025-11-26 18:35:31,179 [DEBUG] WellApp.balance: Давления на пласте: p_t=20000000.0, p_a=20000000.0, diff_t=0.0, diff_a=0.0, diff_channels=0.0
2025-11-26 18:35:31,179 [DEBUG] WellApp.balance: Геометрия (м): D_t_id=0.1, D_w=0.2, D_k_od=0.0, L_knbk_m=0.0
2025-11-26 18:35:31,179 [DEBUG] WellApp.balance: Площадь трубы A_full=0.007853981633974483; V_t=13.343495810354202
2025-11-26 18:35:31,179 [DEBUG] WellApp.balance: Площадь затруба A_annulus=0.023561944901923454; V_a=28.256814657220666
2025-11-26 18:35:31,180 [DEBUG] WellApp.balance: === Расчёт calculate_balance завершён успешно ===
2025-11-26 18:35:31,180 [DEBUG] WellApp.gui: Результаты расчёта равновесия: h_t=1698.9466530750935, h_a=1199.2564609941835, V_t=13.343495810354202, V_a=28.256814657220666
2025-11-26 18:35:31,180 [DEBUG] WellApp.graphics: draw_fluids: нарисованы столбы h_t=1698.95 м, h_a=1199.26 м (bottom_y=2345.00, total_depth_md=2345.00)
2025-11-26 18:35:31,856 [DEBUG] WellApp.gui: run_balance_calc: запуск
2025-11-26 18:35:31,856 [DEBUG] WellApp.gui: get_max_tvd: прочитан TVD=2233.86
2025-11-26 18:35:31,856 [DEBUG] WellApp.gui: run_balance_calc: tubing=Раствор 1 (ρ=1.200), annulus=Раствор 2 (ρ=1.700)
2025-11-26 18:35:31,856 [DEBUG] WellApp.balance: === Запуск calculate_balance ===
2025-11-26 18:35:31,857 [DEBUG] WellApp.balance: Входные: P_res=20000000.0, max_tvd_m=2233.86, D_tubing_mm=100.0, D_well_mm=200.0, D_knbk_mm=0.0, L_knbk_m=0.0
2025-11-26 18:35:31,857 [DEBUG] WellApp.balance: Плотности: rho_t=1200.0, rho_a=1700.0
2025-11-26 18:35:31,857 [DEBUG] WellApp.balance: Требуемые высоты: h_req_t=1698.9466530750935, h_req_a=1199.2564609941835
2025-11-26 18:35:31,857 [DEBUG] WellApp.balance: Фактические высоты (с учётом TVD): h_t=1698.9466530750935, h_a=1199.2564609941835
2025-11-26 18:35:31,857 [DEBUG] WellApp.balance: Давления на пласте: p_t=20000000.0, p_a=20000000.0, diff_t=0.0, diff_a=0.0, diff_channels=0.0
2025-11-26 18:35:31,857 [DEBUG] WellApp.balance: Геометрия (м): D_t_id=0.1, D_w=0.2, D_k_od=0.0, L_knbk_m=0.0
2025-11-26 18:35:31,858 [DEBUG] WellApp.balance: Площадь трубы A_full=0.007853981633974483; V_t=13.343495810354202
2025-11-26 18:35:31,858 [DEBUG] WellApp.balance: Площадь затруба A_annulus=0.023561944901923454; V_a=28.256814657220666
2025-11-26 18:35:31,858 [DEBUG] WellApp.balance: === Расчёт calculate_balance завершён успешно ===
2025-11-26 18:35:31,858 [DEBUG] WellApp.gui: Результаты расчёта равновесия: h_t=1698.9466530750935, h_a=1199.2564609941835, V_t=13.343495810354202, V_a=28.256814657220666
2025-11-26 18:35:31,859 [DEBUG] WellApp.graphics: draw_fluids: нарисованы столбы h_t=1698.95 м, h_a=1199.26 м (bottom_y=2345.00, total_depth_md=2345.00)
2025-11-26 18:35:32,022 [DEBUG] WellApp.gui: run_balance_calc: запуск
2025-11-26 18:35:32,023 [DEBUG] WellApp.gui: get_max_tvd: прочитан TVD=2233.86
2025-11-26 18:35:32,023 [DEBUG] WellApp.gui: run_balance_calc: tubing=Раствор 1 (ρ=1.200), annulus=Раствор 2 (ρ=1.700)
2025-11-26 18:35:32,023 [DEBUG] WellApp.balance: === Запуск calculate_balance ===
2025-11-26 18:35:32,024 [DEBUG] WellApp.balance: Входные: P_res=20000000.0, max_tvd_m=2233.86, D_tubing_mm=100.0, D_well_mm=200.0, D_knbk_mm=0.0, L_knbk_m=0.0
2025-11-26 18:35:32,024 [DEBUG] WellApp.balance: Плотности: rho_t=1200.0, rho_a=1700.0
2025-11-26 18:35:32,024 [DEBUG] WellApp.balance: Требуемые высоты: h_req_t=1698.9466530750935, h_req_a=1199.2564609941835
2025-11-26 18:35:32,024 [DEBUG] WellApp.balance: Фактические высоты (с учётом TVD): h_t=1698.9466530750935, h_a=1199.2564609941835
2025-11-26 18:35:32,024 [DEBUG] WellApp.balance: Давления на пласте: p_t=20000000.0, p_a=20000000.0, diff_t=0.0, diff_a=0.0, diff_channels=0.0
2025-11-26 18:35:32,024 [DEBUG] WellApp.balance: Геометрия (м): D_t_id=0.1, D_w=0.2, D_k_od=0.0, L_knbk_m=0.0
2025-11-26 18:35:32,025 [DEBUG] WellApp.balance: Площадь трубы A_full=0.007853981633974483; V_t=13.343495810354202
2025-11-26 18:35:32,025 [DEBUG] WellApp.balance: Площадь затруба A_annulus=0.023561944901923454; V_a=28.256814657220666
2025-11-26 18:35:32,025 [DEBUG] WellApp.balance: === Расчёт calculate_balance завершён успешно ===
2025-11-26 18:35:32,025 [DEBUG] WellApp.gui: Результаты расчёта равновесия: h_t=1698.9466530750935, h_a=1199.2564609941835, V_t=13.343495810354202, V_a=28.256814657220666
2025-11-26 18:35:32,026 [DEBUG] WellApp.graphics: draw_fluids: нарисованы столбы h_t=1698.95 м, h_a=1199.26 м (bottom_y=2345.00, total_depth_md=2345.00)
2025-11-26 18:35:34,673 [DEBUG] WellApp.gui: Переключение на вкладку 'Равновесие'
2025-11-26 18:35:34,673 [DEBUG] WellApp.gui: populate_fluid_combos: обновлено 2 жидкостей
2025-11-26 18:35:34,674 [DEBUG] WellApp.gui: get_max_tvd: прочитан TVD=2233.86
2025-11-26 18:35:35,752 [DEBUG] WellApp.gui: run_balance_calc: запуск
2025-11-26 18:35:35,752 [DEBUG] WellApp.gui: get_max_tvd: прочитан TVD=2233.86
2025-11-26 18:35:35,753 [DEBUG] WellApp.gui: run_balance_calc: tubing=Раствор 1 (ρ=1.200), annulus=Раствор 1 (ρ=1.200)
2025-11-26 18:35:35,753 [DEBUG] WellApp.balance: === Запуск calculate_balance ===
2025-11-26 18:35:35,753 [DEBUG] WellApp.balance: Входные: P_res=20000000.0, max_tvd_m=2233.86, D_tubing_mm=100.0, D_well_mm=200.0, D_knbk_mm=0.0, L_knbk_m=0.0
2025-11-26 18:35:35,753 [DEBUG] WellApp.balance: Плотности: rho_t=1200.0, rho_a=1200.0
2025-11-26 18:35:35,753 [DEBUG] WellApp.balance: Требуемые высоты: h_req_t=1698.9466530750935, h_req_a=1698.9466530750935
2025-11-26 18:35:35,753 [DEBUG] WellApp.balance: Фактические высоты (с учётом TVD): h_t=1698.9466530750935, h_a=1698.9466530750935
2025-11-26 18:35:35,753 [DEBUG] WellApp.balance: Давления на пласте: p_t=20000000.0, p_a=20000000.0, diff_t=0.0, diff_a=0.0, diff_channels=0.0
2025-11-26 18:35:35,753 [DEBUG] WellApp.balance: Геометрия (м): D_t_id=0.1, D_w=0.2, D_k_od=0.0, L_knbk_m=0.0
2025-11-26 18:35:35,753 [DEBUG] WellApp.balance: Площадь трубы A_full=0.007853981633974483; V_t=13.343495810354202
2025-11-26 18:35:35,754 [DEBUG] WellApp.balance: Площадь затруба A_annulus=0.023561944901923454; V_a=40.03048743106262
2025-11-26 18:35:35,754 [DEBUG] WellApp.balance: === Расчёт calculate_balance завершён успешно ===
2025-11-26 18:35:35,754 [DEBUG] WellApp.gui: Результаты расчёта равновесия: h_t=1698.9466530750935, h_a=1698.9466530750935, V_t=13.343495810354202, V_a=40.03048743106262
2025-11-26 18:35:35,754 [DEBUG] WellApp.graphics: draw_fluids: нарисованы столбы h_t=1698.95 м, h_a=1698.95 м (bottom_y=2345.00, total_depth_md=2345.00)
2025-11-26 18:35:35,918 [DEBUG] WellApp.gui: run_balance_calc: запуск
2025-11-26 18:35:35,918 [DEBUG] WellApp.gui: get_max_tvd: прочитан TVD=2233.86
2025-11-26 18:35:35,919 [DEBUG] WellApp.gui: run_balance_calc: tubing=Раствор 1 (ρ=1.200), annulus=Раствор 1 (ρ=1.200)
2025-11-26 18:35:35,919 [DEBUG] WellApp.balance: === Запуск calculate_balance ===
2025-11-26 18:35:35,919 [DEBUG] WellApp.balance: Входные: P_res=20000000.0, max_tvd_m=2233.86, D_tubing_mm=100.0, D_well_mm=200.0, D_knbk_mm=0.0, L_knbk_m=0.0
2025-11-26 18:35:35,919 [DEBUG] WellApp.balance: Плотности: rho_t=1200.0, rho_a=1200.0
2025-11-26 18:35:35,919 [DEBUG] WellApp.balance: Требуемые высоты: h_req_t=1698.9466530750935, h_req_a=1698.9466530750935
2025-11-26 18:35:35,919 [DEBUG] WellApp.balance: Фактические высоты (с учётом TVD): h_t=1698.9466530750935, h_a=1698.9466530750935
2025-11-26 18:35:35,919 [DEBUG] WellApp.balance: Давления на пласте: p_t=20000000.0, p_a=20000000.0, diff_t=0.0, diff_a=0.0, diff_channels=0.0
2025-11-26 18:35:35,920 [DEBUG] WellApp.balance: Геометрия (м): D_t_id=0.1, D_w=0.2, D_k_od=0.0, L_knbk_m=0.0
2025-11-26 18:35:35,920 [DEBUG] WellApp.balance: Площадь трубы A_full=0.007853981633974483; V_t=13.343495810354202
2025-11-26 18:35:35,920 [DEBUG] WellApp.balance: Площадь затруба A_annulus=0.023561944901923454; V_a=40.03048743106262
2025-11-26 18:35:35,920 [DEBUG] WellApp.balance: === Расчёт calculate_balance завершён успешно ===
2025-11-26 18:35:35,920 [DEBUG] WellApp.gui: Результаты расчёта равновесия: h_t=1698.9466530750935, h_a=1698.9466530750935, V_t=13.343495810354202, V_a=40.03048743106262
2025-11-26 18:35:35,921 [DEBUG] WellApp.graphics: draw_fluids: нарисованы столбы h_t=1698.95 м, h_a=1698.95 м (bottom_y=2345.00, total_depth_md=2345.00)
2025-11-26 18:35:42,324 [DEBUG] WellApp.gui: run_balance_calc: запуск
2025-11-26 18:35:42,325 [DEBUG] WellApp.gui: get_max_tvd: прочитан TVD=2233.86
2025-11-26 18:35:42,325 [DEBUG] WellApp.gui: run_balance_calc: tubing=Раствор 2 (ρ=1.700), annulus=Раствор 1 (ρ=1.200)
2025-11-26 18:35:42,325 [DEBUG] WellApp.balance: === Запуск calculate_balance ===
2025-11-26 18:35:42,326 [DEBUG] WellApp.balance: Входные: P_res=20000000.0, max_tvd_m=2233.86, D_tubing_mm=100.0, D_well_mm=200.0, D_knbk_mm=0.0, L_knbk_m=0.0
2025-11-26 18:35:42,326 [DEBUG] WellApp.balance: Плотности: rho_t=1700.0, rho_a=1200.0
2025-11-26 18:35:42,326 [DEBUG] WellApp.balance: Требуемые высоты: h_req_t=1199.2564609941835, h_req_a=1698.9466530750935
2025-11-26 18:35:42,327 [DEBUG] WellApp.balance: Фактические высоты (с учётом TVD): h_t=1199.2564609941835, h_a=1698.9466530750935
2025-11-26 18:35:42,327 [DEBUG] WellApp.balance: Давления на пласте: p_t=20000000.0, p_a=20000000.0, diff_t=0.0, diff_a=0.0, diff_channels=0.0
2025-11-26 18:35:42,327 [DEBUG] WellApp.balance: Геометрия (м): D_t_id=0.1, D_w=0.2, D_k_od=0.0, L_knbk_m=0.0
2025-11-26 18:35:42,327 [DEBUG] WellApp.balance: Площадь трубы A_full=0.007853981633974483; V_t=9.418938219073553
2025-11-26 18:35:42,327 [DEBUG] WellApp.balance: Площадь затруба A_annulus=0.023561944901923454; V_a=40.03048743106262
2025-11-26 18:35:42,328 [DEBUG] WellApp.balance: === Расчёт calculate_balance завершён успешно ===
2025-11-26 18:35:42,328 [DEBUG] WellApp.gui: Результаты расчёта равновесия: h_t=1199.2564609941835, h_a=1698.9466530750935, V_t=9.418938219073553, V_a=40.03048743106262
2025-11-26 18:35:42,328 [DEBUG] WellApp.graphics: draw_fluids: нарисованы столбы h_t=1199.26 м, h_a=1698.95 м (bottom_y=2345.00, total_depth_md=2345.00)
2025-11-26 18:36:17,318 [DEBUG] WellApp.gui: run_balance_calc: запуск
2025-11-26 18:36:17,319 [DEBUG] WellApp.gui: get_max_tvd: прочитан TVD=2233.86
2025-11-26 18:36:17,319 [DEBUG] WellApp.gui: run_balance_calc: tubing=Раствор 1 (ρ=1.200), annulus=Раствор 2 (ρ=1.700)
2025-11-26 18:36:17,319 [DEBUG] WellApp.balance: === Запуск calculate_balance ===
2025-11-26 18:36:17,319 [DEBUG] WellApp.balance: Входные: P_res=20000000.0, max_tvd_m=2233.86, D_tubing_mm=100.0, D_well_mm=200.0, D_knbk_mm=0.0, L_knbk_m=0.0
2025-11-26 18:36:17,319 [DEBUG] WellApp.balance: Плотности: rho_t=1200.0, rho_a=1700.0
2025-11-26 18:36:17,319 [DEBUG] WellApp.balance: Требуемые высоты: h_req_t=1698.9466530750935, h_req_a=1199.2564609941835
2025-11-26 18:36:17,319 [DEBUG] WellApp.balance: Фактические высоты (с учётом TVD): h_t=1698.9466530750935, h_a=1199.2564609941835
2025-11-26 18:36:17,319 [DEBUG] WellApp.balance: Давления на пласте: p_t=20000000.0, p_a=20000000.0, diff_t=0.0, diff_a=0.0, diff_channels=0.0
2025-11-26 18:36:17,320 [DEBUG] WellApp.balance: Геометрия (м): D_t_id=0.1, D_w=0.2, D_k_od=0.0, L_knbk_m=0.0
2025-11-26 18:36:17,320 [DEBUG] WellApp.balance: Площадь трубы A_full=0.007853981633974483; V_t=13.343495810354202
2025-11-26 18:36:17,320 [DEBUG] WellApp.balance: Площадь затруба A_annulus=0.023561944901923454; V_a=28.256814657220666
2025-11-26 18:36:17,320 [DEBUG] WellApp.balance: === Расчёт calculate_balance завершён успешно ===
2025-11-26 18:36:17,320 [DEBUG] WellApp.gui: Результаты расчёта равновесия: h_t=1698.9466530750935, h_a=1199.2564609941835, V_t=13.343495810354202, V_a=28.256814657220666
2025-11-26 18:36:17,320 [DEBUG] WellApp.graphics: draw_fluids: нарисованы столбы h_t=1698.95 м, h_a=1199.26 м (bottom_y=2345.00, total_depth_md=2345.00)
2025-11-26 18:56:32,251 [DEBUG] WellApp: Логгер WellApp настроен. Файл лога: C:\Users\pasha\OneDrive\Рабочий стол\WellLib\csg\program_debug.log
2025-11-26 18:56:32,288 [INFO] WellApp.gui: Запуск WellApp из csg.py
2025-11-26 18:56:32,328 [DEBUG] WellApp.gui: Инициализация WellApp
2025-11-26 18:56:32,330 [DEBUG] WellApp.graphics: BHA элементов (снизу вверх): []
2025-11-26 18:56:32,331 [DEBUG] WellApp.trajectory: Инициализация TrajectoryTab
2025-11-26 18:56:32,502 [DEBUG] WellApp.trajectory: Добавлена точка траектории, всего строк: 1
2025-11-26 18:56:32,504 [DEBUG] WellApp.gui: Инициализация BalanceTab
2025-11-26 18:56:32,514 [DEBUG] WellApp.gui: Инициализация вкладки 'Жидкости'
2025-11-26 18:56:32,516 [DEBUG] WellApp.gui: populate_fluid_combos: обновлено 1 жидкостей
2025-11-26 18:56:32,516 [DEBUG] WellApp.gui: Добавлена жидкость: Раствор 1, 1.2 г/см³, тип Раствор
2025-11-26 18:56:32,516 [DEBUG] WellApp.gui: populate_fluid_combos: обновлено 1 жидкостей
2025-11-26 18:56:32,516 [DEBUG] WellApp.gui: Инициализация вкладки 'Конструкция'
2025-11-26 18:56:32,518 [DEBUG] WellApp.gui: Добавлена строка колонны, всего строк: 1
2025-11-26 18:56:32,518 [DEBUG] WellApp.gui: Инициализация вкладки 'КНБК'
2025-11-26 18:56:32,519 [DEBUG] WellApp.gui: Добавлена строка КНБК, всего строк: 1
2025-11-26 18:56:32,519 [DEBUG] WellApp.gui: Инициализация вкладки 'Объёмы'
2025-11-26 18:56:41,165 [DEBUG] WellApp.gui: paste_bha_from_clipboard: сырая строка='Drill Pipe\t1800.0\t127.0\t95.0', parts=['Drill Pipe', '1800.0', '127.0', '95.0']
2025-11-26 18:56:41,165 [DEBUG] WellApp.utils: normalize_bha_name: 'Drill Pipe' -> 'Drill Pipe'
2025-11-26 18:56:41,165 [DEBUG] WellApp.gui: paste_bha_from_clipboard: сырая строка='Heavy Weight\t200.0\t139.7\t76.0', parts=['Heavy Weight', '200.0', '139.7', '76.0']
2025-11-26 18:56:41,166 [DEBUG] WellApp.utils: normalize_bha_name: 'Heavy Weight' -> 'Heavy Weight'
2025-11-26 18:56:41,166 [DEBUG] WellApp.gui: paste_bha_from_clipboard: сырая строка='Drill Collar\t80.0\t203.0\t76.0', parts=['Drill Collar', '80.0', '203.0', '76.0']
2025-11-26 18:56:41,166 [DEBUG] WellApp.utils: normalize_bha_name: 'Drill Collar' -> 'Drill Collar'
2025-11-26 18:56:41,166 [DEBUG] WellApp.gui: paste_bha_from_clipboard: сырая строка='Mud Motor\t10.0\t172.0\t70.0', parts=['Mud Motor', '10.0', '172.0', '70.0']
2025-11-26 18:56:41,166 [DEBUG] WellApp.utils: normalize_bha_name: 'Mud Motor' -> 'Mud Motor'
2025-11-26 18:56:41,166 [DEBUG] WellApp.gui: paste_bha_from_clipboard: сырая строка='Bit\t0.3\t215.9\t0.0', parts=['Bit', '0.3', '215.9', '0.0']
2025-11-26 18:56:41,166 [DEBUG] WellApp.utils: normalize_bha_name: 'Bit' -> 'Bit'
2025-11-26 18:56:41,166 [DEBUG] WellApp.gui: Из буфера вставлено элементов КНБК: 5
2025-11-26 18:56:50,827 [DEBUG] WellApp.trajectory: Очистка таблицы траектории
2025-11-26 18:56:51,363 [DEBUG] WellApp.trajectory: paste: вставка траектории из буфера, длина текста=39
2025-11-26 18:56:51,363 [DEBUG] WellApp.trajectory: Очистка таблицы траектории
2025-11-26 18:56:51,363 [DEBUG] WellApp.trajectory: load_from_text: обработка 4 строк
2025-11-26 18:56:51,363 [DEBUG] WellApp.gui: get_max_tvd: прочитан TVD=2233.86
2025-11-26 18:56:53,832 [DEBUG] WellApp.gui: populate_fluid_combos: обновлено 2 жидкостей
2025-11-26 18:56:53,832 [DEBUG] WellApp.gui: Добавлена жидкость: Раствор 2, 1.2 г/см³, тип Раствор
2025-11-26 18:56:53,833 [DEBUG] WellApp.gui: populate_fluid_combos: обновлено 2 жидкостей
2025-11-26 18:56:53,833 [DEBUG] WellApp.gui: populate_fluid_combos: обновлено 2 жидкостей
2025-11-26 18:56:53,834 [DEBUG] WellApp.gui: populate_fluid_combos: обновлено 2 жидкостей
2025-11-26 18:56:56,665 [DEBUG] WellApp.gui: populate_fluid_combos: обновлено 2 жидкостей
2025-11-26 18:56:56,669 [DEBUG] WellApp.gui: populate_fluid_combos: обновлено 2 жидкостей
2025-11-26 18:57:01,227 [DEBUG] WellApp.gui: populate_fluid_combos: обновлено 2 жидкостей
2025-11-26 18:57:01,231 [DEBUG] WellApp.gui: populate_fluid_combos: обновлено 2 жидкостей
2025-11-26 18:57:09,002 [DEBUG] WellApp.gui: Добавлена строка Open Hole, всего строк: 1
2025-11-26 18:57:19,999 [DEBUG] WellApp.gui: Старт расчёта объёмов и построения схемы
2025-11-26 18:57:20,000 [DEBUG] WellApp.utils: compute_casing_params -> OD=245.000, ID=226.000, wall=9.500
2025-11-26 18:57:20,000 [WARNING] WellApp.geom: Casing 'Open Hole': ID >= OD (id=230.000 мм, od=230.000 мм) — проверьте данные
2025-11-26 18:57:20,000 [DEBUG] WellApp.gui: Суммарная MD конструкции: 2600.000 м
2025-11-26 18:57:20,000 [DEBUG] WellApp.gui: Передана глубина конструкции в BalanceTab: MD=2600.000 м
2025-11-26 18:57:20,001 [DEBUG] WellApp.utils: normalize_bha_name: 'Drill Pipe' -> 'Drill Pipe'
2025-11-26 18:57:20,001 [DEBUG] WellApp.utils: normalize_bha_name: 'Heavy Weight' -> 'Heavy Weight'
2025-11-26 18:57:20,001 [DEBUG] WellApp.utils: normalize_bha_name: 'Drill Collar' -> 'Drill Collar'
2025-11-26 18:57:20,001 [DEBUG] WellApp.utils: normalize_bha_name: 'Mud Motor' -> 'Mud Motor'
2025-11-26 18:57:20,001 [DEBUG] WellApp.utils: normalize_bha_name: 'Bit' -> 'Bit'
2025-11-26 18:57:20,001 [DEBUG] WellApp.gui: Скорректирована длина верхнего элемента КНБК на 509.700 м для соответствия глубине конструкции
2025-11-26 18:57:20,001 [DEBUG] WellApp.gui: Добавлен Fluid: Раствор 1, Раствор, 1.2, <PyQt5.QtGui.QColor object at 0x000002007BE592B0>
2025-11-26 18:57:20,001 [DEBUG] WellApp.gui: Добавлен Fluid: Раствор 2, Раствор, 1.7, <PyQt5.QtGui.QColor object at 0x000002007BE59400>
2025-11-26 18:57:20,001 [DEBUG] WellApp.gui: Итоговое содержимое fluids: ['Раствор 1', 'Раствор 2']
2025-11-26 18:57:20,001 [DEBUG] WellApp.volumes: calculate_volumes: старт расчёта, casings=2, bha=5
2025-11-26 18:57:20,001 [DEBUG] WellApp.volumes: calculate_volumes: завершено. V_casings=106.591, V_bha_int=17.680, V_bha_disp=35.157, V_annulus=71.434
2025-11-26 18:57:20,003 [DEBUG] WellApp.graphics: BHA элементов (снизу вверх): ['Drill Pipe L=2309.70, OD=127.0', 'Heavy Weight L=200.00, OD=139.7', 'Drill Collar L=80.00, OD=203.0', 'Mud Motor L=10.00, OD=172.0', 'Bit L=0.30, OD=215.9']
2025-11-26 18:57:20,008 [DEBUG] WellApp.gui: Расчёт объёмов и обновление схемы завершены успешно
2025-11-26 18:57:21,330 [DEBUG] WellApp.gui: Переключение на вкладку 'Равновесие'
2025-11-26 18:57:21,330 [DEBUG] WellApp.gui: populate_fluid_combos: обновлено 2 жидкостей
2025-11-26 18:57:21,330 [DEBUG] WellApp.gui: get_max_tvd: прочитан TVD=2233.86
2025-11-26 18:57:26,484 [DEBUG] WellApp.gui: run_balance_calc: запуск
2025-11-26 18:57:26,484 [DEBUG] WellApp.gui: get_max_tvd: прочитан TVD=2233.86
2025-11-26 18:57:26,485 [DEBUG] WellApp.gui: run_balance_calc: tubing=Раствор 1 (ρ=1.200), annulus=Раствор 2 (ρ=1.700)
2025-11-26 18:57:26,485 [DEBUG] WellApp.balance: === Запуск calculate_balance ===
2025-11-26 18:57:26,485 [DEBUG] WellApp.balance: Входные: P_res=30000000.0, max_tvd_m=2233.86, D_tubing_mm=100.0, D_well_mm=200.0, D_knbk_mm=0.0, L_knbk_m=0.0
2025-11-26 18:57:26,485 [DEBUG] WellApp.balance: Плотности: rho_t=1200.0, rho_a=1700.0
2025-11-26 18:57:26,486 [DEBUG] WellApp.balance: Требуемые высоты: h_req_t=2548.41997961264, h_req_a=1798.8846914912754
2025-11-26 18:57:26,486 [DEBUG] WellApp.balance: Фактические высоты (с учётом TVD): h_t=2233.86, h_a=1798.8846914912754
2025-11-26 18:57:26,486 [DEBUG] WellApp.balance: Давления на пласте: p_t=26296999.92, p_a=30000000.0, diff_t=3703000.079999998, diff_a=0.0, diff_channels=3703000.079999998
2025-11-26 18:57:26,486 [DEBUG] WellApp.balance: Геометрия (м): D_t_id=0.1, D_w=0.2, D_k_od=0.0, L_knbk_m=0.0
2025-11-26 18:57:26,486 [DEBUG] WellApp.balance: Площадь трубы A_full=0.007853981633974483; V_t=17.54469541287024
2025-11-26 18:57:26,486 [DEBUG] WellApp.balance: Площадь затруба A_annulus=0.023561944901923454; V_a=42.385221985831
2025-11-26 18:57:26,486 [DEBUG] WellApp.balance: === Расчёт calculate_balance завершён успешно ===
2025-11-26 18:57:26,487 [DEBUG] WellApp.gui: Результаты расчёта равновесия: h_t=2233.86, h_a=1798.8846914912754, V_t=17.54469541287024, V_a=42.385221985831
2025-11-26 18:57:26,487 [DEBUG] WellApp.graphics: draw_fluids: нарисованы столбы h_t=2233.86 м, h_a=1798.88 м (bottom_y=2600.00, total_depth_md=2600.00)
2025-11-26 18:57:39,888 [DEBUG] WellApp.gui: run_balance_calc: запуск
2025-11-26 18:57:39,888 [DEBUG] WellApp.gui: get_max_tvd: прочитан TVD=2233.86
2025-11-26 18:57:39,889 [DEBUG] WellApp.gui: run_balance_calc: tubing=Раствор 1 (ρ=1.200), annulus=Раствор 2 (ρ=1.700)
2025-11-26 18:57:39,889 [DEBUG] WellApp.balance: === Запуск calculate_balance ===
2025-11-26 18:57:39,889 [DEBUG] WellApp.balance: Входные: P_res=30000000.0, max_tvd_m=2233.86, D_tubing_mm=100.0, D_well_mm=200.0, D_knbk_mm=0.0, L_knbk_m=0.0
2025-11-26 18:57:39,889 [DEBUG] WellApp.balance: Плотности: rho_t=1200.0, rho_a=1700.0
2025-11-26 18:57:39,889 [DEBUG] WellApp.balance: Требуемые высоты: h_req_t=2548.41997961264, h_req_a=1798.8846914912754
2025-11-26 18:57:39,890 [DEBUG] WellApp.balance: Фактические высоты (с учётом TVD): h_t=2233.86, h_a=1798.8846914912754
2025-11-26 18:57:39,890 [DEBUG] WellApp.balance: Давления на пласте: p_t=26296999.92, p_a=30000000.0, diff_t=3703000.079999998, diff_a=0.0, diff_channels=3703000.079999998
2025-11-26 18:57:39,890 [DEBUG] WellApp.balance: Геометрия (м): D_t_id=0.1, D_w=0.2, D_k_od=0.0, L_knbk_m=0.0
2025-11-26 18:57:39,890 [DEBUG] WellApp.balance: Площадь трубы A_full=0.007853981633974483; V_t=17.54469541287024
2025-11-26 18:57:39,890 [DEBUG] WellApp.balance: Площадь затруба A_annulus=0.023561944901923454; V_a=42.385221985831
2025-11-26 18:57:39,890 [DEBUG] WellApp.balance: === Расчёт calculate_balance завершён успешно ===
2025-11-26 18:57:39,890 [DEBUG] WellApp.gui: Результаты расчёта равновесия: h_t=2233.86, h_a=1798.8846914912754, V_t=17.54469541287024, V_a=42.385221985831
2025-11-26 18:57:39,891 [DEBUG] WellApp.graphics: draw_fluids: нарисованы столбы h_t=2233.86 м, h_a=1798.88 м (bottom_y=2600.00, total_depth_md=2600.00)
2025-11-26 18:57:51,968 [DEBUG] WellApp.gui: run_balance_calc: запуск
2025-11-26 18:57:51,968 [DEBUG] WellApp.gui: get_max_tvd: прочитан TVD=2233.86
2025-11-26 18:57:51,968 [DEBUG] WellApp.gui: run_balance_calc: tubing=Раствор 1 (ρ=1.200), annulus=Раствор 2 (ρ=1.700)
2025-11-26 18:57:51,968 [DEBUG] WellApp.balance: === Запуск calculate_balance ===
2025-11-26 18:57:51,968 [DEBUG] WellApp.balance: Входные: P_res=30000000.0, max_tvd_m=2233.86, D_tubing_mm=100.0, D_well_mm=200.0, D_knbk_mm=0.0, L_knbk_m=0.0
2025-11-26 18:57:51,968 [DEBUG] WellApp.balance: Плотности: rho_t=1200.0, rho_a=1700.0
2025-11-26 18:57:51,969 [DEBUG] WellApp.balance: Требуемые высоты: h_req_t=2548.41997961264, h_req_a=1798.8846914912754
2025-11-26 18:57:51,969 [DEBUG] WellApp.balance: Фактические высоты (с учётом TVD): h_t=2233.86, h_a=1798.8846914912754
2025-11-26 18:57:51,969 [DEBUG] WellApp.balance: Давления на пласте: p_t=26296999.92, p_a=30000000.0, diff_t=3703000.079999998, diff_a=0.0, diff_channels=3703000.079999998
2025-11-26 18:57:51,969 [DEBUG] WellApp.balance: Геометрия (м): D_t_id=0.1, D_w=0.2, D_k_od=0.0, L_knbk_m=0.0
2025-11-26 18:57:51,969 [DEBUG] WellApp.balance: Площадь трубы A_full=0.007853981633974483; V_t=17.54469541287024
2025-11-26 18:57:51,969 [DEBUG] WellApp.balance: Площадь затруба A_annulus=0.023561944901923454; V_a=42.385221985831
2025-11-26 18:57:51,969 [DEBUG] WellApp.balance: === Расчёт calculate_balance завершён успешно ===
2025-11-26 18:57:51,969 [DEBUG] WellApp.gui: Результаты расчёта равновесия: h_t=2233.86, h_a=1798.8846914912754, V_t=17.54469541287024, V_a=42.385221985831
2025-11-26 18:57:51,970 [DEBUG] WellApp.graphics: draw_fluids: нарисованы столбы h_t=2233.86 м, h_a=1798.88 м (bottom_y=2600.00, total_depth_md=2600.00)
2025-11-26 18:57:52,870 [DEBUG] WellApp.gui: run_balance_calc: запуск
2025-11-26 18:57:52,871 [DEBUG] WellApp.gui: get_max_tvd: прочитан TVD=2233.86
2025-11-26 18:57:52,871 [DEBUG] WellApp.gui: run_balance_calc: tubing=Раствор 1 (ρ=1.200), annulus=Раствор 2 (ρ=1.700)
2025-11-26 18:57:52,871 [DEBUG] WellApp.balance: === Запуск calculate_balance ===
2025-11-26 18:57:52,871 [DEBUG] WellApp.balance: Входные: P_res=30000000.0, max_tvd_m=2233.86, D_tubing_mm=100.0, D_well_mm=200.0, D_knbk_mm=0.0, L_knbk_m=0.0
2025-11-26 18:57:52,872 [DEBUG] WellApp.balance: Плотности: rho_t=1200.0, rho_a=1700.0
2025-11-26 18:57:52,872 [DEBUG] WellApp.balance: Требуемые высоты: h_req_t=2548.41997961264, h_req_a=1798.8846914912754
2025-11-26 18:57:52,872 [DEBUG] WellApp.balance: Фактические высоты (с учётом TVD): h_t=2233.86, h_a=1798.8846914912754
2025-11-26 18:57:52,872 [DEBUG] WellApp.balance: Давления на пласте: p_t=26296999.92, p_a=30000000.0, diff_t=3703000.079999998, diff_a=0.0, diff_channels=3703000.079999998
2025-11-26 18:57:52,872 [DEBUG] WellApp.balance: Геометрия (м): D_t_id=0.1, D_w=0.2, D_k_od=0.0, L_knbk_m=0.0
2025-11-26 18:57:52,872 [DEBUG] WellApp.balance: Площадь трубы A_full=0.007853981633974483; V_t=17.54469541287024
2025-11-26 18:57:52,872 [DEBUG] WellApp.balance: Площадь затруба A_annulus=0.023561944901923454; V_a=42.385221985831
2025-11-26 18:57:52,873 [DEBUG] WellApp.balance: === Расчёт calculate_balance завершён успешно ===
2025-11-26 18:57:52,873 [DEBUG] WellApp.gui: Результаты расчёта равновесия: h_t=2233.86, h_a=1798.8846914912754, V_t=17.54469541287024, V_a=42.385221985831
2025-11-26 18:57:52,874 [DEBUG] WellApp.graphics: draw_fluids: нарисованы столбы h_t=2233.86 м, h_a=1798.88 м (bottom_y=2600.00, total_depth_md=2600.00)
2025-11-26 18:57:53,052 [DEBUG] WellApp.gui: run_balance_calc: запуск
2025-11-26 18:57:53,053 [DEBUG] WellApp.gui: get_max_tvd: прочитан TVD=2233.86
2025-11-26 18:57:53,053 [DEBUG] WellApp.gui: run_balance_calc: tubing=Раствор 1 (ρ=1.200), annulus=Раствор 2 (ρ=1.700)
2025-11-26 18:57:53,053 [DEBUG] WellApp.balance: === Запуск calculate_balance ===
2025-11-26 18:57:53,054 [DEBUG] WellApp.balance: Входные: P_res=30000000.0, max_tvd_m=2233.86, D_tubing_mm=100.0, D_well_mm=200.0, D_knbk_mm=0.0, L_knbk_m=0.0
2025-11-26 18:57:53,054 [DEBUG] WellApp.balance: Плотности: rho_t=1200.0, rho_a=1700.0
2025-11-26 18:57:53,054 [DEBUG] WellApp.balance: Требуемые высоты: h_req_t=2548.41997961264, h_req_a=1798.8846914912754
2025-11-26 18:57:53,054 [DEBUG] WellApp.balance: Фактические высоты (с учётом TVD): h_t=2233.86, h_a=1798.8846914912754
2025-11-26 18:57:53,055 [DEBUG] WellApp.balance: Давления на пласте: p_t=26296999.92, p_a=30000000.0, diff_t=3703000.079999998, diff_a=0.0, diff_channels=3703000.079999998
2025-11-26 18:57:53,055 [DEBUG] WellApp.balance: Геометрия (м): D_t_id=0.1, D_w=0.2, D_k_od=0.0, L_knbk_m=0.0
2025-11-26 18:57:53,055 [DEBUG] WellApp.balance: Площадь трубы A_full=0.007853981633974483; V_t=17.54469541287024
2025-11-26 18:57:53,055 [DEBUG] WellApp.balance: Площадь затруба A_annulus=0.023561944901923454; V_a=42.385221985831
2025-11-26 18:57:53,055 [DEBUG] WellApp.balance: === Расчёт calculate_balance завершён успешно ===
2025-11-26 18:57:53,056 [DEBUG] WellApp.gui: Результаты расчёта равновесия: h_t=2233.86, h_a=1798.8846914912754, V_t=17.54469541287024, V_a=42.385221985831
2025-11-26 18:57:53,057 [DEBUG] WellApp.graphics: draw_fluids: нарисованы столбы h_t=2233.86 м, h_a=1798.88 м (bottom_y=2600.00, total_depth_md=2600.00)
2025-11-26 19:05:08,299 [DEBUG] WellApp: Логгер WellApp настроен. Файл лога: C:\Users\pasha\OneDrive\Рабочий стол\WellLib\csg\program_debug.log
2025-11-26 19:05:08,335 [INFO] WellApp.gui: Запуск WellApp из csg.py
2025-11-26 19:05:08,372 [DEBUG] WellApp.gui: Инициализация WellApp
2025-11-26 19:05:08,374 [DEBUG] WellApp.graphics: BHA элементов (снизу вверх): []
2025-11-26 19:05:08,375 [DEBUG] WellApp.trajectory: Инициализация TrajectoryTab
2025-11-26 19:05:08,531 [DEBUG] WellApp.trajectory: Добавлена точка траектории, всего строк: 1
2025-11-26 19:05:08,533 [DEBUG] WellApp.gui: Инициализация BalanceTab
2025-11-26 19:05:08,543 [DEBUG] WellApp.gui: Инициализация вкладки 'Жидкости'
2025-11-26 19:05:08,544 [DEBUG] WellApp.gui: populate_fluid_combos: обновлено 1 жидкостей
2025-11-26 19:05:08,545 [DEBUG] WellApp.gui: Добавлена жидкость: Раствор 1, 1.2 г/см³, тип Раствор
2025-11-26 19:05:08,545 [DEBUG] WellApp.gui: populate_fluid_combos: обновлено 1 жидкостей
2025-11-26 19:05:08,545 [DEBUG] WellApp.gui: Инициализация вкладки 'Конструкция'
2025-11-26 19:05:08,547 [DEBUG] WellApp.gui: Добавлена строка колонны, всего строк: 1
2025-11-26 19:05:08,547 [DEBUG] WellApp.gui: Инициализация вкладки 'КНБК'
2025-11-26 19:05:08,548 [DEBUG] WellApp.gui: Добавлена строка КНБК, всего строк: 1
2025-11-26 19:05:08,548 [DEBUG] WellApp.gui: Инициализация вкладки 'Объёмы'
2025-11-26 19:05:19,311 [DEBUG] WellApp.gui: paste_bha_from_clipboard: сырая строка='Drill Pipe\t1800.0\t127.0\t95.0', parts=['Drill Pipe', '1800.0', '127.0', '95.0']
2025-11-26 19:05:19,312 [DEBUG] WellApp.utils: normalize_bha_name: 'Drill Pipe' -> 'Drill Pipe'
2025-11-26 19:05:19,312 [DEBUG] WellApp.gui: paste_bha_from_clipboard: сырая строка='Heavy Weight\t200.0\t139.7\t76.0', parts=['Heavy Weight', '200.0', '139.7', '76.0']
2025-11-26 19:05:19,312 [DEBUG] WellApp.utils: normalize_bha_name: 'Heavy Weight' -> 'Heavy Weight'
2025-11-26 19:05:19,312 [DEBUG] WellApp.gui: paste_bha_from_clipboard: сырая строка='Drill Collar\t80.0\t203.0\t76.0', parts=['Drill Collar', '80.0', '203.0', '76.0']
2025-11-26 19:05:19,312 [DEBUG] WellApp.utils: normalize_bha_name: 'Drill Collar' -> 'Drill Collar'
2025-11-26 19:05:19,312 [DEBUG] WellApp.gui: paste_bha_from_clipboard: сырая строка='Mud Motor\t10.0\t172.0\t70.0', parts=['Mud Motor', '10.0', '172.0', '70.0']
2025-11-26 19:05:19,312 [DEBUG] WellApp.utils: normalize_bha_name: 'Mud Motor' -> 'Mud Motor'
2025-11-26 19:05:19,312 [DEBUG] WellApp.gui: paste_bha_from_clipboard: сырая строка='Bit\t0.3\t215.9\t0.0', parts=['Bit', '0.3', '215.9', '0.0']
2025-11-26 19:05:19,313 [DEBUG] WellApp.utils: normalize_bha_name: 'Bit' -> 'Bit'
2025-11-26 19:05:19,313 [DEBUG] WellApp.gui: Из буфера вставлено элементов КНБК: 5
2025-11-26 19:05:27,307 [DEBUG] WellApp.trajectory: Очистка таблицы траектории
2025-11-26 19:05:27,548 [DEBUG] WellApp.trajectory: paste: вставка траектории из буфера, длина текста=39
2025-11-26 19:05:27,549 [DEBUG] WellApp.trajectory: Очистка таблицы траектории
2025-11-26 19:05:27,549 [DEBUG] WellApp.trajectory: load_from_text: обработка 4 строк
2025-11-26 19:05:27,549 [DEBUG] WellApp.gui: _get_md_tvd_points: собранo 4 точек MD–TVD
2025-11-26 19:05:27,549 [DEBUG] WellApp.gui: update_tvd_display: TVD=2233.86 м по максимальной траектории (MD=2500.0 м)
2025-11-26 19:05:36,331 [DEBUG] WellApp.gui: Добавлена строка Open Hole, всего строк: 1
2025-11-26 19:05:42,918 [DEBUG] WellApp.gui: Старт расчёта объёмов и построения схемы
2025-11-26 19:05:42,918 [DEBUG] WellApp.utils: compute_casing_params -> OD=245.000, ID=226.000, wall=9.500
2025-11-26 19:05:42,918 [WARNING] WellApp.geom: Casing 'Open Hole': ID >= OD (id=230.000 мм, od=230.000 мм) — проверьте данные
2025-11-26 19:05:42,919 [DEBUG] WellApp.gui: Суммарная MD конструкции: 2000.000 м
2025-11-26 19:05:42,919 [DEBUG] WellApp.gui: Передана глубина конструкции в BalanceTab: MD=2000.000 м
2025-11-26 19:05:42,919 [DEBUG] WellApp.utils: normalize_bha_name: 'Drill Pipe' -> 'Drill Pipe'
2025-11-26 19:05:42,920 [DEBUG] WellApp.utils: normalize_bha_name: 'Heavy Weight' -> 'Heavy Weight'
2025-11-26 19:05:42,920 [DEBUG] WellApp.utils: normalize_bha_name: 'Drill Collar' -> 'Drill Collar'
2025-11-26 19:05:42,920 [DEBUG] WellApp.utils: normalize_bha_name: 'Mud Motor' -> 'Mud Motor'
2025-11-26 19:05:42,920 [DEBUG] WellApp.utils: normalize_bha_name: 'Bit' -> 'Bit'
2025-11-26 19:05:42,921 [DEBUG] WellApp.gui: Скорректирована длина верхнего элемента КНБК на -90.300 м для соответствия глубине конструкции
2025-11-26 19:05:42,921 [DEBUG] WellApp.gui: Добавлен Fluid: Раствор 1, Раствор, 1.2, <PyQt5.QtGui.QColor object at 0x000001E6464D9160>
2025-11-26 19:05:42,921 [DEBUG] WellApp.gui: Итоговое содержимое fluids: ['Раствор 1']
2025-11-26 19:05:42,921 [DEBUG] WellApp.volumes: calculate_volumes: старт расчёта, casings=2, bha=5
2025-11-26 19:05:42,921 [DEBUG] WellApp.volumes: calculate_volumes: завершено. V_casings=81.663, V_bha_int=13.427, V_bha_disp=27.556, V_annulus=54.106
2025-11-26 19:05:42,923 [DEBUG] WellApp.graphics: BHA элементов (снизу вверх): ['Drill Pipe L=1709.70, OD=127.0', 'Heavy Weight L=200.00, OD=139.7', 'Drill Collar L=80.00, OD=203.0', 'Mud Motor L=10.00, OD=172.0', 'Bit L=0.30, OD=215.9']
2025-11-26 19:05:42,928 [DEBUG] WellApp.gui: Расчёт объёмов и обновление схемы завершены успешно
2025-11-26 19:05:44,471 [DEBUG] WellApp.gui: Переключение на вкладку 'Равновесие'
2025-11-26 19:05:44,472 [DEBUG] WellApp.gui: populate_fluid_combos: обновлено 1 жидкостей
2025-11-26 19:05:44,472 [DEBUG] WellApp.gui: _get_md_tvd_points: собранo 4 точек MD–TVD
2025-11-26 19:05:44,472 [DEBUG] WellApp.gui: _get_md_tvd_points: собранo 4 точек MD–TVD
2025-11-26 19:05:44,472 [DEBUG] WellApp.gui: update_tvd_display: TVD=1850.83 м для MD=2000.0 м (конструкция=2000.0 м, max_MD_траектории=2500.0 м)
2025-11-26 19:05:46,655 [DEBUG] WellApp.gui: populate_fluid_combos: обновлено 2 жидкостей
2025-11-26 19:05:46,655 [DEBUG] WellApp.gui: Добавлена жидкость: Раствор 2, 1.2 г/см³, тип Раствор
2025-11-26 19:05:46,656 [DEBUG] WellApp.gui: populate_fluid_combos: обновлено 2 жидкостей
2025-11-26 19:05:46,656 [DEBUG] WellApp.gui: populate_fluid_combos: обновлено 2 жидкостей
2025-11-26 19:05:46,657 [DEBUG] WellApp.gui: populate_fluid_combos: обновлено 2 жидкостей
2025-11-26 19:05:49,406 [DEBUG] WellApp.gui: populate_fluid_combos: обновлено 2 жидкостей
2025-11-26 19:05:52,529 [DEBUG] WellApp.gui: run_balance_calc: запуск
2025-11-26 19:05:53,855 [WARNING] WellApp.gui: run_balance_calc: не введено пластовое давление
2025-11-26 19:05:57,142 [DEBUG] WellApp.gui: run_balance_calc: запуск
2025-11-26 19:05:57,142 [DEBUG] WellApp.gui: _get_md_tvd_points: собранo 4 точек MD–TVD
2025-11-26 19:05:57,142 [DEBUG] WellApp.gui: _get_md_tvd_points: собранo 4 точек MD–TVD
2025-11-26 19:05:57,143 [DEBUG] WellApp.gui: run_balance_calc: используем TVD=1850.83 м для MD конструкции=2000.0 м (max_MD_траектории=2500.0 м)
2025-11-26 19:05:57,143 [DEBUG] WellApp.gui: run_balance_calc: tubing=Раствор 1 (ρ=1.200), annulus=Раствор 2 (ρ=1.700)
2025-11-26 19:05:57,143 [DEBUG] WellApp.balance: === Запуск calculate_balance ===
2025-11-26 19:05:57,143 [DEBUG] WellApp.balance: Входные: P_res=30000000.0, max_tvd_m=None, D_tubing_mm=100.0, D_well_mm=200.0, D_knbk_mm=0.0, L_knbk_m=0.0
2025-11-26 19:05:57,143 [DEBUG] WellApp.balance: max_tvd_m взят из второго позиционного аргумента: 1850.83
2025-11-26 19:05:57,144 [DEBUG] WellApp.balance: Плотности: rho_t=1200.0, rho_a=1700.0
2025-11-26 19:05:57,144 [DEBUG] WellApp.balance: Требуемые высоты: h_req_t=2548.41997961264, h_req_a=1798.8846914912754
2025-11-26 19:05:57,144 [DEBUG] WellApp.balance: Фактические высоты (с учётом TVD): h_t=1850.83, h_a=1798.8846914912754
2025-11-26 19:05:57,144 [DEBUG] WellApp.balance: Давления на пласте: p_t=21787970.759999998, p_a=30000000.0, diff_t=8212029.240000002, diff_a=0.0, diff_channels=8212029.240000002
2025-11-26 19:05:57,144 [DEBUG] WellApp.balance: Геометрия (м): D_t_id=0.1, D_w=0.2, D_k_od=0.0, L_knbk_m=0.0
2025-11-26 19:05:57,144 [DEBUG] WellApp.balance: Площадь трубы A_full=0.007853981633974483; V_t=14.536384827608993
2025-11-26 19:05:57,144 [DEBUG] WellApp.balance: Площадь затруба A_annulus=0.023561944901923454; V_a=42.385221985831
2025-11-26 19:05:57,144 [DEBUG] WellApp.balance: === Расчёт calculate_balance завершён успешно ===
2025-11-26 19:05:57,144 [DEBUG] WellApp.gui: Результаты расчёта равновесия: h_t=1850.83, h_a=1798.88, V_t=14.536, V_a=42.385
2025-11-26 19:05:57,145 [ERROR] WellApp.gui: Ошибка в run_balance_calc
Traceback (most recent call last):
  File "C:\Users\pasha\OneDrive\Рабочий стол\WellLib\csg\balance_tab.py", line 310, in run_balance_calc
    self.scene.draw_fluids(
    ~~~~~~~~~~~~~~~~~~~~~~^
        h_t_md=h_t,
        ^^^^^^^^^^^
    ...<2 lines>...
        color_a=getattr(fluid_annulus, "color", None),
        ^^^^^^^^^^^^^^^^^^^^^^^^^^^^^^^^^^^^^^^^^^^^^^
    )
    ^
TypeError: WellScene.draw_fluids() got an unexpected keyword argument 'color_t'
2025-11-26 19:06:17,555 [DEBUG] WellApp.gui: run_balance_calc: запуск
2025-11-26 19:06:17,555 [DEBUG] WellApp.gui: _get_md_tvd_points: собранo 4 точек MD–TVD
2025-11-26 19:06:17,556 [DEBUG] WellApp.gui: _get_md_tvd_points: собранo 4 точек MD–TVD
2025-11-26 19:06:17,556 [DEBUG] WellApp.gui: run_balance_calc: используем TVD=1850.83 м для MD конструкции=2000.0 м (max_MD_траектории=2500.0 м)
2025-11-26 19:06:17,556 [DEBUG] WellApp.gui: run_balance_calc: tubing=Раствор 1 (ρ=1.200), annulus=Раствор 2 (ρ=1.700)
2025-11-26 19:06:17,556 [DEBUG] WellApp.balance: === Запуск calculate_balance ===
2025-11-26 19:06:17,557 [DEBUG] WellApp.balance: Входные: P_res=30000000.0, max_tvd_m=None, D_tubing_mm=100.0, D_well_mm=200.0, D_knbk_mm=0.0, L_knbk_m=0.0
2025-11-26 19:06:17,557 [DEBUG] WellApp.balance: max_tvd_m взят из второго позиционного аргумента: 1850.83
2025-11-26 19:06:17,557 [DEBUG] WellApp.balance: Плотности: rho_t=1200.0, rho_a=1700.0
2025-11-26 19:06:17,557 [DEBUG] WellApp.balance: Требуемые высоты: h_req_t=2548.41997961264, h_req_a=1798.8846914912754
2025-11-26 19:06:17,558 [DEBUG] WellApp.balance: Фактические высоты (с учётом TVD): h_t=1850.83, h_a=1798.8846914912754
2025-11-26 19:06:17,558 [DEBUG] WellApp.balance: Давления на пласте: p_t=21787970.759999998, p_a=30000000.0, diff_t=8212029.240000002, diff_a=0.0, diff_channels=8212029.240000002
2025-11-26 19:06:17,558 [DEBUG] WellApp.balance: Геометрия (м): D_t_id=0.1, D_w=0.2, D_k_od=0.0, L_knbk_m=0.0
2025-11-26 19:06:17,558 [DEBUG] WellApp.balance: Площадь трубы A_full=0.007853981633974483; V_t=14.536384827608993
2025-11-26 19:06:17,558 [DEBUG] WellApp.balance: Площадь затруба A_annulus=0.023561944901923454; V_a=42.385221985831
2025-11-26 19:06:17,558 [DEBUG] WellApp.balance: === Расчёт calculate_balance завершён успешно ===
2025-11-26 19:06:17,558 [DEBUG] WellApp.gui: Результаты расчёта равновесия: h_t=1850.83, h_a=1798.88, V_t=14.536, V_a=42.385
2025-11-26 19:06:17,559 [ERROR] WellApp.gui: Ошибка в run_balance_calc
Traceback (most recent call last):
  File "C:\Users\pasha\OneDrive\Рабочий стол\WellLib\csg\balance_tab.py", line 310, in run_balance_calc
    self.scene.draw_fluids(
    ~~~~~~~~~~~~~~~~~~~~~~^
        h_t_md=h_t,
        ^^^^^^^^^^^
    ...<2 lines>...
        color_a=getattr(fluid_annulus, "color", None),
        ^^^^^^^^^^^^^^^^^^^^^^^^^^^^^^^^^^^^^^^^^^^^^^
    )
    ^
TypeError: WellScene.draw_fluids() got an unexpected keyword argument 'color_t'
2025-11-26 19:09:17,568 [DEBUG] WellApp: Логгер WellApp настроен. Файл лога: C:\Users\pasha\OneDrive\Рабочий стол\WellLib\csg\program_debug.log
2025-11-26 19:09:17,587 [INFO] WellApp.gui: Запуск WellApp из csg.py
2025-11-26 19:09:17,626 [DEBUG] WellApp.gui: Инициализация WellApp
2025-11-26 19:09:17,628 [DEBUG] WellApp.graphics: BHA элементов (снизу вверх): []
2025-11-26 19:09:17,628 [DEBUG] WellApp.trajectory: Инициализация TrajectoryTab
2025-11-26 19:09:17,838 [DEBUG] WellApp.trajectory: Добавлена точка траектории, всего строк: 1
2025-11-26 19:09:17,839 [DEBUG] WellApp.gui: Инициализация BalanceTab
2025-11-26 19:09:17,850 [DEBUG] WellApp.gui: Инициализация вкладки 'Жидкости'
2025-11-26 19:09:17,853 [DEBUG] WellApp.gui: populate_fluid_combos: обновлено 1 жидкостей
2025-11-26 19:09:17,853 [DEBUG] WellApp.gui: Добавлена жидкость: Раствор 1, 1.2 г/см³, тип Раствор
2025-11-26 19:09:17,853 [DEBUG] WellApp.gui: populate_fluid_combos: обновлено 1 жидкостей
2025-11-26 19:09:17,854 [DEBUG] WellApp.gui: Инициализация вкладки 'Конструкция'
2025-11-26 19:09:17,856 [DEBUG] WellApp.gui: Добавлена строка колонны, всего строк: 1
2025-11-26 19:09:17,856 [DEBUG] WellApp.gui: Инициализация вкладки 'КНБК'
2025-11-26 19:09:17,857 [DEBUG] WellApp.gui: Добавлена строка КНБК, всего строк: 1
2025-11-26 19:09:17,857 [DEBUG] WellApp.gui: Инициализация вкладки 'Объёмы'
2025-11-26 19:09:54,174 [DEBUG] WellApp.gui: paste_bha_from_clipboard: сырая строка='Drill Pipe\t1800.0\t127.0\t95.0', parts=['Drill Pipe', '1800.0', '127.0', '95.0']
2025-11-26 19:09:54,174 [DEBUG] WellApp.utils: normalize_bha_name: 'Drill Pipe' -> 'Drill Pipe'
2025-11-26 19:09:54,175 [DEBUG] WellApp.gui: paste_bha_from_clipboard: сырая строка='Heavy Weight\t200.0\t139.7\t76.0', parts=['Heavy Weight', '200.0', '139.7', '76.0']
2025-11-26 19:09:54,175 [DEBUG] WellApp.utils: normalize_bha_name: 'Heavy Weight' -> 'Heavy Weight'
2025-11-26 19:09:54,175 [DEBUG] WellApp.gui: paste_bha_from_clipboard: сырая строка='Drill Collar\t80.0\t203.0\t76.0', parts=['Drill Collar', '80.0', '203.0', '76.0']
2025-11-26 19:09:54,175 [DEBUG] WellApp.utils: normalize_bha_name: 'Drill Collar' -> 'Drill Collar'
2025-11-26 19:09:54,175 [DEBUG] WellApp.gui: paste_bha_from_clipboard: сырая строка='Mud Motor\t10.0\t172.0\t70.0', parts=['Mud Motor', '10.0', '172.0', '70.0']
2025-11-26 19:09:54,175 [DEBUG] WellApp.utils: normalize_bha_name: 'Mud Motor' -> 'Mud Motor'
2025-11-26 19:09:54,175 [DEBUG] WellApp.gui: paste_bha_from_clipboard: сырая строка='Bit\t0.3\t215.9\t0.0', parts=['Bit', '0.3', '215.9', '0.0']
2025-11-26 19:09:54,175 [DEBUG] WellApp.utils: normalize_bha_name: 'Bit' -> 'Bit'
2025-11-26 19:09:54,176 [DEBUG] WellApp.gui: Из буфера вставлено элементов КНБК: 5
2025-11-26 19:09:59,941 [DEBUG] WellApp.trajectory: Очистка таблицы траектории
2025-11-26 19:10:00,175 [DEBUG] WellApp.trajectory: paste: вставка траектории из буфера, длина текста=39
2025-11-26 19:10:00,175 [DEBUG] WellApp.trajectory: Очистка таблицы траектории
2025-11-26 19:10:00,175 [DEBUG] WellApp.trajectory: load_from_text: обработка 4 строк
2025-11-26 19:10:00,175 [DEBUG] WellApp.gui: _get_md_tvd_points: собранo 4 точек MD–TVD
2025-11-26 19:10:00,176 [DEBUG] WellApp.gui: update_tvd_display: TVD=2233.86 м по максимальной траектории (MD=2500.0 м)
2025-11-26 19:10:08,822 [DEBUG] WellApp.gui: Добавлена строка Open Hole, всего строк: 1
2025-11-26 19:10:14,243 [DEBUG] WellApp.gui: Старт расчёта объёмов и построения схемы
2025-11-26 19:10:14,243 [DEBUG] WellApp.utils: compute_casing_params -> OD=245.000, ID=226.000, wall=9.500
2025-11-26 19:10:14,243 [WARNING] WellApp.geom: Casing 'Open Hole': ID >= OD (id=230.000 мм, od=230.000 мм) — проверьте данные
2025-11-26 19:10:14,243 [DEBUG] WellApp.gui: Суммарная MD конструкции: 2000.000 м
2025-11-26 19:10:14,243 [DEBUG] WellApp.gui: Передана глубина конструкции в BalanceTab: MD=2000.000 м
2025-11-26 19:10:14,244 [DEBUG] WellApp.utils: normalize_bha_name: 'Drill Pipe' -> 'Drill Pipe'
2025-11-26 19:10:14,244 [DEBUG] WellApp.utils: normalize_bha_name: 'Heavy Weight' -> 'Heavy Weight'
2025-11-26 19:10:14,244 [DEBUG] WellApp.utils: normalize_bha_name: 'Drill Collar' -> 'Drill Collar'
2025-11-26 19:10:14,244 [DEBUG] WellApp.utils: normalize_bha_name: 'Mud Motor' -> 'Mud Motor'
2025-11-26 19:10:14,244 [DEBUG] WellApp.utils: normalize_bha_name: 'Bit' -> 'Bit'
2025-11-26 19:10:14,244 [DEBUG] WellApp.gui: Скорректирована длина верхнего элемента КНБК на -90.300 м для соответствия глубине конструкции
2025-11-26 19:10:14,244 [DEBUG] WellApp.gui: Добавлен Fluid: Раствор 1, Раствор, 1.2, <PyQt5.QtGui.QColor object at 0x0000021CB7635400>
2025-11-26 19:10:14,245 [DEBUG] WellApp.gui: Итоговое содержимое fluids: ['Раствор 1']
2025-11-26 19:10:14,245 [DEBUG] WellApp.volumes: calculate_volumes: старт расчёта, casings=2, bha=5
2025-11-26 19:10:14,245 [DEBUG] WellApp.volumes: calculate_volumes: завершено. V_casings=81.663, V_bha_int=13.427, V_bha_disp=27.556, V_annulus=54.106
2025-11-26 19:10:14,246 [DEBUG] WellApp.graphics: BHA элементов (снизу вверх): ['Drill Pipe L=1709.70, OD=127.0', 'Heavy Weight L=200.00, OD=139.7', 'Drill Collar L=80.00, OD=203.0', 'Mud Motor L=10.00, OD=172.0', 'Bit L=0.30, OD=215.9']
2025-11-26 19:10:14,251 [DEBUG] WellApp.gui: Расчёт объёмов и обновление схемы завершены успешно
2025-11-26 19:10:19,207 [DEBUG] WellApp.gui: populate_fluid_combos: обновлено 2 жидкостей
2025-11-26 19:10:19,207 [DEBUG] WellApp.gui: Добавлена жидкость: Раствор 2, 1.2 г/см³, тип Раствор
2025-11-26 19:10:19,208 [DEBUG] WellApp.gui: populate_fluid_combos: обновлено 2 жидкостей
2025-11-26 19:10:19,208 [DEBUG] WellApp.gui: populate_fluid_combos: обновлено 2 жидкостей
2025-11-26 19:10:19,210 [DEBUG] WellApp.gui: populate_fluid_combos: обновлено 2 жидкостей
2025-11-26 19:10:21,776 [DEBUG] WellApp.gui: populate_fluid_combos: обновлено 2 жидкостей
2025-11-26 19:10:23,430 [DEBUG] WellApp.gui: Переключение на вкладку 'Равновесие'
2025-11-26 19:10:23,430 [DEBUG] WellApp.gui: populate_fluid_combos: обновлено 2 жидкостей
2025-11-26 19:10:23,431 [DEBUG] WellApp.gui: _get_md_tvd_points: собранo 4 точек MD–TVD
2025-11-26 19:10:23,431 [DEBUG] WellApp.gui: _get_md_tvd_points: собранo 4 точек MD–TVD
2025-11-26 19:10:23,431 [DEBUG] WellApp.gui: update_tvd_display: TVD=1850.83 м для MD=2000.0 м (конструкция=2000.0 м, max_MD_траектории=2500.0 м)
2025-11-26 19:10:27,334 [DEBUG] WellApp.gui: run_balance_calc: запуск
2025-11-26 19:10:27,335 [DEBUG] WellApp.gui: _get_md_tvd_points: собранo 4 точек MD–TVD
2025-11-26 19:10:27,335 [DEBUG] WellApp.gui: _get_md_tvd_points: собранo 4 точек MD–TVD
2025-11-26 19:10:27,335 [DEBUG] WellApp.gui: run_balance_calc: используем TVD=1850.83 м для MD конструкции=2000.0 м (max_MD_траектории=2500.0 м)
2025-11-26 19:10:27,336 [DEBUG] WellApp.gui: run_balance_calc: tubing=Раствор 1 (ρ=1.200), annulus=Раствор 2 (ρ=1.700)
2025-11-26 19:10:27,336 [DEBUG] WellApp.balance: === Запуск calculate_balance ===
2025-11-26 19:10:27,336 [DEBUG] WellApp.balance: Входные: P_res=30000000.0, max_tvd_m=None, D_tubing_mm=100.0, D_well_mm=200.0, D_knbk_mm=0.0, L_knbk_m=0.0
2025-11-26 19:10:27,336 [DEBUG] WellApp.balance: max_tvd_m взят из второго позиционного аргумента: 1850.83
2025-11-26 19:10:27,336 [DEBUG] WellApp.balance: Плотности: rho_t=1200.0, rho_a=1700.0
2025-11-26 19:10:27,337 [DEBUG] WellApp.balance: Требуемые высоты: h_req_t=2548.41997961264, h_req_a=1798.8846914912754
2025-11-26 19:10:27,337 [DEBUG] WellApp.balance: Фактические высоты (с учётом TVD): h_t=1850.83, h_a=1798.8846914912754
2025-11-26 19:10:27,337 [DEBUG] WellApp.balance: Давления на пласте: p_t=21787970.759999998, p_a=30000000.0, diff_t=8212029.240000002, diff_a=0.0, diff_channels=8212029.240000002
2025-11-26 19:10:27,337 [DEBUG] WellApp.balance: Геометрия (м): D_t_id=0.1, D_w=0.2, D_k_od=0.0, L_knbk_m=0.0
2025-11-26 19:10:27,337 [DEBUG] WellApp.balance: Площадь трубы A_full=0.007853981633974483; V_t=14.536384827608993
2025-11-26 19:10:27,337 [DEBUG] WellApp.balance: Площадь затруба A_annulus=0.023561944901923454; V_a=42.385221985831
2025-11-26 19:10:27,338 [DEBUG] WellApp.balance: === Расчёт calculate_balance завершён успешно ===
2025-11-26 19:10:27,338 [DEBUG] WellApp.gui: Результаты расчёта равновесия: h_t=1850.83, h_a=1798.88, V_t=14.536, V_a=42.385
2025-11-26 19:10:27,343 [DEBUG] WellApp.graphics: draw_fluids: нарисованы столбы h_t=1850.83 м, h_a=1798.88 м (bottom_y=2000.00, total_depth_md=2000.00)
2025-11-26 19:10:40,813 [DEBUG] WellApp.gui: run_balance_calc: запуск
2025-11-26 19:10:40,814 [DEBUG] WellApp.gui: _get_md_tvd_points: собранo 4 точек MD–TVD
2025-11-26 19:10:40,814 [DEBUG] WellApp.gui: _get_md_tvd_points: собранo 4 точек MD–TVD
2025-11-26 19:10:40,814 [DEBUG] WellApp.gui: run_balance_calc: используем TVD=1850.83 м для MD конструкции=2000.0 м (max_MD_траектории=2500.0 м)
2025-11-26 19:10:40,814 [DEBUG] WellApp.gui: run_balance_calc: tubing=Раствор 1 (ρ=1.200), annulus=Раствор 2 (ρ=1.700)
2025-11-26 19:10:40,814 [DEBUG] WellApp.balance: === Запуск calculate_balance ===
2025-11-26 19:10:40,814 [DEBUG] WellApp.balance: Входные: P_res=30000000.0, max_tvd_m=None, D_tubing_mm=100.0, D_well_mm=200.0, D_knbk_mm=0.0, L_knbk_m=0.0
2025-11-26 19:10:40,815 [DEBUG] WellApp.balance: max_tvd_m взят из второго позиционного аргумента: 1850.83
2025-11-26 19:10:40,815 [DEBUG] WellApp.balance: Плотности: rho_t=1200.0, rho_a=1700.0
2025-11-26 19:10:40,815 [DEBUG] WellApp.balance: Требуемые высоты: h_req_t=2548.41997961264, h_req_a=1798.8846914912754
2025-11-26 19:10:40,815 [DEBUG] WellApp.balance: Фактические высоты (с учётом TVD): h_t=1850.83, h_a=1798.8846914912754
2025-11-26 19:10:40,815 [DEBUG] WellApp.balance: Давления на пласте: p_t=21787970.759999998, p_a=30000000.0, diff_t=8212029.240000002, diff_a=0.0, diff_channels=8212029.240000002
2025-11-26 19:10:40,815 [DEBUG] WellApp.balance: Геометрия (м): D_t_id=0.1, D_w=0.2, D_k_od=0.0, L_knbk_m=0.0
2025-11-26 19:10:40,815 [DEBUG] WellApp.balance: Площадь трубы A_full=0.007853981633974483; V_t=14.536384827608993
2025-11-26 19:10:40,815 [DEBUG] WellApp.balance: Площадь затруба A_annulus=0.023561944901923454; V_a=42.385221985831
2025-11-26 19:10:40,815 [DEBUG] WellApp.balance: === Расчёт calculate_balance завершён успешно ===
2025-11-26 19:10:40,815 [DEBUG] WellApp.gui: Результаты расчёта равновесия: h_t=1850.83, h_a=1798.88, V_t=14.536, V_a=42.385
2025-11-26 19:10:40,816 [DEBUG] WellApp.graphics: draw_fluids: нарисованы столбы h_t=1850.83 м, h_a=1798.88 м (bottom_y=2000.00, total_depth_md=2000.00)
2025-11-26 19:10:41,983 [DEBUG] WellApp.gui: run_balance_calc: запуск
2025-11-26 19:10:41,983 [DEBUG] WellApp.gui: _get_md_tvd_points: собранo 4 точек MD–TVD
2025-11-26 19:10:41,983 [DEBUG] WellApp.gui: _get_md_tvd_points: собранo 4 точек MD–TVD
2025-11-26 19:10:41,984 [DEBUG] WellApp.gui: run_balance_calc: используем TVD=1850.83 м для MD конструкции=2000.0 м (max_MD_траектории=2500.0 м)
2025-11-26 19:10:41,984 [DEBUG] WellApp.gui: run_balance_calc: tubing=Раствор 1 (ρ=1.200), annulus=Раствор 2 (ρ=1.700)
2025-11-26 19:10:41,984 [DEBUG] WellApp.balance: === Запуск calculate_balance ===
2025-11-26 19:10:41,984 [DEBUG] WellApp.balance: Входные: P_res=30000000.0, max_tvd_m=None, D_tubing_mm=100.0, D_well_mm=200.0, D_knbk_mm=0.0, L_knbk_m=0.0
2025-11-26 19:10:41,985 [DEBUG] WellApp.balance: max_tvd_m взят из второго позиционного аргумента: 1850.83
2025-11-26 19:10:41,985 [DEBUG] WellApp.balance: Плотности: rho_t=1200.0, rho_a=1700.0
2025-11-26 19:10:41,985 [DEBUG] WellApp.balance: Требуемые высоты: h_req_t=2548.41997961264, h_req_a=1798.8846914912754
2025-11-26 19:10:41,985 [DEBUG] WellApp.balance: Фактические высоты (с учётом TVD): h_t=1850.83, h_a=1798.8846914912754
2025-11-26 19:10:41,986 [DEBUG] WellApp.balance: Давления на пласте: p_t=21787970.759999998, p_a=30000000.0, diff_t=8212029.240000002, diff_a=0.0, diff_channels=8212029.240000002
2025-11-26 19:10:41,986 [DEBUG] WellApp.balance: Геометрия (м): D_t_id=0.1, D_w=0.2, D_k_od=0.0, L_knbk_m=0.0
2025-11-26 19:10:41,986 [DEBUG] WellApp.balance: Площадь трубы A_full=0.007853981633974483; V_t=14.536384827608993
2025-11-26 19:10:41,986 [DEBUG] WellApp.balance: Площадь затруба A_annulus=0.023561944901923454; V_a=42.385221985831
2025-11-26 19:10:41,986 [DEBUG] WellApp.balance: === Расчёт calculate_balance завершён успешно ===
2025-11-26 19:10:41,986 [DEBUG] WellApp.gui: Результаты расчёта равновесия: h_t=1850.83, h_a=1798.88, V_t=14.536, V_a=42.385
2025-11-26 19:10:41,987 [DEBUG] WellApp.graphics: draw_fluids: нарисованы столбы h_t=1850.83 м, h_a=1798.88 м (bottom_y=2000.00, total_depth_md=2000.00)
2025-11-26 19:10:42,106 [DEBUG] WellApp.gui: run_balance_calc: запуск
2025-11-26 19:10:42,106 [DEBUG] WellApp.gui: _get_md_tvd_points: собранo 4 точек MD–TVD
2025-11-26 19:10:42,106 [DEBUG] WellApp.gui: _get_md_tvd_points: собранo 4 точек MD–TVD
2025-11-26 19:10:42,106 [DEBUG] WellApp.gui: run_balance_calc: используем TVD=1850.83 м для MD конструкции=2000.0 м (max_MD_траектории=2500.0 м)
2025-11-26 19:10:42,107 [DEBUG] WellApp.gui: run_balance_calc: tubing=Раствор 1 (ρ=1.200), annulus=Раствор 2 (ρ=1.700)
2025-11-26 19:10:42,107 [DEBUG] WellApp.balance: === Запуск calculate_balance ===
2025-11-26 19:10:42,107 [DEBUG] WellApp.balance: Входные: P_res=30000000.0, max_tvd_m=None, D_tubing_mm=100.0, D_well_mm=200.0, D_knbk_mm=0.0, L_knbk_m=0.0
2025-11-26 19:10:42,107 [DEBUG] WellApp.balance: max_tvd_m взят из второго позиционного аргумента: 1850.83
2025-11-26 19:10:42,107 [DEBUG] WellApp.balance: Плотности: rho_t=1200.0, rho_a=1700.0
2025-11-26 19:10:42,107 [DEBUG] WellApp.balance: Требуемые высоты: h_req_t=2548.41997961264, h_req_a=1798.8846914912754
2025-11-26 19:10:42,107 [DEBUG] WellApp.balance: Фактические высоты (с учётом TVD): h_t=1850.83, h_a=1798.8846914912754
2025-11-26 19:10:42,108 [DEBUG] WellApp.balance: Давления на пласте: p_t=21787970.759999998, p_a=30000000.0, diff_t=8212029.240000002, diff_a=0.0, diff_channels=8212029.240000002
2025-11-26 19:10:42,108 [DEBUG] WellApp.balance: Геометрия (м): D_t_id=0.1, D_w=0.2, D_k_od=0.0, L_knbk_m=0.0
2025-11-26 19:10:42,108 [DEBUG] WellApp.balance: Площадь трубы A_full=0.007853981633974483; V_t=14.536384827608993
2025-11-26 19:10:42,108 [DEBUG] WellApp.balance: Площадь затруба A_annulus=0.023561944901923454; V_a=42.385221985831
2025-11-26 19:10:42,108 [DEBUG] WellApp.balance: === Расчёт calculate_balance завершён успешно ===
2025-11-26 19:10:42,108 [DEBUG] WellApp.gui: Результаты расчёта равновесия: h_t=1850.83, h_a=1798.88, V_t=14.536, V_a=42.385
2025-11-26 19:10:42,108 [DEBUG] WellApp.graphics: draw_fluids: нарисованы столбы h_t=1850.83 м, h_a=1798.88 м (bottom_y=2000.00, total_depth_md=2000.00)
2025-11-26 19:10:43,969 [DEBUG] WellApp.gui: Переключение на вкладку 'Равновесие'
2025-11-26 19:10:43,969 [DEBUG] WellApp.gui: populate_fluid_combos: обновлено 2 жидкостей
2025-11-26 19:10:43,970 [DEBUG] WellApp.gui: _get_md_tvd_points: собранo 4 точек MD–TVD
2025-11-26 19:10:43,970 [DEBUG] WellApp.gui: _get_md_tvd_points: собранo 4 точек MD–TVD
2025-11-26 19:10:43,971 [DEBUG] WellApp.gui: update_tvd_display: TVD=1850.83 м для MD=2000.0 м (конструкция=2000.0 м, max_MD_траектории=2500.0 м)
2025-11-26 19:10:45,216 [DEBUG] WellApp.gui: run_balance_calc: запуск
2025-11-26 19:10:45,217 [DEBUG] WellApp.gui: _get_md_tvd_points: собранo 4 точек MD–TVD
2025-11-26 19:10:45,217 [DEBUG] WellApp.gui: _get_md_tvd_points: собранo 4 точек MD–TVD
2025-11-26 19:10:45,217 [DEBUG] WellApp.gui: run_balance_calc: используем TVD=1850.83 м для MD конструкции=2000.0 м (max_MD_траектории=2500.0 м)
2025-11-26 19:10:45,217 [DEBUG] WellApp.gui: run_balance_calc: tubing=Раствор 1 (ρ=1.200), annulus=Раствор 1 (ρ=1.200)
2025-11-26 19:10:45,217 [DEBUG] WellApp.balance: === Запуск calculate_balance ===
2025-11-26 19:10:45,217 [DEBUG] WellApp.balance: Входные: P_res=30000000.0, max_tvd_m=None, D_tubing_mm=100.0, D_well_mm=200.0, D_knbk_mm=0.0, L_knbk_m=0.0
2025-11-26 19:10:45,218 [DEBUG] WellApp.balance: max_tvd_m взят из второго позиционного аргумента: 1850.83
2025-11-26 19:10:45,218 [DEBUG] WellApp.balance: Плотности: rho_t=1200.0, rho_a=1200.0
2025-11-26 19:10:45,218 [DEBUG] WellApp.balance: Требуемые высоты: h_req_t=2548.41997961264, h_req_a=2548.41997961264
2025-11-26 19:10:45,218 [DEBUG] WellApp.balance: Фактические высоты (с учётом TVD): h_t=1850.83, h_a=1850.83
2025-11-26 19:10:45,218 [DEBUG] WellApp.balance: Давления на пласте: p_t=21787970.759999998, p_a=21787970.759999998, diff_t=8212029.240000002, diff_a=8212029.240000002, diff_channels=0.0
2025-11-26 19:10:45,218 [DEBUG] WellApp.balance: Геометрия (м): D_t_id=0.1, D_w=0.2, D_k_od=0.0, L_knbk_m=0.0
2025-11-26 19:10:45,218 [DEBUG] WellApp.balance: Площадь трубы A_full=0.007853981633974483; V_t=14.536384827608993
2025-11-26 19:10:45,218 [DEBUG] WellApp.balance: Площадь затруба A_annulus=0.023561944901923454; V_a=43.60915448282699
2025-11-26 19:10:45,218 [DEBUG] WellApp.balance: === Расчёт calculate_balance завершён успешно ===
2025-11-26 19:10:45,218 [DEBUG] WellApp.gui: Результаты расчёта равновесия: h_t=1850.83, h_a=1850.83, V_t=14.536, V_a=43.609
2025-11-26 19:10:45,219 [DEBUG] WellApp.graphics: draw_fluids: нарисованы столбы h_t=1850.83 м, h_a=1850.83 м (bottom_y=2000.00, total_depth_md=2000.00)
2025-11-26 19:10:45,363 [DEBUG] WellApp.gui: run_balance_calc: запуск
2025-11-26 19:10:45,363 [DEBUG] WellApp.gui: _get_md_tvd_points: собранo 4 точек MD–TVD
2025-11-26 19:10:45,364 [DEBUG] WellApp.gui: _get_md_tvd_points: собранo 4 точек MD–TVD
2025-11-26 19:10:45,364 [DEBUG] WellApp.gui: run_balance_calc: используем TVD=1850.83 м для MD конструкции=2000.0 м (max_MD_траектории=2500.0 м)
2025-11-26 19:10:45,364 [DEBUG] WellApp.gui: run_balance_calc: tubing=Раствор 1 (ρ=1.200), annulus=Раствор 1 (ρ=1.200)
2025-11-26 19:10:45,364 [DEBUG] WellApp.balance: === Запуск calculate_balance ===
2025-11-26 19:10:45,364 [DEBUG] WellApp.balance: Входные: P_res=30000000.0, max_tvd_m=None, D_tubing_mm=100.0, D_well_mm=200.0, D_knbk_mm=0.0, L_knbk_m=0.0
2025-11-26 19:10:45,364 [DEBUG] WellApp.balance: max_tvd_m взят из второго позиционного аргумента: 1850.83
2025-11-26 19:10:45,364 [DEBUG] WellApp.balance: Плотности: rho_t=1200.0, rho_a=1200.0
2025-11-26 19:10:45,365 [DEBUG] WellApp.balance: Требуемые высоты: h_req_t=2548.41997961264, h_req_a=2548.41997961264
2025-11-26 19:10:45,365 [DEBUG] WellApp.balance: Фактические высоты (с учётом TVD): h_t=1850.83, h_a=1850.83
2025-11-26 19:10:45,365 [DEBUG] WellApp.balance: Давления на пласте: p_t=21787970.759999998, p_a=21787970.759999998, diff_t=8212029.240000002, diff_a=8212029.240000002, diff_channels=0.0
2025-11-26 19:10:45,365 [DEBUG] WellApp.balance: Геометрия (м): D_t_id=0.1, D_w=0.2, D_k_od=0.0, L_knbk_m=0.0
2025-11-26 19:10:45,365 [DEBUG] WellApp.balance: Площадь трубы A_full=0.007853981633974483; V_t=14.536384827608993
2025-11-26 19:10:45,365 [DEBUG] WellApp.balance: Площадь затруба A_annulus=0.023561944901923454; V_a=43.60915448282699
2025-11-26 19:10:45,365 [DEBUG] WellApp.balance: === Расчёт calculate_balance завершён успешно ===
2025-11-26 19:10:45,366 [DEBUG] WellApp.gui: Результаты расчёта равновесия: h_t=1850.83, h_a=1850.83, V_t=14.536, V_a=43.609
2025-11-26 19:10:45,366 [DEBUG] WellApp.graphics: draw_fluids: нарисованы столбы h_t=1850.83 м, h_a=1850.83 м (bottom_y=2000.00, total_depth_md=2000.00)
2025-11-26 19:10:45,507 [DEBUG] WellApp.gui: run_balance_calc: запуск
2025-11-26 19:10:45,507 [DEBUG] WellApp.gui: _get_md_tvd_points: собранo 4 точек MD–TVD
2025-11-26 19:10:45,507 [DEBUG] WellApp.gui: _get_md_tvd_points: собранo 4 точек MD–TVD
2025-11-26 19:10:45,507 [DEBUG] WellApp.gui: run_balance_calc: используем TVD=1850.83 м для MD конструкции=2000.0 м (max_MD_траектории=2500.0 м)
2025-11-26 19:10:45,508 [DEBUG] WellApp.gui: run_balance_calc: tubing=Раствор 1 (ρ=1.200), annulus=Раствор 1 (ρ=1.200)
2025-11-26 19:10:45,508 [DEBUG] WellApp.balance: === Запуск calculate_balance ===
2025-11-26 19:10:45,508 [DEBUG] WellApp.balance: Входные: P_res=30000000.0, max_tvd_m=None, D_tubing_mm=100.0, D_well_mm=200.0, D_knbk_mm=0.0, L_knbk_m=0.0
2025-11-26 19:10:45,508 [DEBUG] WellApp.balance: max_tvd_m взят из второго позиционного аргумента: 1850.83
2025-11-26 19:10:45,508 [DEBUG] WellApp.balance: Плотности: rho_t=1200.0, rho_a=1200.0
2025-11-26 19:10:45,509 [DEBUG] WellApp.balance: Требуемые высоты: h_req_t=2548.41997961264, h_req_a=2548.41997961264
2025-11-26 19:10:45,509 [DEBUG] WellApp.balance: Фактические высоты (с учётом TVD): h_t=1850.83, h_a=1850.83
2025-11-26 19:10:45,509 [DEBUG] WellApp.balance: Давления на пласте: p_t=21787970.759999998, p_a=21787970.759999998, diff_t=8212029.240000002, diff_a=8212029.240000002, diff_channels=0.0
2025-11-26 19:10:45,509 [DEBUG] WellApp.balance: Геометрия (м): D_t_id=0.1, D_w=0.2, D_k_od=0.0, L_knbk_m=0.0
2025-11-26 19:10:45,509 [DEBUG] WellApp.balance: Площадь трубы A_full=0.007853981633974483; V_t=14.536384827608993
2025-11-26 19:10:45,509 [DEBUG] WellApp.balance: Площадь затруба A_annulus=0.023561944901923454; V_a=43.60915448282699
2025-11-26 19:10:45,509 [DEBUG] WellApp.balance: === Расчёт calculate_balance завершён успешно ===
2025-11-26 19:10:45,510 [DEBUG] WellApp.gui: Результаты расчёта равновесия: h_t=1850.83, h_a=1850.83, V_t=14.536, V_a=43.609
2025-11-26 19:10:45,510 [DEBUG] WellApp.graphics: draw_fluids: нарисованы столбы h_t=1850.83 м, h_a=1850.83 м (bottom_y=2000.00, total_depth_md=2000.00)
2025-11-26 19:10:48,697 [DEBUG] WellApp.gui: run_balance_calc: запуск
2025-11-26 19:10:48,697 [DEBUG] WellApp.gui: _get_md_tvd_points: собранo 4 точек MD–TVD
2025-11-26 19:10:48,697 [DEBUG] WellApp.gui: _get_md_tvd_points: собранo 4 точек MD–TVD
2025-11-26 19:10:48,697 [DEBUG] WellApp.gui: run_balance_calc: используем TVD=1850.83 м для MD конструкции=2000.0 м (max_MD_траектории=2500.0 м)
2025-11-26 19:10:48,698 [DEBUG] WellApp.gui: run_balance_calc: tubing=Раствор 1 (ρ=1.200), annulus=Раствор 2 (ρ=1.700)
2025-11-26 19:10:48,698 [DEBUG] WellApp.balance: === Запуск calculate_balance ===
2025-11-26 19:10:48,698 [DEBUG] WellApp.balance: Входные: P_res=30000000.0, max_tvd_m=None, D_tubing_mm=100.0, D_well_mm=200.0, D_knbk_mm=0.0, L_knbk_m=0.0
2025-11-26 19:10:48,698 [DEBUG] WellApp.balance: max_tvd_m взят из второго позиционного аргумента: 1850.83
2025-11-26 19:10:48,698 [DEBUG] WellApp.balance: Плотности: rho_t=1200.0, rho_a=1700.0
2025-11-26 19:10:48,698 [DEBUG] WellApp.balance: Требуемые высоты: h_req_t=2548.41997961264, h_req_a=1798.8846914912754
2025-11-26 19:10:48,698 [DEBUG] WellApp.balance: Фактические высоты (с учётом TVD): h_t=1850.83, h_a=1798.8846914912754
2025-11-26 19:10:48,698 [DEBUG] WellApp.balance: Давления на пласте: p_t=21787970.759999998, p_a=30000000.0, diff_t=8212029.240000002, diff_a=0.0, diff_channels=8212029.240000002
2025-11-26 19:10:48,698 [DEBUG] WellApp.balance: Геометрия (м): D_t_id=0.1, D_w=0.2, D_k_od=0.0, L_knbk_m=0.0
2025-11-26 19:10:48,698 [DEBUG] WellApp.balance: Площадь трубы A_full=0.007853981633974483; V_t=14.536384827608993
2025-11-26 19:10:48,698 [DEBUG] WellApp.balance: Площадь затруба A_annulus=0.023561944901923454; V_a=42.385221985831
2025-11-26 19:10:48,699 [DEBUG] WellApp.balance: === Расчёт calculate_balance завершён успешно ===
2025-11-26 19:10:48,699 [DEBUG] WellApp.gui: Результаты расчёта равновесия: h_t=1850.83, h_a=1798.88, V_t=14.536, V_a=42.385
2025-11-26 19:10:48,700 [DEBUG] WellApp.graphics: draw_fluids: нарисованы столбы h_t=1850.83 м, h_a=1798.88 м (bottom_y=2000.00, total_depth_md=2000.00)
2025-11-26 19:10:54,484 [DEBUG] WellApp.gui: run_balance_calc: запуск
2025-11-26 19:10:54,485 [DEBUG] WellApp.gui: _get_md_tvd_points: собранo 4 точек MD–TVD
2025-11-26 19:10:54,485 [DEBUG] WellApp.gui: _get_md_tvd_points: собранo 4 точек MD–TVD
2025-11-26 19:10:54,485 [DEBUG] WellApp.gui: run_balance_calc: используем TVD=1850.83 м для MD конструкции=2000.0 м (max_MD_траектории=2500.0 м)
2025-11-26 19:10:54,485 [DEBUG] WellApp.gui: run_balance_calc: tubing=Раствор 1 (ρ=1.200), annulus=Раствор 2 (ρ=1.700)
2025-11-26 19:10:54,486 [DEBUG] WellApp.balance: === Запуск calculate_balance ===
2025-11-26 19:10:54,486 [DEBUG] WellApp.balance: Входные: P_res=30000000.0, max_tvd_m=None, D_tubing_mm=100.0, D_well_mm=200.0, D_knbk_mm=0.0, L_knbk_m=0.0
2025-11-26 19:10:54,486 [DEBUG] WellApp.balance: max_tvd_m взят из второго позиционного аргумента: 1850.83
2025-11-26 19:10:54,486 [DEBUG] WellApp.balance: Плотности: rho_t=1200.0, rho_a=1700.0
2025-11-26 19:10:54,486 [DEBUG] WellApp.balance: Требуемые высоты: h_req_t=2548.41997961264, h_req_a=1798.8846914912754
2025-11-26 19:10:54,487 [DEBUG] WellApp.balance: Фактические высоты (с учётом TVD): h_t=1850.83, h_a=1798.8846914912754
2025-11-26 19:10:54,487 [DEBUG] WellApp.balance: Давления на пласте: p_t=21787970.759999998, p_a=30000000.0, diff_t=8212029.240000002, diff_a=0.0, diff_channels=8212029.240000002
2025-11-26 19:10:54,487 [DEBUG] WellApp.balance: Геометрия (м): D_t_id=0.1, D_w=0.2, D_k_od=0.0, L_knbk_m=0.0
2025-11-26 19:10:54,487 [DEBUG] WellApp.balance: Площадь трубы A_full=0.007853981633974483; V_t=14.536384827608993
2025-11-26 19:10:54,487 [DEBUG] WellApp.balance: Площадь затруба A_annulus=0.023561944901923454; V_a=42.385221985831
2025-11-26 19:10:54,488 [DEBUG] WellApp.balance: === Расчёт calculate_balance завершён успешно ===
2025-11-26 19:10:54,488 [DEBUG] WellApp.gui: Результаты расчёта равновесия: h_t=1850.83, h_a=1798.88, V_t=14.536, V_a=42.385
2025-11-26 19:10:54,488 [DEBUG] WellApp.graphics: draw_fluids: нарисованы столбы h_t=1850.83 м, h_a=1798.88 м (bottom_y=2000.00, total_depth_md=2000.00)
2025-11-26 19:10:54,916 [DEBUG] WellApp.gui: run_balance_calc: запуск
2025-11-26 19:10:54,916 [DEBUG] WellApp.gui: _get_md_tvd_points: собранo 4 точек MD–TVD
2025-11-26 19:10:54,916 [DEBUG] WellApp.gui: _get_md_tvd_points: собранo 4 точек MD–TVD
2025-11-26 19:10:54,916 [DEBUG] WellApp.gui: run_balance_calc: используем TVD=1850.83 м для MD конструкции=2000.0 м (max_MD_траектории=2500.0 м)
2025-11-26 19:10:54,916 [DEBUG] WellApp.gui: run_balance_calc: tubing=Раствор 1 (ρ=1.200), annulus=Раствор 2 (ρ=1.700)
2025-11-26 19:10:54,917 [DEBUG] WellApp.balance: === Запуск calculate_balance ===
2025-11-26 19:10:54,917 [DEBUG] WellApp.balance: Входные: P_res=30000000.0, max_tvd_m=None, D_tubing_mm=100.0, D_well_mm=200.0, D_knbk_mm=0.0, L_knbk_m=0.0
2025-11-26 19:10:54,917 [DEBUG] WellApp.balance: max_tvd_m взят из второго позиционного аргумента: 1850.83
2025-11-26 19:10:54,917 [DEBUG] WellApp.balance: Плотности: rho_t=1200.0, rho_a=1700.0
2025-11-26 19:10:54,917 [DEBUG] WellApp.balance: Требуемые высоты: h_req_t=2548.41997961264, h_req_a=1798.8846914912754
2025-11-26 19:10:54,917 [DEBUG] WellApp.balance: Фактические высоты (с учётом TVD): h_t=1850.83, h_a=1798.8846914912754
2025-11-26 19:10:54,917 [DEBUG] WellApp.balance: Давления на пласте: p_t=21787970.759999998, p_a=30000000.0, diff_t=8212029.240000002, diff_a=0.0, diff_channels=8212029.240000002
2025-11-26 19:10:54,917 [DEBUG] WellApp.balance: Геометрия (м): D_t_id=0.1, D_w=0.2, D_k_od=0.0, L_knbk_m=0.0
2025-11-26 19:10:54,917 [DEBUG] WellApp.balance: Площадь трубы A_full=0.007853981633974483; V_t=14.536384827608993
2025-11-26 19:10:54,917 [DEBUG] WellApp.balance: Площадь затруба A_annulus=0.023561944901923454; V_a=42.385221985831
2025-11-26 19:10:54,918 [DEBUG] WellApp.balance: === Расчёт calculate_balance завершён успешно ===
2025-11-26 19:10:54,918 [DEBUG] WellApp.gui: Результаты расчёта равновесия: h_t=1850.83, h_a=1798.88, V_t=14.536, V_a=42.385
2025-11-26 19:10:54,918 [DEBUG] WellApp.graphics: draw_fluids: нарисованы столбы h_t=1850.83 м, h_a=1798.88 м (bottom_y=2000.00, total_depth_md=2000.00)
2025-11-26 19:10:55,049 [DEBUG] WellApp.gui: run_balance_calc: запуск
2025-11-26 19:10:55,050 [DEBUG] WellApp.gui: _get_md_tvd_points: собранo 4 точек MD–TVD
2025-11-26 19:10:55,050 [DEBUG] WellApp.gui: _get_md_tvd_points: собранo 4 точек MD–TVD
2025-11-26 19:10:55,050 [DEBUG] WellApp.gui: run_balance_calc: используем TVD=1850.83 м для MD конструкции=2000.0 м (max_MD_траектории=2500.0 м)
2025-11-26 19:10:55,050 [DEBUG] WellApp.gui: run_balance_calc: tubing=Раствор 1 (ρ=1.200), annulus=Раствор 2 (ρ=1.700)
2025-11-26 19:10:55,051 [DEBUG] WellApp.balance: === Запуск calculate_balance ===
2025-11-26 19:10:55,051 [DEBUG] WellApp.balance: Входные: P_res=30000000.0, max_tvd_m=None, D_tubing_mm=100.0, D_well_mm=200.0, D_knbk_mm=0.0, L_knbk_m=0.0
2025-11-26 19:10:55,051 [DEBUG] WellApp.balance: max_tvd_m взят из второго позиционного аргумента: 1850.83
2025-11-26 19:10:55,051 [DEBUG] WellApp.balance: Плотности: rho_t=1200.0, rho_a=1700.0
2025-11-26 19:10:55,052 [DEBUG] WellApp.balance: Требуемые высоты: h_req_t=2548.41997961264, h_req_a=1798.8846914912754
2025-11-26 19:10:55,052 [DEBUG] WellApp.balance: Фактические высоты (с учётом TVD): h_t=1850.83, h_a=1798.8846914912754
2025-11-26 19:10:55,052 [DEBUG] WellApp.balance: Давления на пласте: p_t=21787970.759999998, p_a=30000000.0, diff_t=8212029.240000002, diff_a=0.0, diff_channels=8212029.240000002
2025-11-26 19:10:55,052 [DEBUG] WellApp.balance: Геометрия (м): D_t_id=0.1, D_w=0.2, D_k_od=0.0, L_knbk_m=0.0
2025-11-26 19:10:55,052 [DEBUG] WellApp.balance: Площадь трубы A_full=0.007853981633974483; V_t=14.536384827608993
2025-11-26 19:10:55,052 [DEBUG] WellApp.balance: Площадь затруба A_annulus=0.023561944901923454; V_a=42.385221985831
2025-11-26 19:10:55,053 [DEBUG] WellApp.balance: === Расчёт calculate_balance завершён успешно ===
2025-11-26 19:10:55,053 [DEBUG] WellApp.gui: Результаты расчёта равновесия: h_t=1850.83, h_a=1798.88, V_t=14.536, V_a=42.385
2025-11-26 19:10:55,053 [DEBUG] WellApp.graphics: draw_fluids: нарисованы столбы h_t=1850.83 м, h_a=1798.88 м (bottom_y=2000.00, total_depth_md=2000.00)
2025-11-26 19:29:25,557 [DEBUG] WellApp: Логгер WellApp настроен. Файл лога: C:\Users\pasha\OneDrive\Рабочий стол\WellLib\csg\program_debug.log
2025-11-26 19:29:25,576 [INFO] WellApp.gui: Запуск WellApp из csg.py
2025-11-26 19:29:25,613 [DEBUG] WellApp.gui: Инициализация WellApp
2025-11-26 19:29:25,615 [DEBUG] WellApp.graphics: BHA элементов (снизу вверх): []
2025-11-26 19:29:25,615 [DEBUG] WellApp.trajectory: Инициализация TrajectoryTab
2025-11-26 19:29:25,797 [DEBUG] WellApp.trajectory: Добавлена точка траектории, всего строк: 1
2025-11-26 19:29:25,799 [DEBUG] WellApp.gui: Инициализация BalanceTab
2025-11-26 19:29:25,810 [DEBUG] WellApp.gui: Инициализация вкладки 'Жидкости'
2025-11-26 19:29:25,812 [DEBUG] WellApp.gui: populate_fluid_combos: обновлено 1 жидкостей
2025-11-26 19:29:25,812 [DEBUG] WellApp.gui: Добавлена жидкость: Раствор 1, 1.2 г/см³, тип Раствор
2025-11-26 19:29:25,812 [DEBUG] WellApp.gui: populate_fluid_combos: обновлено 1 жидкостей
2025-11-26 19:29:25,812 [DEBUG] WellApp.gui: Инициализация вкладки 'Конструкция'
2025-11-26 19:29:25,814 [DEBUG] WellApp.gui: Добавлена строка колонны, всего строк: 1
2025-11-26 19:29:25,814 [DEBUG] WellApp.gui: Инициализация вкладки 'КНБК'
2025-11-26 19:29:25,815 [DEBUG] WellApp.gui: Добавлена строка КНБК, всего строк: 1
2025-11-26 19:29:25,815 [DEBUG] WellApp.gui: Инициализация вкладки 'Объёмы'
2025-11-26 19:29:51,277 [DEBUG] WellApp.gui: paste_bha_from_clipboard: сырая строка='Drill Pipe\t1800.0\t127.0\t95.0', parts=['Drill Pipe', '1800.0', '127.0', '95.0']
2025-11-26 19:29:51,277 [DEBUG] WellApp.utils: normalize_bha_name: 'Drill Pipe' -> 'Drill Pipe'
2025-11-26 19:29:51,277 [DEBUG] WellApp.gui: paste_bha_from_clipboard: сырая строка='Heavy Weight\t200.0\t139.7\t76.0', parts=['Heavy Weight', '200.0', '139.7', '76.0']
2025-11-26 19:29:51,277 [DEBUG] WellApp.utils: normalize_bha_name: 'Heavy Weight' -> 'Heavy Weight'
2025-11-26 19:29:51,277 [DEBUG] WellApp.gui: paste_bha_from_clipboard: сырая строка='Drill Collar\t80.0\t203.0\t76.0', parts=['Drill Collar', '80.0', '203.0', '76.0']
2025-11-26 19:29:51,277 [DEBUG] WellApp.utils: normalize_bha_name: 'Drill Collar' -> 'Drill Collar'
2025-11-26 19:29:51,278 [DEBUG] WellApp.gui: paste_bha_from_clipboard: сырая строка='Mud Motor\t10.0\t172.0\t70.0', parts=['Mud Motor', '10.0', '172.0', '70.0']
2025-11-26 19:29:51,278 [DEBUG] WellApp.utils: normalize_bha_name: 'Mud Motor' -> 'Mud Motor'
2025-11-26 19:29:51,278 [DEBUG] WellApp.gui: paste_bha_from_clipboard: сырая строка='Bit\t0.3\t215.9\t0.0', parts=['Bit', '0.3', '215.9', '0.0']
2025-11-26 19:29:51,278 [DEBUG] WellApp.utils: normalize_bha_name: 'Bit' -> 'Bit'
2025-11-26 19:29:51,278 [DEBUG] WellApp.gui: Из буфера вставлено элементов КНБК: 5
2025-11-26 19:29:57,607 [DEBUG] WellApp.trajectory: paste: вставка траектории из буфера, длина текста=39
2025-11-26 19:29:57,608 [DEBUG] WellApp.trajectory: Очистка таблицы траектории
2025-11-26 19:29:57,608 [DEBUG] WellApp.trajectory: load_from_text: обработка 4 строк
2025-11-26 19:29:57,608 [DEBUG] WellApp.gui: _get_md_tvd_points: собранo 4 точек MD–TVD
2025-11-26 19:29:57,608 [DEBUG] WellApp.gui: update_tvd_display: TVD=2233.86 м по максимальной траектории (MD=2500.0 м)
2025-11-26 19:29:57,810 [DEBUG] WellApp.trajectory: Очистка таблицы траектории
2025-11-26 19:29:59,368 [DEBUG] WellApp.trajectory: paste: вставка траектории из буфера, длина текста=39
2025-11-26 19:29:59,368 [DEBUG] WellApp.trajectory: Очистка таблицы траектории
2025-11-26 19:29:59,368 [DEBUG] WellApp.trajectory: load_from_text: обработка 4 строк
2025-11-26 19:29:59,369 [DEBUG] WellApp.gui: _get_md_tvd_points: собранo 4 точек MD–TVD
2025-11-26 19:29:59,369 [DEBUG] WellApp.gui: update_tvd_display: TVD=2233.86 м по максимальной траектории (MD=2500.0 м)
2025-11-26 19:30:04,520 [DEBUG] WellApp.gui: populate_fluid_combos: обновлено 1 жидкостей
2025-11-26 19:30:04,525 [DEBUG] WellApp.gui: populate_fluid_combos: обновлено 1 жидкостей
2025-11-26 19:30:07,583 [DEBUG] WellApp.gui: populate_fluid_combos: обновлено 2 жидкостей
2025-11-26 19:30:07,583 [DEBUG] WellApp.gui: Добавлена жидкость: Раствор 2, 1.2 г/см³, тип Раствор
2025-11-26 19:30:07,584 [DEBUG] WellApp.gui: populate_fluid_combos: обновлено 2 жидкостей
2025-11-26 19:30:07,584 [DEBUG] WellApp.gui: populate_fluid_combos: обновлено 2 жидкостей
2025-11-26 19:30:07,586 [DEBUG] WellApp.gui: populate_fluid_combos: обновлено 2 жидкостей
2025-11-26 19:30:10,771 [DEBUG] WellApp.gui: populate_fluid_combos: обновлено 2 жидкостей
2025-11-26 19:30:25,506 [DEBUG] WellApp.gui: Добавлена строка Open Hole, всего строк: 1
2025-11-26 19:30:30,671 [DEBUG] WellApp.gui: Старт расчёта объёмов и построения схемы
2025-11-26 19:30:30,671 [DEBUG] WellApp.utils: compute_casing_params -> OD=245.000, ID=226.000, wall=9.500
2025-11-26 19:30:30,672 [WARNING] WellApp.geom: Casing 'Open Hole': ID >= OD (id=230.000 мм, od=230.000 мм) — проверьте данные
2025-11-26 19:30:30,672 [DEBUG] WellApp.gui: Суммарная MD конструкции: 2000.000 м
2025-11-26 19:30:30,672 [DEBUG] WellApp.gui: Передана глубина конструкции в BalanceTab: MD=2000.000 м
2025-11-26 19:30:30,672 [DEBUG] WellApp.utils: normalize_bha_name: 'Drill Pipe' -> 'Drill Pipe'
2025-11-26 19:30:30,673 [DEBUG] WellApp.utils: normalize_bha_name: 'Heavy Weight' -> 'Heavy Weight'
2025-11-26 19:30:30,673 [DEBUG] WellApp.utils: normalize_bha_name: 'Drill Collar' -> 'Drill Collar'
2025-11-26 19:30:30,673 [DEBUG] WellApp.utils: normalize_bha_name: 'Mud Motor' -> 'Mud Motor'
2025-11-26 19:30:30,673 [DEBUG] WellApp.utils: normalize_bha_name: 'Bit' -> 'Bit'
2025-11-26 19:30:30,673 [DEBUG] WellApp.gui: Скорректирована длина верхнего элемента КНБК на -90.300 м для соответствия глубине конструкции
2025-11-26 19:30:30,673 [DEBUG] WellApp.gui: Добавлен Fluid: 1, 1, 1.2, <PyQt5.QtGui.QColor object at 0x00000173B4255550>
2025-11-26 19:30:30,674 [DEBUG] WellApp.gui: Добавлен Fluid: Раствор 2, Раствор, 1.7, <PyQt5.QtGui.QColor object at 0x00000173B4255630>
2025-11-26 19:30:30,674 [DEBUG] WellApp.gui: Итоговое содержимое fluids: ['1', 'Раствор 2']
2025-11-26 19:30:30,674 [DEBUG] WellApp.volumes: calculate_volumes: старт расчёта, casings=2, bha=5
2025-11-26 19:30:30,674 [DEBUG] WellApp.volumes: calculate_volumes: завершено. V_casings=81.663, V_bha_int=13.427, V_bha_disp=27.556, V_annulus=54.106
2025-11-26 19:30:30,675 [DEBUG] WellApp.graphics: BHA элементов (снизу вверх): ['Drill Pipe L=1709.70, OD=127.0', 'Heavy Weight L=200.00, OD=139.7', 'Drill Collar L=80.00, OD=203.0', 'Mud Motor L=10.00, OD=172.0', 'Bit L=0.30, OD=215.9']
2025-11-26 19:30:30,680 [DEBUG] WellApp.gui: Расчёт объёмов и обновление схемы завершены успешно
2025-11-26 19:30:32,202 [DEBUG] WellApp.gui: Переключение на вкладку 'Равновесие'
2025-11-26 19:30:32,202 [DEBUG] WellApp.gui: populate_fluid_combos: обновлено 2 жидкостей
2025-11-26 19:30:32,203 [DEBUG] WellApp.gui: _get_md_tvd_points: собранo 4 точек MD–TVD
2025-11-26 19:30:32,203 [DEBUG] WellApp.gui: _get_md_tvd_points: собранo 4 точек MD–TVD
2025-11-26 19:30:32,203 [DEBUG] WellApp.gui: update_tvd_display: TVD=1850.83 м для MD=2000.0 м (конструкция=2000.0 м, max_MD_траектории=2500.0 м)
2025-11-26 19:30:35,018 [DEBUG] WellApp.gui: run_balance_calc: запуск
2025-11-26 19:30:35,019 [DEBUG] WellApp.gui: _get_md_tvd_points: собранo 4 точек MD–TVD
2025-11-26 19:30:35,019 [DEBUG] WellApp.gui: _get_md_tvd_points: собранo 4 точек MD–TVD
2025-11-26 19:30:35,020 [DEBUG] WellApp.gui: run_balance_calc: используем TVD=1850.83 м для MD конструкции=2000.0 м (max_MD_траектории=2500.0 м)
2025-11-26 19:30:35,020 [DEBUG] WellApp.gui: run_balance_calc: tubing=1 (ρ=1.200), annulus=1 (ρ=1.200)
2025-11-26 19:30:35,020 [DEBUG] WellApp.balance: === Запуск calculate_balance ===
2025-11-26 19:30:35,020 [DEBUG] WellApp.balance: Входные: P_res=30000000.0, max_tvd_m=None, D_tubing_mm=100.0, D_well_mm=200.0, D_knbk_mm=0.0, L_knbk_m=0.0
2025-11-26 19:30:35,020 [DEBUG] WellApp.balance: max_tvd_m взят из второго позиционного аргумента: 1850.83
2025-11-26 19:30:35,020 [DEBUG] WellApp.balance: Плотности: rho_t=1200.0, rho_a=1200.0
2025-11-26 19:30:35,021 [DEBUG] WellApp.balance: Требуемые высоты: h_req_t=2548.41997961264, h_req_a=2548.41997961264
2025-11-26 19:30:35,021 [DEBUG] WellApp.balance: Фактические высоты (с учётом TVD): h_t=1850.83, h_a=1850.83
2025-11-26 19:30:35,021 [DEBUG] WellApp.balance: Давления на пласте: p_t=21787970.759999998, p_a=21787970.759999998, diff_t=8212029.240000002, diff_a=8212029.240000002, diff_channels=0.0
2025-11-26 19:30:35,021 [DEBUG] WellApp.balance: Геометрия (м): D_t_id=0.1, D_w=0.2, D_k_od=0.0, L_knbk_m=0.0
2025-11-26 19:30:35,021 [DEBUG] WellApp.balance: Площадь трубы A_full=0.007853981633974483; V_t=14.536384827608993
2025-11-26 19:30:35,021 [DEBUG] WellApp.balance: Площадь затруба A_annulus=0.023561944901923454; V_a=43.60915448282699
2025-11-26 19:30:35,021 [DEBUG] WellApp.balance: === Расчёт calculate_balance завершён успешно ===
2025-11-26 19:30:35,021 [DEBUG] WellApp.gui: Результаты расчёта равновесия: h_t=1850.83, h_a=1850.83, V_t=14.536, V_a=43.609
2025-11-26 19:30:35,022 [DEBUG] WellApp.graphics: draw_fluids: нарисованы столбы h_t=1850.83 м, h_a=1850.83 м (bottom_y=2000.00, total_depth_md=2000.00)
2025-11-26 19:30:39,230 [DEBUG] WellApp.gui: run_balance_calc: запуск
2025-11-26 19:30:39,230 [DEBUG] WellApp.gui: _get_md_tvd_points: собранo 4 точек MD–TVD
2025-11-26 19:30:39,231 [DEBUG] WellApp.gui: _get_md_tvd_points: собранo 4 точек MD–TVD
2025-11-26 19:30:39,231 [DEBUG] WellApp.gui: run_balance_calc: используем TVD=1850.83 м для MD конструкции=2000.0 м (max_MD_траектории=2500.0 м)
2025-11-26 19:30:39,231 [DEBUG] WellApp.gui: run_balance_calc: tubing=1 (ρ=1.200), annulus=Раствор 2 (ρ=1.700)
2025-11-26 19:30:39,231 [DEBUG] WellApp.balance: === Запуск calculate_balance ===
2025-11-26 19:30:39,232 [DEBUG] WellApp.balance: Входные: P_res=30000000.0, max_tvd_m=None, D_tubing_mm=100.0, D_well_mm=200.0, D_knbk_mm=0.0, L_knbk_m=0.0
2025-11-26 19:30:39,232 [DEBUG] WellApp.balance: max_tvd_m взят из второго позиционного аргумента: 1850.83
2025-11-26 19:30:39,232 [DEBUG] WellApp.balance: Плотности: rho_t=1200.0, rho_a=1700.0
2025-11-26 19:30:39,232 [DEBUG] WellApp.balance: Требуемые высоты: h_req_t=2548.41997961264, h_req_a=1798.8846914912754
2025-11-26 19:30:39,232 [DEBUG] WellApp.balance: Фактические высоты (с учётом TVD): h_t=1850.83, h_a=1798.8846914912754
2025-11-26 19:30:39,232 [DEBUG] WellApp.balance: Давления на пласте: p_t=21787970.759999998, p_a=30000000.0, diff_t=8212029.240000002, diff_a=0.0, diff_channels=8212029.240000002
2025-11-26 19:30:39,232 [DEBUG] WellApp.balance: Геометрия (м): D_t_id=0.1, D_w=0.2, D_k_od=0.0, L_knbk_m=0.0
2025-11-26 19:30:39,232 [DEBUG] WellApp.balance: Площадь трубы A_full=0.007853981633974483; V_t=14.536384827608993
2025-11-26 19:30:39,232 [DEBUG] WellApp.balance: Площадь затруба A_annulus=0.023561944901923454; V_a=42.385221985831
2025-11-26 19:30:39,232 [DEBUG] WellApp.balance: === Расчёт calculate_balance завершён успешно ===
2025-11-26 19:30:39,232 [DEBUG] WellApp.gui: Результаты расчёта равновесия: h_t=1850.83, h_a=1798.88, V_t=14.536, V_a=42.385
2025-11-26 19:30:39,233 [DEBUG] WellApp.graphics: draw_fluids: нарисованы столбы h_t=1850.83 м, h_a=1798.88 м (bottom_y=2000.00, total_depth_md=2000.00)
2025-11-26 19:30:53,440 [DEBUG] WellApp.gui: run_balance_calc: запуск
2025-11-26 19:30:53,440 [DEBUG] WellApp.gui: _get_md_tvd_points: собранo 4 точек MD–TVD
2025-11-26 19:30:53,441 [DEBUG] WellApp.gui: _get_md_tvd_points: собранo 4 точек MD–TVD
2025-11-26 19:30:53,441 [DEBUG] WellApp.gui: run_balance_calc: используем TVD=1850.83 м для MD конструкции=2000.0 м (max_MD_траектории=2500.0 м)
2025-11-26 19:30:53,441 [DEBUG] WellApp.gui: run_balance_calc: tubing=1 (ρ=1.200), annulus=Раствор 2 (ρ=1.700)
2025-11-26 19:30:53,441 [DEBUG] WellApp.balance: === Запуск calculate_balance ===
2025-11-26 19:30:53,441 [DEBUG] WellApp.balance: Входные: P_res=30000000.0, max_tvd_m=None, D_tubing_mm=100.0, D_well_mm=200.0, D_knbk_mm=0.0, L_knbk_m=0.0
2025-11-26 19:30:53,442 [DEBUG] WellApp.balance: max_tvd_m взят из второго позиционного аргумента: 1850.83
2025-11-26 19:30:53,442 [DEBUG] WellApp.balance: Плотности: rho_t=1200.0, rho_a=1700.0
2025-11-26 19:30:53,442 [DEBUG] WellApp.balance: Требуемые высоты: h_req_t=2548.41997961264, h_req_a=1798.8846914912754
2025-11-26 19:30:53,442 [DEBUG] WellApp.balance: Фактические высоты (с учётом TVD): h_t=1850.83, h_a=1798.8846914912754
2025-11-26 19:30:53,442 [DEBUG] WellApp.balance: Давления на пласте: p_t=21787970.759999998, p_a=30000000.0, diff_t=8212029.240000002, diff_a=0.0, diff_channels=8212029.240000002
2025-11-26 19:30:53,442 [DEBUG] WellApp.balance: Геометрия (м): D_t_id=0.1, D_w=0.2, D_k_od=0.0, L_knbk_m=0.0
2025-11-26 19:30:53,442 [DEBUG] WellApp.balance: Площадь трубы A_full=0.007853981633974483; V_t=14.536384827608993
2025-11-26 19:30:53,442 [DEBUG] WellApp.balance: Площадь затруба A_annulus=0.023561944901923454; V_a=42.385221985831
2025-11-26 19:30:53,442 [DEBUG] WellApp.balance: === Расчёт calculate_balance завершён успешно ===
2025-11-26 19:30:53,443 [DEBUG] WellApp.gui: Результаты расчёта равновесия: h_t=1850.83, h_a=1798.88, V_t=14.536, V_a=42.385
2025-11-26 19:30:53,443 [DEBUG] WellApp.graphics: draw_fluids: нарисованы столбы h_t=1850.83 м, h_a=1798.88 м (bottom_y=2000.00, total_depth_md=2000.00)
2025-11-26 19:33:55,637 [DEBUG] WellApp.gui: Переключение на вкладку 'Равновесие'
2025-11-26 19:33:55,637 [DEBUG] WellApp.gui: populate_fluid_combos: обновлено 2 жидкостей
2025-11-26 19:33:55,637 [DEBUG] WellApp.gui: _get_md_tvd_points: собранo 4 точек MD–TVD
2025-11-26 19:33:55,637 [DEBUG] WellApp.gui: _get_md_tvd_points: собранo 4 точек MD–TVD
2025-11-26 19:33:55,637 [DEBUG] WellApp.gui: update_tvd_display: TVD=1850.83 м для MD=2000.0 м (конструкция=2000.0 м, max_MD_траектории=2500.0 м)
2025-11-26 19:33:59,881 [DEBUG] WellApp.gui: Добавлена строка Open Hole, всего строк: 1
2025-11-26 19:34:07,812 [DEBUG] WellApp.gui: run_balance_calc: запуск
2025-11-26 19:34:07,812 [DEBUG] WellApp.gui: _get_md_tvd_points: собранo 4 точек MD–TVD
2025-11-26 19:34:07,812 [DEBUG] WellApp.gui: _get_md_tvd_points: собранo 4 точек MD–TVD
2025-11-26 19:34:07,813 [DEBUG] WellApp.gui: run_balance_calc: используем TVD=1850.83 м для MD конструкции=2000.0 м (max_MD_траектории=2500.0 м)
2025-11-26 19:34:07,813 [DEBUG] WellApp.gui: run_balance_calc: tubing=1 (ρ=1.200), annulus=1 (ρ=1.200)
2025-11-26 19:34:07,813 [DEBUG] WellApp.balance: === Запуск calculate_balance ===
2025-11-26 19:34:07,813 [DEBUG] WellApp.balance: Входные: P_res=30000000.0, max_tvd_m=None, D_tubing_mm=100.0, D_well_mm=200.0, D_knbk_mm=0.0, L_knbk_m=0.0
2025-11-26 19:34:07,813 [DEBUG] WellApp.balance: max_tvd_m взят из второго позиционного аргумента: 1850.83
2025-11-26 19:34:07,813 [DEBUG] WellApp.balance: Плотности: rho_t=1200.0, rho_a=1200.0
2025-11-26 19:34:07,813 [DEBUG] WellApp.balance: Требуемые высоты: h_req_t=2548.41997961264, h_req_a=2548.41997961264
2025-11-26 19:34:07,813 [DEBUG] WellApp.balance: Фактические высоты (с учётом TVD): h_t=1850.83, h_a=1850.83
2025-11-26 19:34:07,813 [DEBUG] WellApp.balance: Давления на пласте: p_t=21787970.759999998, p_a=21787970.759999998, diff_t=8212029.240000002, diff_a=8212029.240000002, diff_channels=0.0
2025-11-26 19:34:07,814 [DEBUG] WellApp.balance: Геометрия (м): D_t_id=0.1, D_w=0.2, D_k_od=0.0, L_knbk_m=0.0
2025-11-26 19:34:07,814 [DEBUG] WellApp.balance: Площадь трубы A_full=0.007853981633974483; V_t=14.536384827608993
2025-11-26 19:34:07,814 [DEBUG] WellApp.balance: Площадь затруба A_annulus=0.023561944901923454; V_a=43.60915448282699
2025-11-26 19:34:07,814 [DEBUG] WellApp.balance: === Расчёт calculate_balance завершён успешно ===
2025-11-26 19:34:07,814 [DEBUG] WellApp.gui: Результаты расчёта равновесия: h_t=1850.83, h_a=1850.83, V_t=14.536, V_a=43.609
2025-11-26 19:34:07,815 [DEBUG] WellApp.graphics: draw_fluids: нарисованы столбы h_t=1850.83 м, h_a=1850.83 м (bottom_y=2000.00, total_depth_md=2000.00)
2025-11-26 19:34:11,542 [DEBUG] WellApp.gui: run_balance_calc: запуск
2025-11-26 19:34:11,542 [DEBUG] WellApp.gui: _get_md_tvd_points: собранo 4 точек MD–TVD
2025-11-26 19:34:11,542 [DEBUG] WellApp.gui: _get_md_tvd_points: собранo 4 точек MD–TVD
2025-11-26 19:34:11,542 [DEBUG] WellApp.gui: run_balance_calc: используем TVD=1850.83 м для MD конструкции=2000.0 м (max_MD_траектории=2500.0 м)
2025-11-26 19:34:11,543 [DEBUG] WellApp.gui: run_balance_calc: tubing=1 (ρ=1.200), annulus=1 (ρ=1.200)
2025-11-26 19:34:11,543 [DEBUG] WellApp.balance: === Запуск calculate_balance ===
2025-11-26 19:34:11,543 [DEBUG] WellApp.balance: Входные: P_res=30000000.0, max_tvd_m=None, D_tubing_mm=100.0, D_well_mm=200.0, D_knbk_mm=0.0, L_knbk_m=0.0
2025-11-26 19:34:11,543 [DEBUG] WellApp.balance: max_tvd_m взят из второго позиционного аргумента: 1850.83
2025-11-26 19:34:11,543 [DEBUG] WellApp.balance: Плотности: rho_t=1200.0, rho_a=1200.0
2025-11-26 19:34:11,543 [DEBUG] WellApp.balance: Требуемые высоты: h_req_t=2548.41997961264, h_req_a=2548.41997961264
2025-11-26 19:34:11,543 [DEBUG] WellApp.balance: Фактические высоты (с учётом TVD): h_t=1850.83, h_a=1850.83
2025-11-26 19:34:11,544 [DEBUG] WellApp.balance: Давления на пласте: p_t=21787970.759999998, p_a=21787970.759999998, diff_t=8212029.240000002, diff_a=8212029.240000002, diff_channels=0.0
2025-11-26 19:34:11,544 [DEBUG] WellApp.balance: Геометрия (м): D_t_id=0.1, D_w=0.2, D_k_od=0.0, L_knbk_m=0.0
2025-11-26 19:34:11,544 [DEBUG] WellApp.balance: Площадь трубы A_full=0.007853981633974483; V_t=14.536384827608993
2025-11-26 19:34:11,544 [DEBUG] WellApp.balance: Площадь затруба A_annulus=0.023561944901923454; V_a=43.60915448282699
2025-11-26 19:34:11,544 [DEBUG] WellApp.balance: === Расчёт calculate_balance завершён успешно ===
2025-11-26 19:34:11,544 [DEBUG] WellApp.gui: Результаты расчёта равновесия: h_t=1850.83, h_a=1850.83, V_t=14.536, V_a=43.609
2025-11-26 19:34:11,544 [DEBUG] WellApp.graphics: draw_fluids: нарисованы столбы h_t=1850.83 м, h_a=1850.83 м (bottom_y=2000.00, total_depth_md=2000.00)
2025-11-26 19:34:12,068 [DEBUG] WellApp.gui: run_balance_calc: запуск
2025-11-26 19:34:12,069 [DEBUG] WellApp.gui: _get_md_tvd_points: собранo 4 точек MD–TVD
2025-11-26 19:34:12,069 [DEBUG] WellApp.gui: _get_md_tvd_points: собранo 4 точек MD–TVD
2025-11-26 19:34:12,069 [DEBUG] WellApp.gui: run_balance_calc: используем TVD=1850.83 м для MD конструкции=2000.0 м (max_MD_траектории=2500.0 м)
2025-11-26 19:34:12,069 [DEBUG] WellApp.gui: run_balance_calc: tubing=1 (ρ=1.200), annulus=1 (ρ=1.200)
2025-11-26 19:34:12,069 [DEBUG] WellApp.balance: === Запуск calculate_balance ===
2025-11-26 19:34:12,069 [DEBUG] WellApp.balance: Входные: P_res=30000000.0, max_tvd_m=None, D_tubing_mm=100.0, D_well_mm=200.0, D_knbk_mm=0.0, L_knbk_m=0.0
2025-11-26 19:34:12,069 [DEBUG] WellApp.balance: max_tvd_m взят из второго позиционного аргумента: 1850.83
2025-11-26 19:34:12,069 [DEBUG] WellApp.balance: Плотности: rho_t=1200.0, rho_a=1200.0
2025-11-26 19:34:12,070 [DEBUG] WellApp.balance: Требуемые высоты: h_req_t=2548.41997961264, h_req_a=2548.41997961264
2025-11-26 19:34:12,070 [DEBUG] WellApp.balance: Фактические высоты (с учётом TVD): h_t=1850.83, h_a=1850.83
2025-11-26 19:34:12,070 [DEBUG] WellApp.balance: Давления на пласте: p_t=21787970.759999998, p_a=21787970.759999998, diff_t=8212029.240000002, diff_a=8212029.240000002, diff_channels=0.0
2025-11-26 19:34:12,070 [DEBUG] WellApp.balance: Геометрия (м): D_t_id=0.1, D_w=0.2, D_k_od=0.0, L_knbk_m=0.0
2025-11-26 19:34:12,070 [DEBUG] WellApp.balance: Площадь трубы A_full=0.007853981633974483; V_t=14.536384827608993
2025-11-26 19:34:12,070 [DEBUG] WellApp.balance: Площадь затруба A_annulus=0.023561944901923454; V_a=43.60915448282699
2025-11-26 19:34:12,070 [DEBUG] WellApp.balance: === Расчёт calculate_balance завершён успешно ===
2025-11-26 19:34:12,070 [DEBUG] WellApp.gui: Результаты расчёта равновесия: h_t=1850.83, h_a=1850.83, V_t=14.536, V_a=43.609
2025-11-26 19:34:12,071 [DEBUG] WellApp.graphics: draw_fluids: нарисованы столбы h_t=1850.83 м, h_a=1850.83 м (bottom_y=2000.00, total_depth_md=2000.00)
2025-11-26 19:34:13,535 [DEBUG] WellApp.gui: run_balance_calc: запуск
2025-11-26 19:34:13,535 [DEBUG] WellApp.gui: _get_md_tvd_points: собранo 4 точек MD–TVD
2025-11-26 19:34:13,535 [DEBUG] WellApp.gui: _get_md_tvd_points: собранo 4 точек MD–TVD
2025-11-26 19:34:13,535 [DEBUG] WellApp.gui: run_balance_calc: используем TVD=1850.83 м для MD конструкции=2000.0 м (max_MD_траектории=2500.0 м)
2025-11-26 19:34:13,535 [DEBUG] WellApp.gui: run_balance_calc: tubing=1 (ρ=1.200), annulus=Раствор 2 (ρ=1.700)
2025-11-26 19:34:13,536 [DEBUG] WellApp.balance: === Запуск calculate_balance ===
2025-11-26 19:34:13,536 [DEBUG] WellApp.balance: Входные: P_res=30000000.0, max_tvd_m=None, D_tubing_mm=100.0, D_well_mm=200.0, D_knbk_mm=0.0, L_knbk_m=0.0
2025-11-26 19:34:13,536 [DEBUG] WellApp.balance: max_tvd_m взят из второго позиционного аргумента: 1850.83
2025-11-26 19:34:13,536 [DEBUG] WellApp.balance: Плотности: rho_t=1200.0, rho_a=1700.0
2025-11-26 19:34:13,536 [DEBUG] WellApp.balance: Требуемые высоты: h_req_t=2548.41997961264, h_req_a=1798.8846914912754
2025-11-26 19:34:13,536 [DEBUG] WellApp.balance: Фактические высоты (с учётом TVD): h_t=1850.83, h_a=1798.8846914912754
2025-11-26 19:34:13,536 [DEBUG] WellApp.balance: Давления на пласте: p_t=21787970.759999998, p_a=30000000.0, diff_t=8212029.240000002, diff_a=0.0, diff_channels=8212029.240000002
2025-11-26 19:34:13,537 [DEBUG] WellApp.balance: Геометрия (м): D_t_id=0.1, D_w=0.2, D_k_od=0.0, L_knbk_m=0.0
2025-11-26 19:34:13,537 [DEBUG] WellApp.balance: Площадь трубы A_full=0.007853981633974483; V_t=14.536384827608993
2025-11-26 19:34:13,537 [DEBUG] WellApp.balance: Площадь затруба A_annulus=0.023561944901923454; V_a=42.385221985831
2025-11-26 19:34:13,537 [DEBUG] WellApp.balance: === Расчёт calculate_balance завершён успешно ===
2025-11-26 19:34:13,537 [DEBUG] WellApp.gui: Результаты расчёта равновесия: h_t=1850.83, h_a=1798.88, V_t=14.536, V_a=42.385
2025-11-26 19:34:13,538 [DEBUG] WellApp.graphics: draw_fluids: нарисованы столбы h_t=1850.83 м, h_a=1798.88 м (bottom_y=2000.00, total_depth_md=2000.00)
2026-02-07 13:53:38,088 [DEBUG] WellApp: Логгер WellApp настроен. Файл лога: C:\Users\pasha\OneDrive\Рабочий стол\WellLib\csg\program_debug.log
2026-02-07 13:53:38,112 [INFO] WellApp.gui: Запуск WellApp из csg.py
2026-02-07 13:53:38,143 [DEBUG] WellApp.gui: Инициализация WellApp
2026-02-07 13:53:38,145 [DEBUG] WellApp.graphics: BHA элементов (снизу вверх): []
2026-02-07 13:53:38,146 [DEBUG] WellApp.trajectory: Инициализация TrajectoryTab
2026-02-07 13:53:38,331 [DEBUG] WellApp.trajectory: Добавлена точка траектории, всего строк: 1
2026-02-07 13:53:38,333 [DEBUG] WellApp.gui: Инициализация BalanceTab
2026-02-07 13:53:38,344 [DEBUG] WellApp.gui: Инициализация вкладки 'Жидкости'
2026-02-07 13:53:38,346 [DEBUG] WellApp.gui: populate_fluid_combos: обновлено 1 жидкостей
2026-02-07 13:53:38,346 [DEBUG] WellApp.gui: Добавлена жидкость: Раствор 1, 1.2 г/см³, тип Раствор
2026-02-07 13:53:38,346 [DEBUG] WellApp.gui: populate_fluid_combos: обновлено 1 жидкостей
2026-02-07 13:53:38,346 [DEBUG] WellApp.gui: Инициализация вкладки 'Конструкция'
2026-02-07 13:53:38,348 [DEBUG] WellApp.gui: Добавлена строка колонны, всего строк: 1
2026-02-07 13:53:38,348 [DEBUG] WellApp.gui: Инициализация вкладки 'КНБК'
2026-02-07 13:53:38,349 [DEBUG] WellApp.gui: Добавлена строка КНБК, всего строк: 1
2026-02-07 13:53:38,349 [DEBUG] WellApp.gui: Инициализация вкладки 'Объёмы'
2026-02-07 13:54:28,804 [DEBUG] WellApp.trajectory: paste: вставка траектории из буфера, длина текста=39
2026-02-07 13:54:28,804 [DEBUG] WellApp.trajectory: Очистка таблицы траектории
2026-02-07 13:54:28,804 [DEBUG] WellApp.trajectory: load_from_text: обработка 4 строк
2026-02-07 13:54:28,805 [DEBUG] WellApp.gui: _get_md_tvd_points: собранo 4 точек MD–TVD
2026-02-07 13:54:28,805 [DEBUG] WellApp.gui: update_tvd_display: TVD=2233.86 м по максимальной траектории (MD=2500.0 м)
2026-02-07 13:54:41,058 [DEBUG] WellApp.gui: on_construction_table_changed: пересчитана MD конструкции=0.000 м (для BalanceTab)
2026-02-07 13:54:41,059 [DEBUG] WellApp.gui: _get_md_tvd_points: собранo 4 точек MD–TVD
2026-02-07 13:54:41,059 [DEBUG] WellApp.gui: update_tvd_display: TVD=2233.86 м по максимальной траектории (MD=2500.0 м)
2026-02-07 13:54:48,081 [DEBUG] WellApp.gui: on_construction_table_changed: пересчитана MD конструкции=0.000 м (для BalanceTab)
2026-02-07 13:54:48,082 [DEBUG] WellApp.gui: _get_md_tvd_points: собранo 4 точек MD–TVD
2026-02-07 13:54:48,082 [DEBUG] WellApp.gui: update_tvd_display: TVD=2233.86 м по максимальной траектории (MD=2500.0 м)
2026-02-07 13:54:52,320 [DEBUG] WellApp.gui: on_construction_table_changed: пересчитана MD конструкции=500.000 м (для BalanceTab)
2026-02-07 13:54:52,320 [DEBUG] WellApp.gui: _get_md_tvd_points: собранo 4 точек MD–TVD
2026-02-07 13:54:52,320 [DEBUG] WellApp.gui: _get_md_tvd_points: собранo 4 точек MD–TVD
2026-02-07 13:54:52,320 [DEBUG] WellApp.gui: update_tvd_display: TVD=492.40 м для MD=500.0 м (конструкция=500.0 м, max_MD_траектории=2500.0 м)
2026-02-07 13:54:52,393 [DEBUG] WellApp.gui: on_construction_table_changed: пересчитана MD конструкции=500.000 м (для BalanceTab)
2026-02-07 13:54:52,393 [DEBUG] WellApp.gui: _get_md_tvd_points: собранo 4 точек MD–TVD
2026-02-07 13:54:52,394 [DEBUG] WellApp.gui: _get_md_tvd_points: собранo 4 точек MD–TVD
2026-02-07 13:54:52,394 [DEBUG] WellApp.gui: update_tvd_display: TVD=492.40 м для MD=500.0 м (конструкция=500.0 м, max_MD_траектории=2500.0 м)
2026-02-07 13:54:52,394 [DEBUG] WellApp.gui: on_construction_table_changed: пересчитана MD конструкции=500.000 м (для BalanceTab)
2026-02-07 13:54:52,394 [DEBUG] WellApp.gui: _get_md_tvd_points: собранo 4 точек MD–TVD
2026-02-07 13:54:52,394 [DEBUG] WellApp.gui: _get_md_tvd_points: собранo 4 точек MD–TVD
2026-02-07 13:54:52,394 [DEBUG] WellApp.gui: update_tvd_display: TVD=492.40 м для MD=500.0 м (конструкция=500.0 м, max_MD_траектории=2500.0 м)
2026-02-07 13:54:52,394 [DEBUG] WellApp.gui: on_construction_table_changed: пересчитана MD конструкции=500.000 м (для BalanceTab)
2026-02-07 13:54:52,394 [DEBUG] WellApp.gui: _get_md_tvd_points: собранo 4 точек MD–TVD
2026-02-07 13:54:52,394 [DEBUG] WellApp.gui: _get_md_tvd_points: собранo 4 точек MD–TVD
2026-02-07 13:54:52,395 [DEBUG] WellApp.gui: update_tvd_display: TVD=492.40 м для MD=500.0 м (конструкция=500.0 м, max_MD_траектории=2500.0 м)
2026-02-07 13:54:52,395 [DEBUG] WellApp.gui: on_construction_table_changed: пересчитана MD конструкции=500.000 м (для BalanceTab)
2026-02-07 13:54:52,395 [DEBUG] WellApp.gui: _get_md_tvd_points: собранo 4 точек MD–TVD
2026-02-07 13:54:52,395 [DEBUG] WellApp.gui: _get_md_tvd_points: собранo 4 точек MD–TVD
2026-02-07 13:54:52,395 [DEBUG] WellApp.gui: update_tvd_display: TVD=492.40 м для MD=500.0 м (конструкция=500.0 м, max_MD_траектории=2500.0 м)
2026-02-07 13:54:52,395 [DEBUG] WellApp.gui: on_construction_table_changed: пересчитана MD конструкции=500.000 м (для BalanceTab)
2026-02-07 13:54:52,395 [DEBUG] WellApp.gui: _get_md_tvd_points: собранo 4 точек MD–TVD
2026-02-07 13:54:52,395 [DEBUG] WellApp.gui: _get_md_tvd_points: собранo 4 точек MD–TVD
2026-02-07 13:54:52,395 [DEBUG] WellApp.gui: update_tvd_display: TVD=492.40 м для MD=500.0 м (конструкция=500.0 м, max_MD_траектории=2500.0 м)
2026-02-07 13:54:52,395 [DEBUG] WellApp.gui: on_construction_table_changed: пересчитана MD конструкции=500.000 м (для BalanceTab)
2026-02-07 13:54:52,395 [DEBUG] WellApp.gui: _get_md_tvd_points: собранo 4 точек MD–TVD
2026-02-07 13:54:52,395 [DEBUG] WellApp.gui: _get_md_tvd_points: собранo 4 точек MD–TVD
2026-02-07 13:54:52,395 [DEBUG] WellApp.gui: update_tvd_display: TVD=492.40 м для MD=500.0 м (конструкция=500.0 м, max_MD_траектории=2500.0 м)
2026-02-07 13:54:52,395 [DEBUG] WellApp.gui: Добавлена строка колонны, всего строк: 2
2026-02-07 13:54:57,299 [DEBUG] WellApp.gui: on_construction_table_changed: пересчитана MD конструкции=500.000 м (для BalanceTab)
2026-02-07 13:54:57,299 [DEBUG] WellApp.gui: _get_md_tvd_points: собранo 4 точек MD–TVD
2026-02-07 13:54:57,300 [DEBUG] WellApp.gui: _get_md_tvd_points: собранo 4 точек MD–TVD
2026-02-07 13:54:57,300 [DEBUG] WellApp.gui: update_tvd_display: TVD=492.40 м для MD=500.0 м (конструкция=500.0 м, max_MD_траектории=2500.0 м)
2026-02-07 13:55:01,797 [DEBUG] WellApp.gui: on_construction_table_changed: пересчитана MD конструкции=500.000 м (для BalanceTab)
2026-02-07 13:55:01,797 [DEBUG] WellApp.gui: _get_md_tvd_points: собранo 4 точек MD–TVD
2026-02-07 13:55:01,798 [DEBUG] WellApp.gui: _get_md_tvd_points: собранo 4 точек MD–TVD
2026-02-07 13:55:01,798 [DEBUG] WellApp.gui: update_tvd_display: TVD=492.40 м для MD=500.0 м (конструкция=500.0 м, max_MD_траектории=2500.0 м)
2026-02-07 13:55:09,160 [DEBUG] WellApp.gui: on_construction_table_changed: пересчитана MD конструкции=1500.000 м (для BalanceTab)
2026-02-07 13:55:09,161 [DEBUG] WellApp.gui: _get_md_tvd_points: собранo 4 точек MD–TVD
2026-02-07 13:55:09,161 [DEBUG] WellApp.gui: _get_md_tvd_points: собранo 4 точек MD–TVD
2026-02-07 13:55:09,161 [DEBUG] WellApp.gui: update_tvd_display: TVD=1417.82 м для MD=1500.0 м (конструкция=1500.0 м, max_MD_траектории=2500.0 м)
2026-02-07 13:55:11,052 [DEBUG] WellApp.gui: on_construction_table_changed: пересчитана MD конструкции=1500.000 м (для BalanceTab)
2026-02-07 13:55:11,053 [DEBUG] WellApp.gui: _get_md_tvd_points: собранo 4 точек MD–TVD
2026-02-07 13:55:11,053 [DEBUG] WellApp.gui: _get_md_tvd_points: собранo 4 точек MD–TVD
2026-02-07 13:55:11,053 [DEBUG] WellApp.gui: update_tvd_display: TVD=1417.82 м для MD=1500.0 м (конструкция=1500.0 м, max_MD_траектории=2500.0 м)
2026-02-07 13:55:14,408 [DEBUG] WellApp.gui: on_construction_table_changed: пересчитана MD конструкции=1500.000 м (для BalanceTab)
2026-02-07 13:55:14,408 [DEBUG] WellApp.gui: _get_md_tvd_points: собранo 4 точек MD–TVD
2026-02-07 13:55:14,408 [DEBUG] WellApp.gui: _get_md_tvd_points: собранo 4 точек MD–TVD
2026-02-07 13:55:14,409 [DEBUG] WellApp.gui: update_tvd_display: TVD=1417.82 м для MD=1500.0 м (конструкция=1500.0 м, max_MD_траектории=2500.0 м)
2026-02-07 13:55:16,243 [DEBUG] WellApp.gui: on_construction_table_changed: пересчитана MD конструкции=0.000 м (для BalanceTab)
2026-02-07 13:55:16,243 [DEBUG] WellApp.gui: _get_md_tvd_points: собранo 4 точек MD–TVD
2026-02-07 13:55:16,243 [DEBUG] WellApp.gui: update_tvd_display: TVD=2233.86 м по максимальной траектории (MD=2500.0 м)
2026-02-07 13:55:18,534 [DEBUG] WellApp.gui: on_construction_table_changed: пересчитана MD конструкции=0.000 м (для BalanceTab)
2026-02-07 13:55:18,534 [DEBUG] WellApp.gui: _get_md_tvd_points: собранo 4 точек MD–TVD
2026-02-07 13:55:18,535 [DEBUG] WellApp.gui: update_tvd_display: TVD=2233.86 м по максимальной траектории (MD=2500.0 м)
2026-02-07 13:55:21,609 [DEBUG] WellApp.gui: on_construction_table_changed: пересчитана MD конструкции=0.000 м (для BalanceTab)
2026-02-07 13:55:21,609 [DEBUG] WellApp.gui: _get_md_tvd_points: собранo 4 точек MD–TVD
2026-02-07 13:55:21,610 [DEBUG] WellApp.gui: update_tvd_display: TVD=2233.86 м по максимальной траектории (MD=2500.0 м)
2026-02-07 13:55:21,610 [DEBUG] WellApp.gui: on_construction_table_changed: пересчитана MD конструкции=0.000 м (для BalanceTab)
2026-02-07 13:55:21,610 [DEBUG] WellApp.gui: _get_md_tvd_points: собранo 4 точек MD–TVD
2026-02-07 13:55:21,610 [DEBUG] WellApp.gui: update_tvd_display: TVD=2233.86 м по максимальной траектории (MD=2500.0 м)
2026-02-07 13:55:21,610 [DEBUG] WellApp.gui: on_construction_table_changed: пересчитана MD конструкции=0.000 м (для BalanceTab)
2026-02-07 13:55:21,610 [DEBUG] WellApp.gui: _get_md_tvd_points: собранo 4 точек MD–TVD
2026-02-07 13:55:21,611 [DEBUG] WellApp.gui: update_tvd_display: TVD=2233.86 м по максимальной траектории (MD=2500.0 м)
2026-02-07 13:55:21,611 [DEBUG] WellApp.gui: on_construction_table_changed: пересчитана MD конструкции=0.000 м (для BalanceTab)
2026-02-07 13:55:21,611 [DEBUG] WellApp.gui: _get_md_tvd_points: собранo 4 точек MD–TVD
2026-02-07 13:55:21,611 [DEBUG] WellApp.gui: update_tvd_display: TVD=2233.86 м по максимальной траектории (MD=2500.0 м)
2026-02-07 13:55:21,611 [DEBUG] WellApp.gui: on_construction_table_changed: пересчитана MD конструкции=0.000 м (для BalanceTab)
2026-02-07 13:55:21,611 [DEBUG] WellApp.gui: _get_md_tvd_points: собранo 4 точек MD–TVD
2026-02-07 13:55:21,611 [DEBUG] WellApp.gui: update_tvd_display: TVD=2233.86 м по максимальной траектории (MD=2500.0 м)
2026-02-07 13:55:21,611 [DEBUG] WellApp.gui: Добавлена строка Open Hole, всего строк: 1
2026-02-07 13:55:29,443 [DEBUG] WellApp.gui: on_construction_table_changed: пересчитана MD конструкции=0.000 м (для BalanceTab)
2026-02-07 13:55:29,443 [DEBUG] WellApp.gui: _get_md_tvd_points: собранo 4 точек MD–TVD
2026-02-07 13:55:29,444 [DEBUG] WellApp.gui: update_tvd_display: TVD=2233.86 м по максимальной траектории (MD=2500.0 м)
2026-02-07 13:55:33,143 [DEBUG] WellApp.gui: on_construction_table_changed: пересчитана MD конструкции=0.000 м (для BalanceTab)
2026-02-07 13:55:33,144 [DEBUG] WellApp.gui: _get_md_tvd_points: собранo 4 точек MD–TVD
2026-02-07 13:55:33,144 [DEBUG] WellApp.gui: update_tvd_display: TVD=2233.86 м по максимальной траектории (MD=2500.0 м)
2026-02-07 13:55:40,218 [DEBUG] WellApp.gui: paste_bha_from_clipboard: сырая строка='Drill Pipe\t1800.0\t127.0\t95.0', parts=['Drill Pipe', '1800.0', '127.0', '95.0']
2026-02-07 13:55:40,218 [DEBUG] WellApp.utils: normalize_bha_name: 'Drill Pipe' -> 'Drill Pipe'
2026-02-07 13:55:40,218 [DEBUG] WellApp.gui: paste_bha_from_clipboard: сырая строка='Heavy Weight\t200.0\t139.7\t76.0', parts=['Heavy Weight', '200.0', '139.7', '76.0']
2026-02-07 13:55:40,218 [DEBUG] WellApp.utils: normalize_bha_name: 'Heavy Weight' -> 'Heavy Weight'
2026-02-07 13:55:40,218 [DEBUG] WellApp.gui: paste_bha_from_clipboard: сырая строка='Drill Collar\t80.0\t203.0\t76.0', parts=['Drill Collar', '80.0', '203.0', '76.0']
2026-02-07 13:55:40,218 [DEBUG] WellApp.utils: normalize_bha_name: 'Drill Collar' -> 'Drill Collar'
2026-02-07 13:55:40,219 [DEBUG] WellApp.gui: paste_bha_from_clipboard: сырая строка='Mud Motor\t10.0\t172.0\t70.0', parts=['Mud Motor', '10.0', '172.0', '70.0']
2026-02-07 13:55:40,219 [DEBUG] WellApp.utils: normalize_bha_name: 'Mud Motor' -> 'Mud Motor'
2026-02-07 13:55:40,219 [DEBUG] WellApp.gui: paste_bha_from_clipboard: сырая строка='Bit\t0.3\t215.9\t0.0', parts=['Bit', '0.3', '215.9', '0.0']
2026-02-07 13:55:40,219 [DEBUG] WellApp.utils: normalize_bha_name: 'Bit' -> 'Bit'
2026-02-07 13:55:40,219 [DEBUG] WellApp.gui: Из буфера вставлено элементов КНБК: 5
2026-02-07 13:55:44,437 [DEBUG] WellApp.gui: Старт расчёта объёмов и построения схемы
2026-02-07 13:55:44,438 [DEBUG] WellApp.gui: on_construction_table_changed: пересчитана MD конструкции=0.000 м (для BalanceTab)
2026-02-07 13:55:44,438 [DEBUG] WellApp.gui: _get_md_tvd_points: собранo 4 точек MD–TVD
2026-02-07 13:55:44,438 [DEBUG] WellApp.gui: update_tvd_display: TVD=2233.86 м по максимальной траектории (MD=2500.0 м)
2026-02-07 13:55:44,439 [DEBUG] WellApp.gui: on_construction_table_changed: пересчитана MD конструкции=500.000 м (для BalanceTab)
2026-02-07 13:55:44,439 [DEBUG] WellApp.gui: _get_md_tvd_points: собранo 4 точек MD–TVD
2026-02-07 13:55:44,439 [DEBUG] WellApp.gui: _get_md_tvd_points: собранo 4 точек MD–TVD
2026-02-07 13:55:44,439 [DEBUG] WellApp.gui: update_tvd_display: TVD=492.40 м для MD=500.0 м (конструкция=500.0 м, max_MD_траектории=2500.0 м)
2026-02-07 13:55:44,439 [DEBUG] WellApp.utils: compute_casing_params -> OD=244.500, ID=216.000, wall=14.250
2026-02-07 13:55:44,440 [DEBUG] WellApp.gui: on_construction_table_changed: пересчитана MD конструкции=500.000 м (для BalanceTab)
2026-02-07 13:55:44,440 [DEBUG] WellApp.gui: _get_md_tvd_points: собранo 4 точек MD–TVD
2026-02-07 13:55:44,440 [DEBUG] WellApp.gui: _get_md_tvd_points: собранo 4 точек MD–TVD
2026-02-07 13:55:44,440 [DEBUG] WellApp.gui: update_tvd_display: TVD=492.40 м для MD=500.0 м (конструкция=500.0 м, max_MD_траектории=2500.0 м)
2026-02-07 13:55:44,440 [DEBUG] WellApp.gui: on_construction_table_changed: пересчитана MD конструкции=2000.000 м (для BalanceTab)
2026-02-07 13:55:44,440 [DEBUG] WellApp.gui: _get_md_tvd_points: собранo 4 точек MD–TVD
2026-02-07 13:55:44,440 [DEBUG] WellApp.gui: _get_md_tvd_points: собранo 4 точек MD–TVD
2026-02-07 13:55:44,440 [DEBUG] WellApp.gui: update_tvd_display: TVD=1850.83 м для MD=2000.0 м (конструкция=2000.0 м, max_MD_траектории=2500.0 м)
2026-02-07 13:55:44,441 [DEBUG] WellApp.utils: compute_casing_params -> OD=177.800, ID=160.000, wall=8.900
2026-02-07 13:55:44,441 [DEBUG] WellApp.gui: on_construction_table_changed: пересчитана MD конструкции=2000.000 м (для BalanceTab)
2026-02-07 13:55:44,441 [DEBUG] WellApp.gui: _get_md_tvd_points: собранo 4 точек MD–TVD
2026-02-07 13:55:44,441 [DEBUG] WellApp.gui: _get_md_tvd_points: собранo 4 точек MD–TVD
2026-02-07 13:55:44,441 [DEBUG] WellApp.gui: update_tvd_display: TVD=1850.83 м для MD=2000.0 м (конструкция=2000.0 м, max_MD_траектории=2500.0 м)
2026-02-07 13:55:44,441 [DEBUG] WellApp.gui: on_construction_table_changed: пересчитана MD конструкции=2500.000 м (для BalanceTab)
2026-02-07 13:55:44,441 [DEBUG] WellApp.gui: _get_md_tvd_points: собранo 4 точек MD–TVD
2026-02-07 13:55:44,441 [DEBUG] WellApp.gui: _get_md_tvd_points: собранo 4 точек MD–TVD
2026-02-07 13:55:44,442 [DEBUG] WellApp.gui: update_tvd_display: TVD=2233.86 м для MD=2500.0 м (конструкция=2500.0 м, max_MD_траектории=2500.0 м)
2026-02-07 13:55:44,442 [WARNING] WellApp.geom: Casing 'Open Hole': ID >= OD (id=152.400 мм, od=152.400 мм) — проверьте данные
2026-02-07 13:55:44,442 [DEBUG] WellApp.gui: Суммарная MD конструкции: 2500.000 м
2026-02-07 13:55:44,442 [DEBUG] WellApp.gui: Передана глубина конструкции в BalanceTab: MD=2500.000 м
2026-02-07 13:55:44,442 [DEBUG] WellApp.gui: _get_md_tvd_points: собранo 4 точек MD–TVD
2026-02-07 13:55:44,442 [DEBUG] WellApp.gui: _get_md_tvd_points: собранo 4 точек MD–TVD
2026-02-07 13:55:44,442 [DEBUG] WellApp.gui: update_tvd_display: TVD=2233.86 м для MD=2500.0 м (конструкция=2500.0 м, max_MD_траектории=2500.0 м)
2026-02-07 13:55:44,442 [DEBUG] WellApp.utils: normalize_bha_name: 'Drill Pipe' -> 'Drill Pipe'
2026-02-07 13:55:44,442 [DEBUG] WellApp.utils: normalize_bha_name: 'Heavy Weight' -> 'Heavy Weight'
2026-02-07 13:55:44,442 [DEBUG] WellApp.utils: normalize_bha_name: 'Drill Collar' -> 'Drill Collar'
2026-02-07 13:55:44,442 [DEBUG] WellApp.utils: normalize_bha_name: 'Mud Motor' -> 'Mud Motor'
2026-02-07 13:55:44,442 [DEBUG] WellApp.utils: normalize_bha_name: 'Bit' -> 'Bit'
2026-02-07 13:55:44,443 [DEBUG] WellApp.gui: Скорректирована длина верхнего элемента КНБК на 409.700 м для соответствия глубине конструкции
2026-02-07 13:55:44,443 [DEBUG] WellApp.gui: Добавлен Fluid: Раствор 1, Раствор, 1.2, <PyQt5.QtGui.QColor object at 0x000002752B68D390>
2026-02-07 13:55:44,443 [DEBUG] WellApp.gui: Итоговое содержимое fluids: ['Раствор 1']
2026-02-07 13:55:44,444 [DEBUG] WellApp.volumes: calculate_volumes: старт расчёта, casings=3, bha=5
2026-02-07 13:55:44,444 [DEBUG] WellApp.volumes: calculate_volumes: завершено. V_casings=57.602, V_bha_int=16.972, V_bha_disp=33.890, V_annulus=23.712
2026-02-07 13:55:44,466 [DEBUG] WellApp.graphics: BHA элементов (снизу вверх): ['Drill Pipe L=2209.70, OD=127.0', 'Heavy Weight L=200.00, OD=139.7', 'Drill Collar L=80.00, OD=203.0', 'Mud Motor L=10.00, OD=172.0', 'Bit L=0.30, OD=215.9']
2026-02-07 13:55:44,518 [DEBUG] WellApp.gui: Расчёт объёмов и обновление схемы завершены успешно
2026-02-07 13:55:53,586 [DEBUG] WellApp.gui: Переключение на вкладку 'Равновесие'
2026-02-07 13:55:53,586 [DEBUG] WellApp.gui: populate_fluid_combos: обновлено 1 жидкостей
2026-02-07 13:55:53,586 [DEBUG] WellApp.gui: _get_md_tvd_points: собранo 4 точек MD–TVD
2026-02-07 13:55:53,587 [DEBUG] WellApp.gui: _get_md_tvd_points: собранo 4 точек MD–TVD
2026-02-07 13:55:53,587 [DEBUG] WellApp.gui: update_tvd_display: TVD=2233.86 м для MD=2500.0 м (конструкция=2500.0 м, max_MD_траектории=2500.0 м)
2026-02-07 13:56:00,081 [DEBUG] WellApp.gui: run_balance_calc: запуск
2026-02-07 13:56:00,082 [DEBUG] WellApp.gui: _get_md_tvd_points: собранo 4 точек MD–TVD
2026-02-07 13:56:00,082 [DEBUG] WellApp.gui: _get_md_tvd_points: собранo 4 точек MD–TVD
2026-02-07 13:56:00,082 [DEBUG] WellApp.gui: run_balance_calc: используем TVD=2233.86 м для MD конструкции=2500.0 м (max_MD_траектории=2500.0 м)
2026-02-07 13:56:00,083 [DEBUG] WellApp.gui: run_balance_calc: tubing=Раствор 1 (ρ=1.200), annulus=Раствор 1 (ρ=1.200)
2026-02-07 13:56:00,083 [DEBUG] WellApp.balance: === Запуск calculate_balance ===
2026-02-07 13:56:00,083 [DEBUG] WellApp.balance: Входные: P_res=10000000.0, max_tvd_m=None, D_tubing_mm=100.0, D_well_mm=200.0, D_knbk_mm=0.0, L_knbk_m=0.0
2026-02-07 13:56:00,083 [DEBUG] WellApp.balance: max_tvd_m взят из второго позиционного аргумента: 2233.86
2026-02-07 13:56:00,084 [DEBUG] WellApp.balance: Плотности: rho_t=1200.0, rho_a=1200.0
2026-02-07 13:56:00,084 [DEBUG] WellApp.balance: Требуемые высоты: h_req_t=849.4733265375468, h_req_a=849.4733265375468
2026-02-07 13:56:00,084 [DEBUG] WellApp.balance: Фактические высоты (с учётом TVD): h_t=849.4733265375468, h_a=849.4733265375468
2026-02-07 13:56:00,084 [DEBUG] WellApp.balance: Давления на пласте: p_t=10000000.0, p_a=10000000.0, diff_t=0.0, diff_a=0.0, diff_channels=0.0
2026-02-07 13:56:00,084 [DEBUG] WellApp.balance: Геометрия (м): D_t_id=0.1, D_w=0.2, D_k_od=0.0, L_knbk_m=0.0
2026-02-07 13:56:00,084 [DEBUG] WellApp.balance: Площадь трубы A_full=0.007853981633974483; V_t=6.671747905177101
2026-02-07 13:56:00,084 [DEBUG] WellApp.balance: Площадь затруба A_annulus=0.023561944901923454; V_a=20.01524371553131
2026-02-07 13:56:00,084 [DEBUG] WellApp.balance: === Расчёт calculate_balance завершён успешно ===
2026-02-07 13:56:00,084 [DEBUG] WellApp.gui: Результаты расчёта равновесия: h_t=849.47, h_a=849.47, V_t=6.672, V_a=20.015
2026-02-07 13:56:00,086 [DEBUG] WellApp.graphics: draw_fluids: нарисованы столбы h_t=849.47 м, h_a=849.47 м (bottom_y=2500.00, total_depth_md=2500.00)
2026-02-07 13:56:14,142 [DEBUG] WellApp.gui: populate_fluid_combos: обновлено 2 жидкостей
2026-02-07 13:56:14,143 [DEBUG] WellApp.gui: Добавлена жидкость: Раствор 2, 1.2 г/см³, тип Раствор
2026-02-07 13:56:14,143 [DEBUG] WellApp.gui: populate_fluid_combos: обновлено 2 жидкостей
2026-02-07 13:56:14,143 [DEBUG] WellApp.gui: populate_fluid_combos: обновлено 2 жидкостей
2026-02-07 13:56:14,144 [DEBUG] WellApp.gui: populate_fluid_combos: обновлено 2 жидкостей
2026-02-07 13:56:19,214 [DEBUG] WellApp.gui: populate_fluid_combos: обновлено 2 жидкостей
2026-02-07 13:56:21,718 [DEBUG] WellApp.gui: run_balance_calc: запуск
2026-02-07 13:56:21,718 [DEBUG] WellApp.gui: _get_md_tvd_points: собранo 4 точек MD–TVD
2026-02-07 13:56:21,718 [DEBUG] WellApp.gui: _get_md_tvd_points: собранo 4 точек MD–TVD
2026-02-07 13:56:21,718 [DEBUG] WellApp.gui: run_balance_calc: используем TVD=2233.86 м для MD конструкции=2500.0 м (max_MD_траектории=2500.0 м)
2026-02-07 13:56:21,718 [DEBUG] WellApp.gui: run_balance_calc: tubing=Раствор 1 (ρ=1.200), annulus=Раствор 2 (ρ=1.500)
2026-02-07 13:56:21,718 [DEBUG] WellApp.balance: === Запуск calculate_balance ===
2026-02-07 13:56:21,718 [DEBUG] WellApp.balance: Входные: P_res=10000000.0, max_tvd_m=None, D_tubing_mm=100.0, D_well_mm=200.0, D_knbk_mm=0.0, L_knbk_m=0.0
2026-02-07 13:56:21,718 [DEBUG] WellApp.balance: max_tvd_m взят из второго позиционного аргумента: 2233.86
2026-02-07 13:56:21,719 [DEBUG] WellApp.balance: Плотности: rho_t=1200.0, rho_a=1500.0
2026-02-07 13:56:21,719 [DEBUG] WellApp.balance: Требуемые высоты: h_req_t=849.4733265375468, h_req_a=679.5786612300374
2026-02-07 13:56:21,719 [DEBUG] WellApp.balance: Фактические высоты (с учётом TVD): h_t=849.4733265375468, h_a=679.5786612300374
2026-02-07 13:56:21,719 [DEBUG] WellApp.balance: Давления на пласте: p_t=10000000.0, p_a=10000000.0, diff_t=0.0, diff_a=0.0, diff_channels=0.0
2026-02-07 13:56:21,719 [DEBUG] WellApp.balance: Геометрия (м): D_t_id=0.1, D_w=0.2, D_k_od=0.0, L_knbk_m=0.0
2026-02-07 13:56:21,719 [DEBUG] WellApp.balance: Площадь трубы A_full=0.007853981633974483; V_t=6.671747905177101
2026-02-07 13:56:21,719 [DEBUG] WellApp.balance: Площадь затруба A_annulus=0.023561944901923454; V_a=16.012194972425046
2026-02-07 13:56:21,719 [DEBUG] WellApp.balance: === Расчёт calculate_balance завершён успешно ===
2026-02-07 13:56:21,719 [DEBUG] WellApp.gui: Результаты расчёта равновесия: h_t=849.47, h_a=679.58, V_t=6.672, V_a=16.012
2026-02-07 13:56:21,721 [DEBUG] WellApp.graphics: draw_fluids: нарисованы столбы h_t=849.47 м, h_a=679.58 м (bottom_y=2500.00, total_depth_md=2500.00)
2026-02-07 13:56:26,794 [DEBUG] WellApp.gui: Переключение на вкладку 'Равновесие'
2026-02-07 13:56:26,795 [DEBUG] WellApp.gui: populate_fluid_combos: обновлено 2 жидкостей
2026-02-07 13:56:26,795 [DEBUG] WellApp.gui: _get_md_tvd_points: собранo 4 точек MD–TVD
2026-02-07 13:56:26,795 [DEBUG] WellApp.gui: _get_md_tvd_points: собранo 4 точек MD–TVD
2026-02-07 13:56:26,796 [DEBUG] WellApp.gui: update_tvd_display: TVD=2233.86 м для MD=2500.0 м (конструкция=2500.0 м, max_MD_траектории=2500.0 м)
2026-02-07 13:56:27,795 [DEBUG] WellApp.gui: Переключение на вкладку 'Равновесие'
2026-02-07 13:56:27,795 [DEBUG] WellApp.gui: populate_fluid_combos: обновлено 2 жидкостей
2026-02-07 13:56:27,795 [DEBUG] WellApp.gui: _get_md_tvd_points: собранo 4 точек MD–TVD
2026-02-07 13:56:27,795 [DEBUG] WellApp.gui: _get_md_tvd_points: собранo 4 точек MD–TVD
2026-02-07 13:56:27,796 [DEBUG] WellApp.gui: update_tvd_display: TVD=2233.86 м для MD=2500.0 м (конструкция=2500.0 м, max_MD_траектории=2500.0 м)
2026-02-07 13:56:29,289 [DEBUG] WellApp.gui: Переключение на вкладку 'Равновесие'
2026-02-07 13:56:29,289 [DEBUG] WellApp.gui: populate_fluid_combos: обновлено 2 жидкостей
2026-02-07 13:56:29,289 [DEBUG] WellApp.gui: _get_md_tvd_points: собранo 4 точек MD–TVD
2026-02-07 13:56:29,290 [DEBUG] WellApp.gui: _get_md_tvd_points: собранo 4 точек MD–TVD
2026-02-07 13:56:29,290 [DEBUG] WellApp.gui: update_tvd_display: TVD=2233.86 м для MD=2500.0 м (конструкция=2500.0 м, max_MD_траектории=2500.0 м)
2026-02-07 13:57:11,068 [DEBUG] WellApp.gui: _get_md_tvd_points: собранo 4 точек MD–TVD
2026-02-07 13:57:11,068 [DEBUG] WellApp.gui: _get_md_tvd_points: собранo 4 точек MD–TVD
2026-02-07 13:57:11,068 [DEBUG] WellApp.gui: update_tvd_display: TVD=2234.86 м для MD=2500.0 м (конструкция=2500.0 м, max_MD_траектории=2500.0 м)
2026-02-07 13:57:11,145 [DEBUG] WellApp.gui: _get_md_tvd_points: собранo 4 точек MD–TVD
2026-02-07 13:57:11,145 [DEBUG] WellApp.gui: _get_md_tvd_points: собранo 4 точек MD–TVD
2026-02-07 13:57:11,145 [DEBUG] WellApp.gui: update_tvd_display: TVD=2245.86 м для MD=2500.0 м (конструкция=2500.0 м, max_MD_траектории=2500.0 м)
2026-02-07 13:57:11,702 [DEBUG] WellApp.gui: _get_md_tvd_points: собранo 4 точек MD–TVD
2026-02-07 13:57:11,702 [DEBUG] WellApp.gui: _get_md_tvd_points: собранo 4 точек MD–TVD
2026-02-07 13:57:11,702 [DEBUG] WellApp.gui: update_tvd_display: TVD=2353.86 м для MD=2500.0 м (конструкция=2500.0 м, max_MD_траектории=2500.0 м)
2026-02-07 13:57:23,291 [DEBUG] WellApp.gui: _get_md_tvd_points: собранo 4 точек MD–TVD
2026-02-07 13:57:23,291 [DEBUG] WellApp.gui: _get_md_tvd_points: собранo 4 точек MD–TVD
2026-02-07 13:57:23,291 [DEBUG] WellApp.gui: update_tvd_display: TVD=2353.86 м для MD=2500.0 м (конструкция=2500.0 м, max_MD_траектории=2500.0 м)
2026-02-07 13:57:23,432 [DEBUG] WellApp.gui: _get_md_tvd_points: собранo 4 точек MD–TVD
2026-02-07 13:57:23,433 [DEBUG] WellApp.gui: _get_md_tvd_points: собранo 4 точек MD–TVD
2026-02-07 13:57:23,433 [DEBUG] WellApp.gui: update_tvd_display: TVD=2353.86 м для MD=2500.0 м (конструкция=2500.0 м, max_MD_траектории=2500.0 м)
2026-02-07 13:57:23,812 [WARNING] WellApp.trajectory: update_tvd: некорректная поправка азимута '11/', принята 0.0
2026-02-07 13:57:23,812 [DEBUG] WellApp.gui: _get_md_tvd_points: собранo 4 точек MD–TVD
2026-02-07 13:57:23,812 [DEBUG] WellApp.gui: _get_md_tvd_points: собранo 4 точек MD–TVD
2026-02-07 13:57:23,812 [DEBUG] WellApp.gui: update_tvd_display: TVD=2353.86 м для MD=2500.0 м (конструкция=2500.0 м, max_MD_траектории=2500.0 м)
2026-02-07 13:57:24,966 [WARNING] WellApp.trajectory: update_tvd: некорректная поправка азимута '11/4', принята 0.0
2026-02-07 13:57:24,967 [DEBUG] WellApp.gui: _get_md_tvd_points: собранo 4 точек MD–TVD
2026-02-07 13:57:24,967 [DEBUG] WellApp.gui: _get_md_tvd_points: собранo 4 точек MD–TVD
2026-02-07 13:57:24,967 [DEBUG] WellApp.gui: update_tvd_display: TVD=2353.86 м для MD=2500.0 м (конструкция=2500.0 м, max_MD_траектории=2500.0 м)
2026-02-07 13:57:25,110 [WARNING] WellApp.trajectory: update_tvd: некорректная поправка азимута '11/44', принята 0.0
2026-02-07 13:57:25,110 [DEBUG] WellApp.gui: _get_md_tvd_points: собранo 4 точек MD–TVD
2026-02-07 13:57:25,110 [DEBUG] WellApp.gui: _get_md_tvd_points: собранo 4 точек MD–TVD
2026-02-07 13:57:25,110 [DEBUG] WellApp.gui: update_tvd_display: TVD=2353.86 м для MD=2500.0 м (конструкция=2500.0 м, max_MD_траектории=2500.0 м)
2026-02-07 13:57:25,891 [WARNING] WellApp.trajectory: update_tvd: некорректная поправка азимута '11/4', принята 0.0
2026-02-07 13:57:25,892 [DEBUG] WellApp.gui: _get_md_tvd_points: собранo 4 точек MD–TVD
2026-02-07 13:57:25,892 [DEBUG] WellApp.gui: _get_md_tvd_points: собранo 4 точек MD–TVD
2026-02-07 13:57:25,892 [DEBUG] WellApp.gui: update_tvd_display: TVD=2353.86 м для MD=2500.0 м (конструкция=2500.0 м, max_MD_траектории=2500.0 м)
2026-02-07 13:57:26,073 [WARNING] WellApp.trajectory: update_tvd: некорректная поправка азимута '11/', принята 0.0
2026-02-07 13:57:26,073 [DEBUG] WellApp.gui: _get_md_tvd_points: собранo 4 точек MD–TVD
2026-02-07 13:57:26,074 [DEBUG] WellApp.gui: _get_md_tvd_points: собранo 4 точек MD–TVD
2026-02-07 13:57:26,074 [DEBUG] WellApp.gui: update_tvd_display: TVD=2353.86 м для MD=2500.0 м (конструкция=2500.0 м, max_MD_траектории=2500.0 м)
2026-02-07 13:57:26,224 [DEBUG] WellApp.gui: _get_md_tvd_points: собранo 4 точек MD–TVD
2026-02-07 13:57:26,224 [DEBUG] WellApp.gui: _get_md_tvd_points: собранo 4 точек MD–TVD
2026-02-07 13:57:26,224 [DEBUG] WellApp.gui: update_tvd_display: TVD=2353.86 м для MD=2500.0 м (конструкция=2500.0 м, max_MD_траектории=2500.0 м)
2026-02-07 13:57:26,882 [DEBUG] WellApp.gui: _get_md_tvd_points: собранo 4 точек MD–TVD
2026-02-07 13:57:26,883 [DEBUG] WellApp.gui: _get_md_tvd_points: собранo 4 точек MD–TVD
2026-02-07 13:57:26,883 [DEBUG] WellApp.gui: update_tvd_display: TVD=2353.86 м для MD=2500.0 м (конструкция=2500.0 м, max_MD_траектории=2500.0 м)
2026-02-07 13:57:27,498 [DEBUG] WellApp.gui: _get_md_tvd_points: собранo 4 точек MD–TVD
2026-02-07 13:57:27,499 [DEBUG] WellApp.gui: _get_md_tvd_points: собранo 4 точек MD–TVD
2026-02-07 13:57:27,499 [DEBUG] WellApp.gui: update_tvd_display: TVD=2353.86 м для MD=2500.0 м (конструкция=2500.0 м, max_MD_траектории=2500.0 м)
2026-02-07 13:57:27,638 [DEBUG] WellApp.gui: _get_md_tvd_points: собранo 4 точек MD–TVD
2026-02-07 13:57:27,638 [DEBUG] WellApp.gui: _get_md_tvd_points: собранo 4 точек MD–TVD
2026-02-07 13:57:27,638 [DEBUG] WellApp.gui: update_tvd_display: TVD=2353.86 м для MD=2500.0 м (конструкция=2500.0 м, max_MD_траектории=2500.0 м)
2026-02-07 13:58:21,255 [DEBUG] WellApp.gui: Старт расчёта объёмов и построения схемы
2026-02-07 13:58:21,256 [DEBUG] WellApp.utils: compute_casing_params -> OD=244.500, ID=216.000, wall=14.250
2026-02-07 13:58:21,256 [DEBUG] WellApp.utils: compute_casing_params -> OD=177.800, ID=160.000, wall=8.900
2026-02-07 13:58:21,257 [WARNING] WellApp.geom: Casing 'Open Hole': ID >= OD (id=152.400 мм, od=152.400 мм) — проверьте данные
2026-02-07 13:58:21,257 [DEBUG] WellApp.gui: Суммарная MD конструкции: 2500.000 м
2026-02-07 13:58:21,257 [DEBUG] WellApp.gui: Передана глубина конструкции в BalanceTab: MD=2500.000 м
2026-02-07 13:58:21,258 [DEBUG] WellApp.gui: _get_md_tvd_points: собранo 4 точек MD–TVD
2026-02-07 13:58:21,258 [DEBUG] WellApp.gui: _get_md_tvd_points: собранo 4 точек MD–TVD
2026-02-07 13:58:21,258 [DEBUG] WellApp.gui: update_tvd_display: TVD=2353.86 м для MD=2500.0 м (конструкция=2500.0 м, max_MD_траектории=2500.0 м)
2026-02-07 13:58:21,259 [DEBUG] WellApp.utils: normalize_bha_name: 'Drill Pipe' -> 'Drill Pipe'
2026-02-07 13:58:21,259 [DEBUG] WellApp.utils: normalize_bha_name: 'Heavy Weight' -> 'Heavy Weight'
2026-02-07 13:58:21,259 [DEBUG] WellApp.utils: normalize_bha_name: 'Drill Collar' -> 'Drill Collar'
2026-02-07 13:58:21,260 [DEBUG] WellApp.utils: normalize_bha_name: 'Mud Motor' -> 'Mud Motor'
2026-02-07 13:58:21,260 [DEBUG] WellApp.utils: normalize_bha_name: 'Bit' -> 'Bit'
2026-02-07 13:58:21,260 [DEBUG] WellApp.gui: Добавлен Fluid: Раствор 1, Раствор, 1.2, <PyQt5.QtGui.QColor object at 0x000002752B68D390>
2026-02-07 13:58:21,261 [DEBUG] WellApp.gui: Добавлен Fluid: Раствор 2, Раствор, 1.5, <PyQt5.QtGui.QColor object at 0x000002752B68D630>
2026-02-07 13:58:21,261 [DEBUG] WellApp.gui: Итоговое содержимое fluids: ['Раствор 1', 'Раствор 2']
2026-02-07 13:58:21,261 [DEBUG] WellApp.volumes: calculate_volumes: старт расчёта, casings=3, bha=5
2026-02-07 13:58:21,261 [DEBUG] WellApp.volumes: calculate_volumes: завершено. V_casings=57.602, V_bha_int=16.972, V_bha_disp=33.890, V_annulus=23.712
2026-02-07 13:58:21,263 [DEBUG] WellApp.graphics: BHA элементов (снизу вверх): ['Drill Pipe L=2209.70, OD=127.0', 'Heavy Weight L=200.00, OD=139.7', 'Drill Collar L=80.00, OD=203.0', 'Mud Motor L=10.00, OD=172.0', 'Bit L=0.30, OD=215.9']
2026-02-07 13:58:21,268 [DEBUG] WellApp.gui: Расчёт объёмов и обновление схемы завершены успешно
2026-02-07 13:58:22,235 [DEBUG] WellApp.gui: Старт расчёта объёмов и построения схемы
2026-02-07 13:58:22,236 [DEBUG] WellApp.utils: compute_casing_params -> OD=244.500, ID=216.000, wall=14.250
2026-02-07 13:58:22,236 [DEBUG] WellApp.utils: compute_casing_params -> OD=177.800, ID=160.000, wall=8.900
2026-02-07 13:58:22,237 [WARNING] WellApp.geom: Casing 'Open Hole': ID >= OD (id=152.400 мм, od=152.400 мм) — проверьте данные
2026-02-07 13:58:22,237 [DEBUG] WellApp.gui: Суммарная MD конструкции: 2500.000 м
2026-02-07 13:58:22,238 [DEBUG] WellApp.gui: Передана глубина конструкции в BalanceTab: MD=2500.000 м
2026-02-07 13:58:22,238 [DEBUG] WellApp.gui: _get_md_tvd_points: собранo 4 точек MD–TVD
2026-02-07 13:58:22,238 [DEBUG] WellApp.gui: _get_md_tvd_points: собранo 4 точек MD–TVD
2026-02-07 13:58:22,239 [DEBUG] WellApp.gui: update_tvd_display: TVD=2353.86 м для MD=2500.0 м (конструкция=2500.0 м, max_MD_траектории=2500.0 м)
2026-02-07 13:58:22,239 [DEBUG] WellApp.utils: normalize_bha_name: 'Drill Pipe' -> 'Drill Pipe'
2026-02-07 13:58:22,239 [DEBUG] WellApp.utils: normalize_bha_name: 'Heavy Weight' -> 'Heavy Weight'
2026-02-07 13:58:22,240 [DEBUG] WellApp.utils: normalize_bha_name: 'Drill Collar' -> 'Drill Collar'
2026-02-07 13:58:22,240 [DEBUG] WellApp.utils: normalize_bha_name: 'Mud Motor' -> 'Mud Motor'
2026-02-07 13:58:22,240 [DEBUG] WellApp.utils: normalize_bha_name: 'Bit' -> 'Bit'
2026-02-07 13:58:22,241 [DEBUG] WellApp.gui: Добавлен Fluid: Раствор 1, Раствор, 1.2, <PyQt5.QtGui.QColor object at 0x000002752B68D390>
2026-02-07 13:58:22,241 [DEBUG] WellApp.gui: Добавлен Fluid: Раствор 2, Раствор, 1.5, <PyQt5.QtGui.QColor object at 0x000002752B68D6A0>
2026-02-07 13:58:22,241 [DEBUG] WellApp.gui: Итоговое содержимое fluids: ['Раствор 1', 'Раствор 2']
2026-02-07 13:58:22,241 [DEBUG] WellApp.volumes: calculate_volumes: старт расчёта, casings=3, bha=5
2026-02-07 13:58:22,242 [DEBUG] WellApp.volumes: calculate_volumes: завершено. V_casings=57.602, V_bha_int=16.972, V_bha_disp=33.890, V_annulus=23.712
2026-02-07 13:58:22,243 [DEBUG] WellApp.graphics: BHA элементов (снизу вверх): ['Drill Pipe L=2209.70, OD=127.0', 'Heavy Weight L=200.00, OD=139.7', 'Drill Collar L=80.00, OD=203.0', 'Mud Motor L=10.00, OD=172.0', 'Bit L=0.30, OD=215.9']
2026-02-07 13:58:22,248 [DEBUG] WellApp.gui: Расчёт объёмов и обновление схемы завершены успешно
2026-02-07 13:58:25,097 [DEBUG] WellApp.gui: populate_fluid_combos: обновлено 3 жидкостей
2026-02-07 13:58:25,097 [DEBUG] WellApp.gui: Добавлена жидкость: Цемент 3, 1.2 г/см³, тип Цемент
2026-02-07 13:58:25,098 [DEBUG] WellApp.gui: populate_fluid_combos: обновлено 3 жидкостей
2026-02-07 13:58:25,098 [DEBUG] WellApp.gui: populate_fluid_combos: обновлено 3 жидкостей
2026-02-07 13:58:25,100 [DEBUG] WellApp.gui: populate_fluid_combos: обновлено 3 жидкостей
2026-02-07 13:58:25,237 [DEBUG] WellApp.gui: populate_fluid_combos: обновлено 4 жидкостей
2026-02-07 13:58:25,238 [DEBUG] WellApp.gui: Добавлена жидкость: Цемент 4, 1.2 г/см³, тип Цемент
2026-02-07 13:58:25,238 [DEBUG] WellApp.gui: populate_fluid_combos: обновлено 4 жидкостей
2026-02-07 13:58:25,238 [DEBUG] WellApp.gui: populate_fluid_combos: обновлено 4 жидкостей
2026-02-07 13:58:25,240 [DEBUG] WellApp.gui: populate_fluid_combos: обновлено 4 жидкостей
2026-02-07 13:58:37,136 [DEBUG] WellApp.gui: Старт расчёта объёмов и построения схемы
2026-02-07 13:58:37,136 [DEBUG] WellApp.utils: compute_casing_params -> OD=244.500, ID=216.000, wall=14.250
2026-02-07 13:58:37,137 [DEBUG] WellApp.utils: compute_casing_params -> OD=177.800, ID=160.000, wall=8.900
2026-02-07 13:58:37,137 [WARNING] WellApp.geom: Casing 'Open Hole': ID >= OD (id=152.400 мм, od=152.400 мм) — проверьте данные
2026-02-07 13:58:37,137 [DEBUG] WellApp.gui: Суммарная MD конструкции: 2500.000 м
2026-02-07 13:58:37,137 [DEBUG] WellApp.gui: Передана глубина конструкции в BalanceTab: MD=2500.000 м
2026-02-07 13:58:37,138 [DEBUG] WellApp.gui: _get_md_tvd_points: собранo 4 точек MD–TVD
2026-02-07 13:58:37,138 [DEBUG] WellApp.gui: _get_md_tvd_points: собранo 4 точек MD–TVD
2026-02-07 13:58:37,138 [DEBUG] WellApp.gui: update_tvd_display: TVD=2353.86 м для MD=2500.0 м (конструкция=2500.0 м, max_MD_траектории=2500.0 м)
2026-02-07 13:58:37,138 [DEBUG] WellApp.utils: normalize_bha_name: 'Drill Pipe' -> 'Drill Pipe'
2026-02-07 13:58:37,138 [DEBUG] WellApp.utils: normalize_bha_name: 'Heavy Weight' -> 'Heavy Weight'
2026-02-07 13:58:37,138 [DEBUG] WellApp.utils: normalize_bha_name: 'Drill Collar' -> 'Drill Collar'
2026-02-07 13:58:37,138 [DEBUG] WellApp.utils: normalize_bha_name: 'Mud Motor' -> 'Mud Motor'
2026-02-07 13:58:37,139 [DEBUG] WellApp.utils: normalize_bha_name: 'Bit' -> 'Bit'
2026-02-07 13:58:37,139 [DEBUG] WellApp.gui: Добавлен Fluid: Раствор 1, Раствор, 1.2, <PyQt5.QtGui.QColor object at 0x000002752B68D390>
2026-02-07 13:58:37,139 [DEBUG] WellApp.gui: Добавлен Fluid: Раствор 2, Раствор, 1.5, <PyQt5.QtGui.QColor object at 0x000002752B68D400>
2026-02-07 13:58:37,139 [DEBUG] WellApp.gui: Добавлен Fluid: Цемент 3, Цемент, 1.2, <PyQt5.QtGui.QColor object at 0x000002752B68D5C0>
2026-02-07 13:58:37,139 [DEBUG] WellApp.gui: Добавлен Fluid: Цемент 4, Цемент, 1.2, <PyQt5.QtGui.QColor object at 0x000002752B68D630>
2026-02-07 13:58:37,139 [DEBUG] WellApp.gui: Итоговое содержимое fluids: ['Раствор 1', 'Раствор 2', 'Цемент 3', 'Цемент 4']
2026-02-07 13:58:37,139 [DEBUG] WellApp.volumes: calculate_volumes: старт расчёта, casings=3, bha=5
2026-02-07 13:58:37,139 [DEBUG] WellApp.volumes: calculate_volumes: завершено. V_casings=57.602, V_bha_int=16.972, V_bha_disp=33.890, V_annulus=23.712
2026-02-07 13:58:37,141 [DEBUG] WellApp.graphics: BHA элементов (снизу вверх): ['Drill Pipe L=2209.70, OD=127.0', 'Heavy Weight L=200.00, OD=139.7', 'Drill Collar L=80.00, OD=203.0', 'Mud Motor L=10.00, OD=172.0', 'Bit L=0.30, OD=215.9']
2026-02-07 13:58:37,146 [DEBUG] WellApp.gui: Расчёт объёмов и обновление схемы завершены успешно
2026-02-07 13:58:37,762 [DEBUG] WellApp.gui: Старт расчёта объёмов и построения схемы
2026-02-07 13:58:37,762 [DEBUG] WellApp.utils: compute_casing_params -> OD=244.500, ID=216.000, wall=14.250
2026-02-07 13:58:37,763 [DEBUG] WellApp.utils: compute_casing_params -> OD=177.800, ID=160.000, wall=8.900
2026-02-07 13:58:37,763 [WARNING] WellApp.geom: Casing 'Open Hole': ID >= OD (id=152.400 мм, od=152.400 мм) — проверьте данные
2026-02-07 13:58:37,763 [DEBUG] WellApp.gui: Суммарная MD конструкции: 2500.000 м
2026-02-07 13:58:37,763 [DEBUG] WellApp.gui: Передана глубина конструкции в BalanceTab: MD=2500.000 м
2026-02-07 13:58:37,764 [DEBUG] WellApp.gui: _get_md_tvd_points: собранo 4 точек MD–TVD
2026-02-07 13:58:37,764 [DEBUG] WellApp.gui: _get_md_tvd_points: собранo 4 точек MD–TVD
2026-02-07 13:58:37,764 [DEBUG] WellApp.gui: update_tvd_display: TVD=2353.86 м для MD=2500.0 м (конструкция=2500.0 м, max_MD_траектории=2500.0 м)
2026-02-07 13:58:37,764 [DEBUG] WellApp.utils: normalize_bha_name: 'Drill Pipe' -> 'Drill Pipe'
2026-02-07 13:58:37,764 [DEBUG] WellApp.utils: normalize_bha_name: 'Heavy Weight' -> 'Heavy Weight'
2026-02-07 13:58:37,764 [DEBUG] WellApp.utils: normalize_bha_name: 'Drill Collar' -> 'Drill Collar'
2026-02-07 13:58:37,764 [DEBUG] WellApp.utils: normalize_bha_name: 'Mud Motor' -> 'Mud Motor'
2026-02-07 13:58:37,765 [DEBUG] WellApp.utils: normalize_bha_name: 'Bit' -> 'Bit'
2026-02-07 13:58:37,765 [DEBUG] WellApp.gui: Добавлен Fluid: Раствор 1, Раствор, 1.2, <PyQt5.QtGui.QColor object at 0x000002752B68D390>
2026-02-07 13:58:37,765 [DEBUG] WellApp.gui: Добавлен Fluid: Раствор 2, Раствор, 1.5, <PyQt5.QtGui.QColor object at 0x000002752B68D5C0>
2026-02-07 13:58:37,765 [DEBUG] WellApp.gui: Добавлен Fluid: Цемент 3, Цемент, 1.2, <PyQt5.QtGui.QColor object at 0x000002752B68D630>
2026-02-07 13:58:37,765 [DEBUG] WellApp.gui: Добавлен Fluid: Цемент 4, Цемент, 1.2, <PyQt5.QtGui.QColor object at 0x000002752B68D7F0>
2026-02-07 13:58:37,765 [DEBUG] WellApp.gui: Итоговое содержимое fluids: ['Раствор 1', 'Раствор 2', 'Цемент 3', 'Цемент 4']
2026-02-07 13:58:37,766 [DEBUG] WellApp.volumes: calculate_volumes: старт расчёта, casings=3, bha=5
2026-02-07 13:58:37,766 [DEBUG] WellApp.volumes: calculate_volumes: завершено. V_casings=57.602, V_bha_int=16.972, V_bha_disp=33.890, V_annulus=23.712
2026-02-07 13:58:37,767 [DEBUG] WellApp.graphics: BHA элементов (снизу вверх): ['Drill Pipe L=2209.70, OD=127.0', 'Heavy Weight L=200.00, OD=139.7', 'Drill Collar L=80.00, OD=203.0', 'Mud Motor L=10.00, OD=172.0', 'Bit L=0.30, OD=215.9']
2026-02-07 13:58:37,772 [DEBUG] WellApp.gui: Расчёт объёмов и обновление схемы завершены успешно
2026-02-07 13:58:45,017 [DEBUG] WellApp.gui: Переключение на вкладку 'Равновесие'
2026-02-07 13:58:45,017 [DEBUG] WellApp.gui: populate_fluid_combos: обновлено 4 жидкостей
2026-02-07 13:58:45,018 [DEBUG] WellApp.gui: _get_md_tvd_points: собранo 4 точек MD–TVD
2026-02-07 13:58:45,018 [DEBUG] WellApp.gui: _get_md_tvd_points: собранo 4 точек MD–TVD
2026-02-07 13:58:45,018 [DEBUG] WellApp.gui: update_tvd_display: TVD=2353.86 м для MD=2500.0 м (конструкция=2500.0 м, max_MD_траектории=2500.0 м)
2026-02-07 13:58:56,053 [DEBUG] WellApp.gui: run_balance_calc: запуск
2026-02-07 13:58:56,053 [DEBUG] WellApp.gui: _get_md_tvd_points: собранo 4 точек MD–TVD
2026-02-07 13:58:56,054 [DEBUG] WellApp.gui: _get_md_tvd_points: собранo 4 точек MD–TVD
2026-02-07 13:58:56,054 [DEBUG] WellApp.gui: run_balance_calc: используем TVD=2353.86 м для MD конструкции=2500.0 м (max_MD_траектории=2500.0 м)
2026-02-07 13:58:56,054 [DEBUG] WellApp.gui: run_balance_calc: tubing=Раствор 1 (ρ=1.200), annulus=Цемент 3 (ρ=1.200)
2026-02-07 13:58:56,054 [DEBUG] WellApp.balance: === Запуск calculate_balance ===
2026-02-07 13:58:56,055 [DEBUG] WellApp.balance: Входные: P_res=20000000.0, max_tvd_m=None, D_tubing_mm=100.0, D_well_mm=200.0, D_knbk_mm=0.0, L_knbk_m=0.0
2026-02-07 13:58:56,055 [DEBUG] WellApp.balance: max_tvd_m взят из второго позиционного аргумента: 2353.86
2026-02-07 13:58:56,055 [DEBUG] WellApp.balance: Плотности: rho_t=1200.0, rho_a=1200.0
2026-02-07 13:58:56,055 [DEBUG] WellApp.balance: Требуемые высоты: h_req_t=1698.9466530750935, h_req_a=1698.9466530750935
2026-02-07 13:58:56,055 [DEBUG] WellApp.balance: Фактические высоты (с учётом TVD): h_t=1698.9466530750935, h_a=1698.9466530750935
2026-02-07 13:58:56,055 [DEBUG] WellApp.balance: Давления на пласте: p_t=20000000.0, p_a=20000000.0, diff_t=0.0, diff_a=0.0, diff_channels=0.0
2026-02-07 13:58:56,055 [DEBUG] WellApp.balance: Геометрия (м): D_t_id=0.1, D_w=0.2, D_k_od=0.0, L_knbk_m=0.0
2026-02-07 13:58:56,055 [DEBUG] WellApp.balance: Площадь трубы A_full=0.007853981633974483; V_t=13.343495810354202
2026-02-07 13:58:56,056 [DEBUG] WellApp.balance: Площадь затруба A_annulus=0.023561944901923454; V_a=40.03048743106262
2026-02-07 13:58:56,056 [DEBUG] WellApp.balance: === Расчёт calculate_balance завершён успешно ===
2026-02-07 13:58:56,056 [DEBUG] WellApp.gui: Результаты расчёта равновесия: h_t=1698.95, h_a=1698.95, V_t=13.343, V_a=40.030
2026-02-07 13:58:56,057 [DEBUG] WellApp.graphics: draw_fluids: нарисованы столбы h_t=1698.95 м, h_a=1698.95 м (bottom_y=2500.00, total_depth_md=2500.00)
2026-02-07 13:58:59,135 [DEBUG] WellApp.gui: run_balance_calc: запуск
2026-02-07 13:58:59,135 [DEBUG] WellApp.gui: _get_md_tvd_points: собранo 4 точек MD–TVD
2026-02-07 13:58:59,136 [DEBUG] WellApp.gui: _get_md_tvd_points: собранo 4 точек MD–TVD
2026-02-07 13:58:59,136 [DEBUG] WellApp.gui: run_balance_calc: используем TVD=2353.86 м для MD конструкции=2500.0 м (max_MD_траектории=2500.0 м)
2026-02-07 13:58:59,136 [DEBUG] WellApp.gui: run_balance_calc: tubing=Раствор 1 (ρ=1.200), annulus=Раствор 2 (ρ=1.500)
2026-02-07 13:58:59,137 [DEBUG] WellApp.balance: === Запуск calculate_balance ===
2026-02-07 13:58:59,137 [DEBUG] WellApp.balance: Входные: P_res=20000000.0, max_tvd_m=None, D_tubing_mm=100.0, D_well_mm=200.0, D_knbk_mm=0.0, L_knbk_m=0.0
2026-02-07 13:58:59,137 [DEBUG] WellApp.balance: max_tvd_m взят из второго позиционного аргумента: 2353.86
2026-02-07 13:58:59,137 [DEBUG] WellApp.balance: Плотности: rho_t=1200.0, rho_a=1500.0
2026-02-07 13:58:59,138 [DEBUG] WellApp.balance: Требуемые высоты: h_req_t=1698.9466530750935, h_req_a=1359.1573224600747
2026-02-07 13:58:59,138 [DEBUG] WellApp.balance: Фактические высоты (с учётом TVD): h_t=1698.9466530750935, h_a=1359.1573224600747
2026-02-07 13:58:59,138 [DEBUG] WellApp.balance: Давления на пласте: p_t=20000000.0, p_a=20000000.0, diff_t=0.0, diff_a=0.0, diff_channels=0.0
2026-02-07 13:58:59,139 [DEBUG] WellApp.balance: Геометрия (м): D_t_id=0.1, D_w=0.2, D_k_od=0.0, L_knbk_m=0.0
2026-02-07 13:58:59,139 [DEBUG] WellApp.balance: Площадь трубы A_full=0.007853981633974483; V_t=13.343495810354202
2026-02-07 13:58:59,139 [DEBUG] WellApp.balance: Площадь затруба A_annulus=0.023561944901923454; V_a=32.02438994485009
2026-02-07 13:58:59,139 [DEBUG] WellApp.balance: === Расчёт calculate_balance завершён успешно ===
2026-02-07 13:58:59,139 [DEBUG] WellApp.gui: Результаты расчёта равновесия: h_t=1698.95, h_a=1359.16, V_t=13.343, V_a=32.024
2026-02-07 13:58:59,140 [DEBUG] WellApp.graphics: draw_fluids: нарисованы столбы h_t=1698.95 м, h_a=1359.16 м (bottom_y=2500.00, total_depth_md=2500.00)
2026-02-07 13:59:18,662 [DEBUG] WellApp.gui: run_balance_calc: запуск
2026-02-07 13:59:18,662 [DEBUG] WellApp.gui: _get_md_tvd_points: собранo 4 точек MD–TVD
2026-02-07 13:59:18,662 [DEBUG] WellApp.gui: _get_md_tvd_points: собранo 4 точек MD–TVD
2026-02-07 13:59:18,662 [DEBUG] WellApp.gui: run_balance_calc: используем TVD=2353.86 м для MD конструкции=2500.0 м (max_MD_траектории=2500.0 м)
2026-02-07 13:59:18,663 [DEBUG] WellApp.gui: run_balance_calc: tubing=Раствор 1 (ρ=1.200), annulus=Цемент 3 (ρ=1.200)
2026-02-07 13:59:18,663 [DEBUG] WellApp.balance: === Запуск calculate_balance ===
2026-02-07 13:59:18,663 [DEBUG] WellApp.balance: Входные: P_res=20000000.0, max_tvd_m=None, D_tubing_mm=100.0, D_well_mm=200.0, D_knbk_mm=0.0, L_knbk_m=0.0
2026-02-07 13:59:18,663 [DEBUG] WellApp.balance: max_tvd_m взят из второго позиционного аргумента: 2353.86
2026-02-07 13:59:18,664 [DEBUG] WellApp.balance: Плотности: rho_t=1200.0, rho_a=1200.0
2026-02-07 13:59:18,664 [DEBUG] WellApp.balance: Требуемые высоты: h_req_t=1698.9466530750935, h_req_a=1698.9466530750935
2026-02-07 13:59:18,664 [DEBUG] WellApp.balance: Фактические высоты (с учётом TVD): h_t=1698.9466530750935, h_a=1698.9466530750935
2026-02-07 13:59:18,664 [DEBUG] WellApp.balance: Давления на пласте: p_t=20000000.0, p_a=20000000.0, diff_t=0.0, diff_a=0.0, diff_channels=0.0
2026-02-07 13:59:18,665 [DEBUG] WellApp.balance: Геометрия (м): D_t_id=0.1, D_w=0.2, D_k_od=0.0, L_knbk_m=0.0
2026-02-07 13:59:18,665 [DEBUG] WellApp.balance: Площадь трубы A_full=0.007853981633974483; V_t=13.343495810354202
2026-02-07 13:59:18,665 [DEBUG] WellApp.balance: Площадь затруба A_annulus=0.023561944901923454; V_a=40.03048743106262
2026-02-07 13:59:18,665 [DEBUG] WellApp.balance: === Расчёт calculate_balance завершён успешно ===
2026-02-07 13:59:18,665 [DEBUG] WellApp.gui: Результаты расчёта равновесия: h_t=1698.95, h_a=1698.95, V_t=13.343, V_a=40.030
2026-02-07 13:59:18,666 [DEBUG] WellApp.graphics: draw_fluids: нарисованы столбы h_t=1698.95 м, h_a=1698.95 м (bottom_y=2500.00, total_depth_md=2500.00)
2026-02-07 13:59:32,006 [DEBUG] WellApp.gui: Переключение на вкладку 'Равновесие'
2026-02-07 13:59:32,006 [DEBUG] WellApp.gui: populate_fluid_combos: обновлено 4 жидкостей
2026-02-07 13:59:32,007 [DEBUG] WellApp.gui: _get_md_tvd_points: собранo 4 точек MD–TVD
2026-02-07 13:59:32,007 [DEBUG] WellApp.gui: _get_md_tvd_points: собранo 4 точек MD–TVD
2026-02-07 13:59:32,007 [DEBUG] WellApp.gui: update_tvd_display: TVD=2353.86 м для MD=2500.0 м (конструкция=2500.0 м, max_MD_траектории=2500.0 м)
2026-02-07 14:08:24,355 [DEBUG] WellApp: Логгер WellApp настроен. Файл лога: C:\Users\pasha\OneDrive\Рабочий стол\WellLib\csg\program_debug.log
2026-02-07 14:08:24,373 [INFO] WellApp.gui: Запуск WellApp из csg.py
2026-02-07 14:08:24,402 [DEBUG] WellApp.gui: Инициализация WellApp
2026-02-07 14:08:24,404 [DEBUG] WellApp.graphics: BHA элементов (снизу вверх): []
2026-02-07 14:08:24,405 [DEBUG] WellApp.trajectory: Инициализация TrajectoryTab
2026-02-07 14:08:24,567 [DEBUG] WellApp.trajectory: Добавлена точка траектории, всего строк: 1
2026-02-07 14:08:24,569 [DEBUG] WellApp.gui: Инициализация BalanceTab
2026-02-07 14:08:24,579 [DEBUG] WellApp.gui: Инициализация вкладки 'Жидкости'
2026-02-07 14:08:24,581 [DEBUG] WellApp.gui: populate_fluid_combos: обновлено 1 жидкостей
2026-02-07 14:08:24,581 [DEBUG] WellApp.gui: Добавлена жидкость: Раствор 1, 1.2 г/см³, тип Раствор
2026-02-07 14:08:24,581 [DEBUG] WellApp.gui: populate_fluid_combos: обновлено 1 жидкостей
2026-02-07 14:08:24,581 [DEBUG] WellApp.gui: Инициализация вкладки 'Конструкция'
2026-02-07 14:08:24,583 [DEBUG] WellApp.gui: Добавлена строка колонны, всего строк: 1
2026-02-07 14:08:24,584 [DEBUG] WellApp.gui: Инициализация вкладки 'КНБК'
2026-02-07 14:08:24,584 [DEBUG] WellApp.gui: Добавлена строка КНБК, всего строк: 1
2026-02-07 14:08:24,585 [DEBUG] WellApp.gui: Инициализация вкладки 'Объёмы'
2026-02-07 14:08:28,757 [DEBUG] WellApp.gui: populate_fluid_combos: обновлено 2 жидкостей
2026-02-07 14:08:28,757 [DEBUG] WellApp.gui: Добавлена жидкость: Раствор 2, 1.2 г/см³, тип Раствор
2026-02-07 14:08:28,762 [DEBUG] WellApp.gui: populate_fluid_combos: обновлено 2 жидкостей
2026-02-07 14:08:28,763 [DEBUG] WellApp.gui: populate_fluid_combos: обновлено 2 жидкостей
2026-02-07 14:08:28,764 [DEBUG] WellApp.gui: populate_fluid_combos: обновлено 2 жидкостей
2026-02-07 14:08:29,540 [DEBUG] WellApp.gui: populate_fluid_combos: обновлено 3 жидкостей
2026-02-07 14:08:29,540 [DEBUG] WellApp.gui: Добавлена жидкость: Раствор 3, 1.2 г/см³, тип Раствор
2026-02-07 14:08:29,540 [DEBUG] WellApp.gui: populate_fluid_combos: обновлено 3 жидкостей
2026-02-07 14:08:29,541 [DEBUG] WellApp.gui: populate_fluid_combos: обновлено 3 жидкостей
2026-02-07 14:08:29,542 [DEBUG] WellApp.gui: populate_fluid_combos: обновлено 3 жидкостей
2026-02-07 14:08:33,895 [DEBUG] WellApp.gui: Изменён цвет жидкости #1 на #00aa00
2026-02-07 14:08:33,896 [DEBUG] WellApp.gui: populate_fluid_combos: обновлено 3 жидкостей
2026-02-07 14:08:33,896 [DEBUG] WellApp.gui: populate_fluid_combos: обновлено 3 жидкостей
2026-02-07 14:08:38,210 [DEBUG] WellApp.gui: Изменён цвет жидкости #2 на #00ff7f
2026-02-07 14:08:38,210 [DEBUG] WellApp.gui: populate_fluid_combos: обновлено 3 жидкостей
2026-02-07 14:08:38,210 [DEBUG] WellApp.gui: populate_fluid_combos: обновлено 3 жидкостей
2026-02-07 14:08:45,695 [DEBUG] WellApp.gui: Переключение на вкладку 'Равновесие'
2026-02-07 14:08:45,695 [DEBUG] WellApp.gui: populate_fluid_combos: обновлено 3 жидкостей
2026-02-07 14:08:45,696 [DEBUG] WellApp.gui: _get_md_tvd_points: собранo 1 точек MD–TVD
2026-02-07 14:08:45,696 [DEBUG] WellApp.gui: update_tvd_display: TVD=0.00 м по максимальной траектории (MD=0.0 м)
2026-02-07 14:08:50,193 [DEBUG] WellApp.gui: Переключение на вкладку 'Равновесие'
2026-02-07 14:08:50,193 [DEBUG] WellApp.gui: populate_fluid_combos: обновлено 3 жидкостей
2026-02-07 14:08:50,194 [DEBUG] WellApp.gui: _get_md_tvd_points: собранo 1 точек MD–TVD
2026-02-07 14:08:50,194 [DEBUG] WellApp.gui: update_tvd_display: TVD=0.00 м по максимальной траектории (MD=0.0 м)
2026-02-07 14:31:15,810 [DEBUG] WellApp: Логгер WellApp настроен. Файл лога: C:\Users\pasha\OneDrive\Рабочий стол\WellLib\csg\program_debug.log
2026-02-07 14:31:15,819 [INFO] WellApp.gui: Запуск WellApp из csg.py
2026-02-07 14:31:15,849 [DEBUG] WellApp.gui: Инициализация WellApp
2026-02-07 14:31:15,849 [INFO] WellApp.gui: Файл проектов не найден, начинаем с пустого ProjectStore
2026-02-07 14:31:15,854 [DEBUG] WellApp.graphics: BHA элементов (снизу вверх): []
2026-02-07 14:31:15,854 [DEBUG] WellApp.trajectory: Инициализация TrajectoryTab
2026-02-07 14:31:16,012 [DEBUG] WellApp.trajectory: Добавлена точка траектории, всего строк: 1
2026-02-07 14:31:16,013 [DEBUG] WellApp.gui: Инициализация BalanceTab
2026-02-07 14:31:16,030 [DEBUG] WellApp.gui: Инициализация вкладки 'Жидкости'
2026-02-07 14:31:16,031 [DEBUG] WellApp.gui: populate_fluid_combos: обновлено 1 жидкостей
2026-02-07 14:31:16,031 [DEBUG] WellApp.gui: Добавлена жидкость: Раствор 1, 1.2 г/см³, тип Раствор
2026-02-07 14:31:16,031 [DEBUG] WellApp.gui: populate_fluid_combos: обновлено 1 жидкостей
2026-02-07 14:31:16,032 [DEBUG] WellApp.gui: Инициализация вкладки 'Конструкция'
2026-02-07 14:31:16,034 [DEBUG] WellApp.gui: Добавлена строка колонны, всего строк: 1
2026-02-07 14:31:16,034 [DEBUG] WellApp.gui: Инициализация вкладки 'КНБК'
2026-02-07 14:31:16,035 [DEBUG] WellApp.gui: Добавлена строка КНБК, всего строк: 1
2026-02-07 14:31:16,035 [DEBUG] WellApp.gui: Инициализация вкладки 'Объёмы'
2026-02-07 14:32:17,165 [INFO] WellApp.gui: Проекты сохранены в C:\Users\pasha\OneDrive\Рабочий стол\WellLib\csg\projects.json
2026-02-07 14:32:37,019 [DEBUG] WellApp.gui: _get_md_tvd_points: собранo 1 точек MD–TVD
2026-02-07 14:32:37,020 [DEBUG] WellApp.gui: update_tvd_display: TVD=1000.00 м по максимальной траектории (MD=1000.0 м)
2026-02-07 14:32:52,559 [INFO] WellApp.gui: Проекты сохранены в C:\Users\pasha\OneDrive\Рабочий стол\WellLib\csg\projects.json
2026-02-07 14:52:56,199 [DEBUG] WellApp: Логгер WellApp настроен. Файл лога: C:\Users\pasha\OneDrive\Рабочий стол\WellLib\csg\program_debug.log
2026-02-07 14:52:56,219 [INFO] WellApp.gui: Запуск WellApp из csg.py
2026-02-07 14:52:56,250 [DEBUG] WellApp.gui: Инициализация WellApp
2026-02-07 14:52:56,262 [INFO] WellApp.gui: ProjectStore: загружено проектов: 2
2026-02-07 14:52:56,264 [DEBUG] WellApp.graphics: BHA элементов (снизу вверх): []
2026-02-07 14:52:56,265 [DEBUG] WellApp.trajectory: Инициализация TrajectoryTab
2026-02-07 14:52:56,438 [DEBUG] WellApp.trajectory: Добавлена точка траектории, всего строк: 1
2026-02-07 14:52:56,440 [DEBUG] WellApp.gui: Инициализация BalanceTab
2026-02-07 14:52:56,451 [DEBUG] WellApp.gui: Инициализация вкладки 'Жидкости'
2026-02-07 14:52:56,452 [DEBUG] WellApp.gui: populate_fluid_combos: обновлено 1 жидкостей
2026-02-07 14:52:56,452 [DEBUG] WellApp.gui: Добавлена жидкость: Раствор 1, 1.2 г/см³, тип Раствор
2026-02-07 14:52:56,452 [DEBUG] WellApp.gui: populate_fluid_combos: обновлено 1 жидкостей
2026-02-07 14:52:56,452 [DEBUG] WellApp.gui: Инициализация вкладки 'Конструкция'
2026-02-07 14:52:56,454 [DEBUG] WellApp.gui: Добавлена строка колонны, всего строк: 1
2026-02-07 14:52:56,455 [DEBUG] WellApp.gui: Инициализация вкладки 'КНБК'
2026-02-07 14:52:56,455 [DEBUG] WellApp.gui: Добавлена строка КНБК, всего строк: 1
2026-02-07 14:52:56,456 [DEBUG] WellApp.gui: Инициализация вкладки 'Объёмы'
2026-02-07 14:53:15,435 [DEBUG] WellApp.gui: open_project_manager: выбран путь кейса (0, 0, 0, 0)
2026-02-07 14:53:15,436 [INFO] WellApp.gui: ProjectStore: сохранено 2 проектов в C:\Users\pasha\OneDrive\Рабочий стол\WellLib\csg\projects.json
2026-02-07 14:53:24,093 [DEBUG] WellApp.gui: _get_md_tvd_points: собранo 1 точек MD–TVD
2026-02-07 14:53:24,093 [DEBUG] WellApp.gui: update_tvd_display: TVD=1000.00 м по максимальной траектории (MD=1000.0 м)
2026-02-07 14:53:27,294 [INFO] WellApp.gui: ProjectStore: сохранено 2 проектов в C:\Users\pasha\OneDrive\Рабочий стол\WellLib\csg\projects.json
2026-02-07 14:53:28,355 [INFO] WellApp.gui: Кейс «тест кейс» сохранён по пути (0, 0, 0, 0)
2026-02-07 14:53:30,862 [DEBUG] WellApp: Логгер WellApp настроен. Файл лога: C:\Users\pasha\OneDrive\Рабочий стол\WellLib\csg\program_debug.log
2026-02-07 14:53:30,880 [INFO] WellApp.gui: Запуск WellApp из csg.py
2026-02-07 14:53:30,911 [DEBUG] WellApp.gui: Инициализация WellApp
2026-02-07 14:53:30,922 [INFO] WellApp.gui: ProjectStore: загружено проектов: 2
2026-02-07 14:53:30,924 [DEBUG] WellApp.graphics: BHA элементов (снизу вверх): []
2026-02-07 14:53:30,925 [DEBUG] WellApp.trajectory: Инициализация TrajectoryTab
2026-02-07 14:53:31,082 [DEBUG] WellApp.trajectory: Добавлена точка траектории, всего строк: 1
2026-02-07 14:53:31,084 [DEBUG] WellApp.gui: Инициализация BalanceTab
2026-02-07 14:53:31,093 [DEBUG] WellApp.gui: Инициализация вкладки 'Жидкости'
2026-02-07 14:53:31,095 [DEBUG] WellApp.gui: populate_fluid_combos: обновлено 1 жидкостей
2026-02-07 14:53:31,096 [DEBUG] WellApp.gui: Добавлена жидкость: Раствор 1, 1.2 г/см³, тип Раствор
2026-02-07 14:53:31,096 [DEBUG] WellApp.gui: populate_fluid_combos: обновлено 1 жидкостей
2026-02-07 14:53:31,096 [DEBUG] WellApp.gui: Инициализация вкладки 'Конструкция'
2026-02-07 14:53:31,098 [DEBUG] WellApp.gui: Добавлена строка колонны, всего строк: 1
2026-02-07 14:53:31,099 [DEBUG] WellApp.gui: Инициализация вкладки 'КНБК'
2026-02-07 14:53:31,099 [DEBUG] WellApp.gui: Добавлена строка КНБК, всего строк: 1
2026-02-07 14:53:31,100 [DEBUG] WellApp.gui: Инициализация вкладки 'Объёмы'
2026-02-07 14:53:38,776 [DEBUG] WellApp.gui: open_project_manager: выбран путь кейса (0, 0, 0, 0)
2026-02-07 14:53:38,782 [DEBUG] WellApp.gui: _get_md_tvd_points: собранo 1 точек MD–TVD
2026-02-07 14:53:38,782 [DEBUG] WellApp.gui: update_tvd_display: TVD=1000.00 м по максимальной траектории (MD=1000.0 м)
2026-02-07 14:53:38,782 [DEBUG] WellApp.gui: populate_fluid_combos: обновлено 1 жидкостей
2026-02-07 14:53:38,783 [DEBUG] WellApp.gui: Старт расчёта объёмов и построения схемы
2026-02-07 14:53:38,783 [ERROR] WellApp.gui: Ошибка в calculate_and_plot
Traceback (most recent call last):
  File "C:\Users\pasha\OneDrive\Рабочий стол\WellLib\csg\csg.py", line 1107, in calculate_and_plot
    od, id_, wall = compute_casing_params(od, id_, wall)
                    ~~~~~~~~~~~~~~~~~~~~~^^^^^^^^^^^^^^^
  File "C:\Users\pasha\OneDrive\Рабочий стол\WellLib\csg\well_utils.py", line 23, in compute_casing_params
    raise ValueError("Нужно указать минимум два параметра (OD/ID/толщина).")
ValueError: Нужно указать минимум два параметра (OD/ID/толщина).
2026-02-07 16:55:19,103 [DEBUG] WellApp: Логгер WellApp настроен. Файл лога: C:\Users\pasha\OneDrive\Рабочий стол\WellLib\csg\program_debug.log
2026-02-07 16:55:19,123 [INFO] WellApp.gui: Запуск WellApp из csg.py
2026-02-07 16:55:19,157 [DEBUG] WellApp.gui: Инициализация WellApp
2026-02-07 16:55:19,157 [INFO] WellApp.gui: ProjectStore: загружено проектов: 2
2026-02-07 16:55:19,159 [DEBUG] WellApp.graphics: BHA элементов (снизу вверх): []
2026-02-07 16:55:19,159 [DEBUG] WellApp.trajectory: Инициализация TrajectoryTab
2026-02-07 16:55:19,316 [DEBUG] WellApp.trajectory: Добавлена точка траектории, всего строк: 1
2026-02-07 16:55:19,318 [DEBUG] WellApp.gui: Инициализация BalanceTab
2026-02-07 16:55:19,330 [DEBUG] WellApp.gui: Инициализация вкладки 'Жидкости'
2026-02-07 16:55:19,332 [DEBUG] WellApp.gui: populate_fluid_combos: обновлено 1 жидкостей
2026-02-07 16:55:19,332 [DEBUG] WellApp.gui: Добавлена жидкость: Раствор 1, 1.2 г/см³, тип Раствор
2026-02-07 16:55:19,332 [DEBUG] WellApp.gui: populate_fluid_combos: обновлено 1 жидкостей
2026-02-07 16:55:19,332 [DEBUG] WellApp.gui: Инициализация вкладки 'Конструкция'
2026-02-07 16:55:19,334 [DEBUG] WellApp.gui: Добавлена строка колонны, всего строк: 1
2026-02-07 16:55:19,334 [DEBUG] WellApp.gui: Инициализация вкладки 'КНБК'
2026-02-07 16:55:19,335 [DEBUG] WellApp.gui: Добавлена строка КНБК, всего строк: 1
2026-02-07 16:55:19,335 [DEBUG] WellApp.gui: Инициализация вкладки 'Объёмы'
2026-02-07 16:55:30,784 [DEBUG] WellApp.gui: open_project_manager: выбран путь кейса (0, 0, 0, 0)
2026-02-07 16:55:30,785 [DEBUG] WellApp.gui: _get_md_tvd_points: собранo 1 точек MD–TVD
2026-02-07 16:55:30,785 [DEBUG] WellApp.gui: update_tvd_display: TVD=1000.00 м по максимальной траектории (MD=1000.0 м)
2026-02-07 16:55:30,785 [DEBUG] WellApp.gui: populate_fluid_combos: обновлено 1 жидкостей
2026-02-07 16:55:30,785 [DEBUG] WellApp.gui: Старт расчёта объёмов и построения схемы
2026-02-07 16:55:30,786 [ERROR] WellApp.gui: Ошибка в calculate_and_plot
Traceback (most recent call last):
  File "C:\Users\pasha\OneDrive\Рабочий стол\WellLib\csg\csg.py", line 1107, in calculate_and_plot
    od, id_, wall = compute_casing_params(od, id_, wall)
                    ~~~~~~~~~~~~~~~~~~~~~^^^^^^^^^^^^^^^
  File "C:\Users\pasha\OneDrive\Рабочий стол\WellLib\csg\well_utils.py", line 23, in compute_casing_params
    raise ValueError("Нужно указать минимум два параметра (OD/ID/толщина).")
ValueError: Нужно указать минимум два параметра (OD/ID/толщина).
2026-02-07 18:52:05,188 [DEBUG] WellApp: Логгер WellApp настроен. Файл лога: C:\Users\pasha\OneDrive\Рабочий стол\WellLib\csg\program_debug.log
2026-02-07 18:52:05,208 [INFO] WellApp.gui: Запуск WellApp из csg.py
2026-02-07 18:52:05,238 [DEBUG] WellApp.gui: Инициализация WellApp
2026-02-07 18:52:05,240 [DEBUG] WellApp.graphics: BHA элементов (снизу вверх): []
2026-02-07 18:52:05,240 [DEBUG] WellApp.trajectory: Инициализация TrajectoryTab
2026-02-07 18:52:05,403 [DEBUG] WellApp.trajectory: Добавлена точка траектории, всего строк: 1
2026-02-07 18:52:05,405 [DEBUG] WellApp.gui: Инициализация BalanceTab
2026-02-07 18:52:05,414 [DEBUG] WellApp.gui: Инициализация вкладки 'Жидкости'
2026-02-07 18:52:05,416 [DEBUG] WellApp.gui: populate_fluid_combos: обновлено 1 жидкостей
2026-02-07 18:52:05,416 [DEBUG] WellApp.gui: Добавлена жидкость: Раствор 1, 1.2 г/см³, тип Раствор
2026-02-07 18:52:05,416 [DEBUG] WellApp.gui: populate_fluid_combos: обновлено 1 жидкостей
2026-02-07 18:52:05,416 [DEBUG] WellApp.gui: Инициализация вкладки 'Конструкция'
2026-02-07 18:52:05,418 [DEBUG] WellApp.gui: Добавлена строка колонны, всего строк: 1
2026-02-07 18:52:05,419 [DEBUG] WellApp.gui: Инициализация вкладки 'КНБК'
2026-02-07 18:52:05,419 [DEBUG] WellApp.gui: Добавлена строка КНБК, всего строк: 1
2026-02-07 18:52:05,420 [DEBUG] WellApp.gui: Инициализация вкладки 'Объёмы'
2026-02-07 19:05:16,802 [DEBUG] WellApp: Логгер WellApp настроен. Файл лога: C:\Users\pasha\OneDrive\Рабочий стол\WellLib\csg\program_debug.log
2026-02-07 19:05:16,823 [INFO] WellApp.gui: Запуск WellApp из csg.py
2026-02-07 19:05:16,855 [DEBUG] WellApp.gui: Инициализация WellApp
2026-02-07 19:05:16,857 [DEBUG] WellApp.graphics: BHA элементов (снизу вверх): []
2026-02-07 19:05:16,858 [DEBUG] WellApp.trajectory: Инициализация TrajectoryTab
2026-02-07 19:05:17,026 [DEBUG] WellApp.trajectory: Добавлена точка траектории, всего строк: 1
2026-02-07 19:05:17,028 [DEBUG] WellApp.gui: Инициализация BalanceTab
2026-02-07 19:05:17,043 [DEBUG] WellApp.gui: Инициализация вкладки 'Жидкости'
2026-02-07 19:05:17,045 [DEBUG] WellApp.gui: populate_fluid_combos: обновлено 1 жидкостей
2026-02-07 19:05:17,045 [DEBUG] WellApp.gui: Добавлена жидкость: Раствор 1, 1.2 г/см³, тип Раствор
2026-02-07 19:05:17,045 [DEBUG] WellApp.gui: populate_fluid_combos: обновлено 1 жидкостей
2026-02-07 19:05:17,045 [DEBUG] WellApp.gui: Инициализация вкладки 'Конструкция'
2026-02-07 19:05:17,047 [DEBUG] WellApp.gui: Добавлена строка колонны, всего строк: 1
2026-02-07 19:05:17,048 [DEBUG] WellApp.gui: Инициализация вкладки 'КНБК'
2026-02-07 19:05:17,048 [DEBUG] WellApp.gui: Добавлена строка КНБК, всего строк: 1
2026-02-07 19:05:17,049 [DEBUG] WellApp.gui: Инициализация вкладки 'Объёмы'
2026-02-07 19:05:57,984 [INFO] WellApp.gui: Кейс сохранён: C:\Users\pasha\OneDrive\Рабочий стол\WellLib\csg\cases\тест проект\тест мр\1 тест\123 тест.json
2026-02-07 19:06:04,629 [DEBUG] WellApp.gui: _get_md_tvd_points: собранo 1 точек MD–TVD
2026-02-07 19:06:04,629 [DEBUG] WellApp.gui: update_tvd_display: TVD=1000.00 м по максимальной траектории (MD=1000.0 м)
2026-02-07 19:06:06,329 [INFO] WellApp.gui: Кейс сохранён: C:\Users\pasha\OneDrive\Рабочий стол\WellLib\csg\cases\тест проект\тест мр\1 тест\123 тест.json
2026-02-07 19:06:11,034 [DEBUG] WellApp: Логгер WellApp настроен. Файл лога: C:\Users\pasha\OneDrive\Рабочий стол\WellLib\csg\program_debug.log
2026-02-07 19:06:11,054 [INFO] WellApp.gui: Запуск WellApp из csg.py
2026-02-07 19:06:11,084 [DEBUG] WellApp.gui: Инициализация WellApp
2026-02-07 19:06:11,086 [DEBUG] WellApp.graphics: BHA элементов (снизу вверх): []
2026-02-07 19:06:11,087 [DEBUG] WellApp.trajectory: Инициализация TrajectoryTab
2026-02-07 19:06:11,244 [DEBUG] WellApp.trajectory: Добавлена точка траектории, всего строк: 1
2026-02-07 19:06:11,246 [DEBUG] WellApp.gui: Инициализация BalanceTab
2026-02-07 19:06:11,256 [DEBUG] WellApp.gui: Инициализация вкладки 'Жидкости'
2026-02-07 19:06:11,258 [DEBUG] WellApp.gui: populate_fluid_combos: обновлено 1 жидкостей
2026-02-07 19:06:11,258 [DEBUG] WellApp.gui: Добавлена жидкость: Раствор 1, 1.2 г/см³, тип Раствор
2026-02-07 19:06:11,258 [DEBUG] WellApp.gui: populate_fluid_combos: обновлено 1 жидкостей
2026-02-07 19:06:11,258 [DEBUG] WellApp.gui: Инициализация вкладки 'Конструкция'
2026-02-07 19:06:11,262 [DEBUG] WellApp.gui: Добавлена строка колонны, всего строк: 1
2026-02-07 19:06:11,262 [DEBUG] WellApp.gui: Инициализация вкладки 'КНБК'
2026-02-07 19:06:11,263 [DEBUG] WellApp.gui: Добавлена строка КНБК, всего строк: 1
2026-02-07 19:06:11,263 [DEBUG] WellApp.gui: Инициализация вкладки 'Объёмы'
2026-02-07 19:06:15,477 [INFO] WellApp.gui: Загрузка кейса: C:\Users\pasha\OneDrive\Рабочий стол\WellLib\csg\cases\тест проект\тест мр\1 тест\123 тест.json
2026-02-07 19:06:15,478 [DEBUG] WellApp.trajectory: Добавлена точка траектории, всего строк: 1
2026-02-07 19:06:15,478 [DEBUG] WellApp.gui: _get_md_tvd_points: собранo 1 точек MD–TVD
2026-02-07 19:06:15,478 [DEBUG] WellApp.gui: update_tvd_display: TVD=0.00 м по максимальной траектории (MD=0.0 м)
2026-02-07 19:06:15,478 [DEBUG] WellApp.gui: Добавлена строка колонны, всего строк: 1
2026-02-07 19:06:15,479 [DEBUG] WellApp.gui: Добавлена строка КНБК, всего строк: 1
2026-02-07 19:06:15,479 [DEBUG] WellApp.gui: populate_fluid_combos: обновлено 1 жидкостей
2026-02-07 19:06:15,479 [DEBUG] WellApp.gui: Добавлена жидкость: Раствор 1, 1.2 г/см³, тип Раствор
2026-02-07 19:06:15,479 [DEBUG] WellApp.gui: _get_md_tvd_points: собранo 1 точек MD–TVD
2026-02-07 19:06:15,479 [DEBUG] WellApp.gui: update_tvd_display: TVD=0.00 м по максимальной траектории (MD=0.0 м)
2026-02-07 19:06:15,480 [DEBUG] WellApp.gui: _get_md_tvd_points: собранo 1 точек MD–TVD
2026-02-07 19:06:15,480 [DEBUG] WellApp.gui: update_tvd_display: TVD=1000.00 м по максимальной траектории (MD=1000.0 м)
2026-02-07 19:06:15,480 [DEBUG] WellApp.gui: populate_fluid_combos: обновлено 1 жидкостей
2026-02-07 19:06:15,480 [DEBUG] WellApp.gui: _get_md_tvd_points: собранo 1 точек MD–TVD
2026-02-07 19:06:15,480 [DEBUG] WellApp.gui: update_tvd_display: TVD=1000.00 м по максимальной траектории (MD=1000.0 м)
2026-02-07 19:06:22,127 [DEBUG] WellApp: Логгер WellApp настроен. Файл лога: C:\Users\pasha\OneDrive\Рабочий стол\WellLib\csg\program_debug.log
2026-02-07 19:06:22,146 [INFO] WellApp.gui: Запуск WellApp из csg.py
2026-02-07 19:06:22,183 [DEBUG] WellApp.gui: Инициализация WellApp
2026-02-07 19:06:22,185 [DEBUG] WellApp.graphics: BHA элементов (снизу вверх): []
2026-02-07 19:06:22,186 [DEBUG] WellApp.trajectory: Инициализация TrajectoryTab
2026-02-07 19:06:22,347 [DEBUG] WellApp.trajectory: Добавлена точка траектории, всего строк: 1
2026-02-07 19:06:22,349 [DEBUG] WellApp.gui: Инициализация BalanceTab
2026-02-07 19:06:22,360 [DEBUG] WellApp.gui: Инициализация вкладки 'Жидкости'
2026-02-07 19:06:22,362 [DEBUG] WellApp.gui: populate_fluid_combos: обновлено 1 жидкостей
2026-02-07 19:06:22,362 [DEBUG] WellApp.gui: Добавлена жидкость: Раствор 1, 1.2 г/см³, тип Раствор
2026-02-07 19:06:22,363 [DEBUG] WellApp.gui: populate_fluid_combos: обновлено 1 жидкостей
2026-02-07 19:06:22,363 [DEBUG] WellApp.gui: Инициализация вкладки 'Конструкция'
2026-02-07 19:06:22,365 [DEBUG] WellApp.gui: Добавлена строка колонны, всего строк: 1
2026-02-07 19:06:22,365 [DEBUG] WellApp.gui: Инициализация вкладки 'КНБК'
2026-02-07 19:06:22,366 [DEBUG] WellApp.gui: Добавлена строка КНБК, всего строк: 1
2026-02-07 19:06:22,366 [DEBUG] WellApp.gui: Инициализация вкладки 'Объёмы'
2026-02-07 19:06:30,653 [INFO] WellApp.gui: Загрузка кейса: C:\Users\pasha\OneDrive\Рабочий стол\WellLib\csg\cases\тест проект\тест мр\1 тест\123 тест.json
2026-02-07 19:06:30,653 [DEBUG] WellApp.trajectory: Добавлена точка траектории, всего строк: 1
2026-02-07 19:06:30,654 [DEBUG] WellApp.gui: _get_md_tvd_points: собранo 1 точек MD–TVD
2026-02-07 19:06:30,654 [DEBUG] WellApp.gui: update_tvd_display: TVD=0.00 м по максимальной траектории (MD=0.0 м)
2026-02-07 19:06:30,654 [DEBUG] WellApp.gui: Добавлена строка колонны, всего строк: 1
2026-02-07 19:06:30,654 [DEBUG] WellApp.gui: Добавлена строка КНБК, всего строк: 1
2026-02-07 19:06:30,654 [DEBUG] WellApp.gui: populate_fluid_combos: обновлено 1 жидкостей
2026-02-07 19:06:30,655 [DEBUG] WellApp.gui: Добавлена жидкость: Раствор 1, 1.2 г/см³, тип Раствор
2026-02-07 19:06:30,655 [DEBUG] WellApp.gui: _get_md_tvd_points: собранo 1 точек MD–TVD
2026-02-07 19:06:30,655 [DEBUG] WellApp.gui: update_tvd_display: TVD=0.00 м по максимальной траектории (MD=0.0 м)
2026-02-07 19:06:30,655 [DEBUG] WellApp.gui: _get_md_tvd_points: собранo 1 точек MD–TVD
2026-02-07 19:06:30,655 [DEBUG] WellApp.gui: update_tvd_display: TVD=1000.00 м по максимальной траектории (MD=1000.0 м)
2026-02-07 19:06:30,655 [DEBUG] WellApp.gui: populate_fluid_combos: обновлено 1 жидкостей
2026-02-07 19:06:30,655 [DEBUG] WellApp.gui: _get_md_tvd_points: собранo 1 точек MD–TVD
2026-02-07 19:06:30,655 [DEBUG] WellApp.gui: update_tvd_display: TVD=1000.00 м по максимальной траектории (MD=1000.0 м)
2026-02-07 19:13:53,622 [DEBUG] WellApp: Логгер WellApp настроен. Файл лога: C:\Users\pasha\OneDrive\Рабочий стол\WellLib\csg\program_debug.log
2026-02-07 19:13:53,643 [INFO] WellApp.gui: Запуск WellApp из csg.py
2026-02-07 19:13:53,674 [DEBUG] WellApp.gui: Инициализация WellApp
2026-02-07 19:13:53,676 [DEBUG] WellApp.graphics: BHA элементов (снизу вверх): []
2026-02-07 19:13:53,677 [DEBUG] WellApp.trajectory: Инициализация TrajectoryTab
2026-02-07 19:13:53,825 [DEBUG] WellApp.trajectory: Добавлена точка траектории, всего строк: 1
2026-02-07 19:13:53,827 [DEBUG] WellApp.gui: Инициализация BalanceTab
2026-02-07 19:13:53,837 [DEBUG] WellApp.gui: Инициализация вкладки 'Жидкости'
2026-02-07 19:13:53,839 [DEBUG] WellApp.gui: populate_fluid_combos: обновлено 1 жидкостей
2026-02-07 19:13:53,839 [DEBUG] WellApp.gui: Добавлена жидкость: Раствор 1, 1.2 г/см³, тип Раствор
2026-02-07 19:13:53,839 [DEBUG] WellApp.gui: populate_fluid_combos: обновлено 1 жидкостей
2026-02-07 19:13:53,839 [DEBUG] WellApp.gui: Инициализация вкладки 'Конструкция'
2026-02-07 19:13:53,842 [DEBUG] WellApp.gui: Добавлена строка колонны, всего строк: 1
2026-02-07 19:13:53,842 [DEBUG] WellApp.gui: Инициализация вкладки 'КНБК'
2026-02-07 19:13:53,843 [DEBUG] WellApp.gui: Добавлена строка КНБК, всего строк: 1
2026-02-07 19:13:53,843 [DEBUG] WellApp.gui: Инициализация вкладки 'Объёмы'
2026-02-07 19:13:58,430 [INFO] WellApp.gui: Загрузка кейса: C:\Users\pasha\OneDrive\Рабочий стол\WellLib\csg\cases\тест проект\тест мр\1 тест\123 тест.json
2026-02-07 19:13:58,430 [DEBUG] WellApp.trajectory: Добавлена точка траектории, всего строк: 1
2026-02-07 19:13:58,431 [DEBUG] WellApp.gui: _get_md_tvd_points: собранo 1 точек MD–TVD
2026-02-07 19:13:58,431 [DEBUG] WellApp.gui: update_tvd_display: TVD=0.00 м по максимальной траектории (MD=0.0 м)
2026-02-07 19:13:58,431 [DEBUG] WellApp.gui: Добавлена строка колонны, всего строк: 1
2026-02-07 19:13:58,431 [DEBUG] WellApp.gui: Добавлена строка КНБК, всего строк: 1
2026-02-07 19:13:58,431 [DEBUG] WellApp.gui: populate_fluid_combos: обновлено 1 жидкостей
2026-02-07 19:13:58,432 [DEBUG] WellApp.gui: Добавлена жидкость: Раствор 1, 1.2 г/см³, тип Раствор
2026-02-07 19:13:58,432 [DEBUG] WellApp.gui: _get_md_tvd_points: собранo 1 точек MD–TVD
2026-02-07 19:13:58,432 [DEBUG] WellApp.gui: update_tvd_display: TVD=0.00 м по максимальной траектории (MD=0.0 м)
2026-02-07 19:13:58,432 [DEBUG] WellApp.gui: _get_md_tvd_points: собранo 1 точек MD–TVD
2026-02-07 19:13:58,432 [DEBUG] WellApp.gui: update_tvd_display: TVD=1000.00 м по максимальной траектории (MD=1000.0 м)
2026-02-07 19:13:58,432 [DEBUG] WellApp.gui: populate_fluid_combos: обновлено 1 жидкостей
2026-02-07 19:13:58,433 [DEBUG] WellApp.gui: _get_md_tvd_points: собранo 1 точек MD–TVD
2026-02-07 19:13:58,433 [DEBUG] WellApp.gui: update_tvd_display: TVD=1000.00 м по максимальной траектории (MD=1000.0 м)
2026-02-07 19:13:58,433 [DEBUG] WellApp.utils: normalize_bha_name: 'УБТ' -> 'Heavy Weight'
2026-02-07 19:13:58,434 [DEBUG] WellApp.graphics: BHA элементов (снизу вверх): []
2026-02-07 19:13:58,441 [DEBUG] WellApp.gui: populate_fluid_combos: обновлено 1 жидкостей
2026-02-07 19:13:58,442 [DEBUG] WellApp.gui: populate_fluid_combos: обновлено 1 жидкостей
2026-02-07 19:13:58,442 [DEBUG] WellApp.gui: populate_fluid_combos: обновлено 1 жидкостей
2026-02-07 19:13:58,443 [DEBUG] WellApp.gui: populate_fluid_combos: обновлено 1 жидкостей
2026-02-07 19:14:03,161 [INFO] WellApp.gui: Кейс сохранён: C:\Users\pasha\OneDrive\Рабочий стол\WellLib\csg\cases\тест проект\тест мр\1 тест\123 тест.json
2026-02-07 19:14:27,649 [INFO] WellApp.gui: Новый кейс (файл ещё не существует): C:\Users\pasha\OneDrive\Рабочий стол\WellLib\csg\cases\тест проект\123\444\555.json
2026-02-07 19:14:27,649 [DEBUG] WellApp.trajectory: Добавлена точка траектории, всего строк: 1
2026-02-07 19:14:27,649 [DEBUG] WellApp.gui: _get_md_tvd_points: собранo 1 точек MD–TVD
2026-02-07 19:14:27,649 [DEBUG] WellApp.gui: update_tvd_display: TVD=0.00 м по максимальной траектории (MD=0.0 м)
2026-02-07 19:14:27,649 [DEBUG] WellApp.gui: Добавлена строка колонны, всего строк: 1
2026-02-07 19:14:27,650 [DEBUG] WellApp.gui: Добавлена строка КНБК, всего строк: 1
2026-02-07 19:14:27,650 [DEBUG] WellApp.gui: populate_fluid_combos: обновлено 1 жидкостей
2026-02-07 19:14:27,650 [DEBUG] WellApp.gui: Добавлена жидкость: Раствор 1, 1.2 г/см³, тип Раствор
2026-02-07 19:14:27,650 [DEBUG] WellApp.gui: _get_md_tvd_points: собранo 1 точек MD–TVD
2026-02-07 19:14:27,650 [DEBUG] WellApp.gui: update_tvd_display: TVD=0.00 м по максимальной траектории (MD=0.0 м)
2026-02-07 19:14:27,658 [DEBUG] WellApp.gui: populate_fluid_combos: обновлено 1 жидкостей
2026-02-07 19:14:27,658 [DEBUG] WellApp.gui: populate_fluid_combos: обновлено 1 жидкостей
2026-02-07 19:14:27,659 [DEBUG] WellApp.gui: populate_fluid_combos: обновлено 1 жидкостей
2026-02-07 19:14:32,098 [DEBUG] WellApp.gui: _get_md_tvd_points: собранo 1 точек MD–TVD
2026-02-07 19:14:32,098 [DEBUG] WellApp.gui: update_tvd_display: TVD=1234.00 м по максимальной траектории (MD=1234.0 м)
2026-02-07 19:14:32,998 [INFO] WellApp.gui: Кейс сохранён: C:\Users\pasha\OneDrive\Рабочий стол\WellLib\csg\cases\тест проект\123\444\555.json
2026-02-07 19:14:35,495 [INFO] WellApp.gui: Кейс сохранён: C:\Users\pasha\OneDrive\Рабочий стол\WellLib\csg\cases\тест проект\123\444\555.json
2026-02-07 19:14:44,931 [INFO] WellApp.gui: Загрузка кейса: C:\Users\pasha\OneDrive\Рабочий стол\WellLib\csg\cases\тест проект\тест мр\1 тест\123 тест.json
2026-02-07 19:14:44,932 [DEBUG] WellApp.trajectory: Добавлена точка траектории, всего строк: 1
2026-02-07 19:14:44,932 [DEBUG] WellApp.gui: _get_md_tvd_points: собранo 1 точек MD–TVD
2026-02-07 19:14:44,932 [DEBUG] WellApp.gui: update_tvd_display: TVD=0.00 м по максимальной траектории (MD=0.0 м)
2026-02-07 19:14:44,932 [DEBUG] WellApp.gui: Добавлена строка колонны, всего строк: 1
2026-02-07 19:14:44,933 [DEBUG] WellApp.gui: Добавлена строка КНБК, всего строк: 1
2026-02-07 19:14:44,933 [DEBUG] WellApp.gui: populate_fluid_combos: обновлено 1 жидкостей
2026-02-07 19:14:44,933 [DEBUG] WellApp.gui: Добавлена жидкость: Раствор 1, 1.2 г/см³, тип Раствор
2026-02-07 19:14:44,933 [DEBUG] WellApp.gui: _get_md_tvd_points: собранo 1 точек MD–TVD
2026-02-07 19:14:44,933 [DEBUG] WellApp.gui: update_tvd_display: TVD=0.00 м по максимальной траектории (MD=0.0 м)
2026-02-07 19:14:44,933 [DEBUG] WellApp.gui: _get_md_tvd_points: собранo 1 точек MD–TVD
2026-02-07 19:14:44,933 [DEBUG] WellApp.gui: update_tvd_display: TVD=1000.00 м по максимальной траектории (MD=1000.0 м)
2026-02-07 19:14:44,933 [DEBUG] WellApp.gui: populate_fluid_combos: обновлено 1 жидкостей
2026-02-07 19:14:44,934 [DEBUG] WellApp.gui: _get_md_tvd_points: собранo 1 точек MD–TVD
2026-02-07 19:14:44,934 [DEBUG] WellApp.gui: update_tvd_display: TVD=1000.00 м по максимальной траектории (MD=1000.0 м)
2026-02-07 19:14:44,934 [DEBUG] WellApp.utils: normalize_bha_name: 'УБТ' -> 'Heavy Weight'
2026-02-07 19:14:44,935 [DEBUG] WellApp.graphics: BHA элементов (снизу вверх): []
2026-02-07 19:14:44,941 [DEBUG] WellApp.gui: populate_fluid_combos: обновлено 1 жидкостей
2026-02-07 19:14:44,941 [DEBUG] WellApp.gui: populate_fluid_combos: обновлено 1 жидкостей
2026-02-07 19:14:44,942 [DEBUG] WellApp.gui: populate_fluid_combos: обновлено 1 жидкостей
2026-02-07 19:14:44,942 [DEBUG] WellApp.gui: populate_fluid_combos: обновлено 1 жидкостей
2026-02-07 19:14:50,416 [INFO] WellApp.gui: Кейс сохранён: C:\Users\pasha\OneDrive\Рабочий стол\WellLib\csg\cases\тест проект\тест мр\1 тест\123 тест.json
2026-02-07 19:28:13,124 [DEBUG] WellApp: Логгер WellApp настроен. Файл лога: C:\Users\pasha\OneDrive\Рабочий стол\WellLib\csg\program_debug.log
2026-02-07 19:28:13,144 [INFO] WellApp.gui: Запуск WellApp из csg.py
2026-02-07 19:28:13,174 [DEBUG] WellApp.gui: Инициализация WellApp
2026-02-07 19:28:13,177 [DEBUG] WellApp.graphics: BHA элементов (снизу вверх): []
2026-02-07 19:28:13,177 [DEBUG] WellApp.trajectory: Инициализация TrajectoryTab
2026-02-07 19:28:13,331 [DEBUG] WellApp.trajectory: Добавлена точка траектории, всего строк: 1
2026-02-07 19:28:13,333 [DEBUG] WellApp.gui: Инициализация BalanceTab
2026-02-07 19:28:13,344 [DEBUG] WellApp.gui: Инициализация вкладки 'Жидкости'
2026-02-07 19:28:13,346 [DEBUG] WellApp.gui: populate_fluid_combos: обновлено 1 жидкостей
2026-02-07 19:28:13,346 [DEBUG] WellApp.gui: Добавлена жидкость: Раствор 1, 1.2 г/см³, тип Раствор
2026-02-07 19:28:13,346 [DEBUG] WellApp.gui: populate_fluid_combos: обновлено 1 жидкостей
2026-02-07 19:28:13,346 [DEBUG] WellApp.gui: Инициализация вкладки 'Конструкция'
2026-02-07 19:28:13,348 [DEBUG] WellApp.gui: Добавлена строка колонны, всего строк: 1
2026-02-07 19:28:13,348 [DEBUG] WellApp.gui: Инициализация вкладки 'КНБК'
2026-02-07 19:28:13,349 [DEBUG] WellApp.gui: Добавлена строка КНБК, всего строк: 1
2026-02-07 19:28:13,349 [DEBUG] WellApp.gui: Инициализация вкладки 'Объёмы'
2026-02-07 19:28:18,186 [INFO] WellApp.gui: Выбран кейс: C:\Users\pasha\OneDrive\Рабочий стол\WellLib\csg\cases\тест проект\тест мр\1 тест\123 тест.json
2026-02-07 19:28:18,186 [DEBUG] WellApp.gui: Загрузка кейса из C:\Users\pasha\OneDrive\Рабочий стол\WellLib\csg\cases\тест проект\тест мр\1 тест\123 тест.json
2026-02-07 19:28:24,470 [DEBUG] WellApp: Логгер WellApp настроен. Файл лога: C:\Users\pasha\OneDrive\Рабочий стол\WellLib\csg\program_debug.log
2026-02-07 19:28:24,491 [INFO] WellApp.gui: Запуск WellApp из csg.py
2026-02-07 19:28:24,523 [DEBUG] WellApp.gui: Инициализация WellApp
2026-02-07 19:28:24,526 [DEBUG] WellApp.graphics: BHA элементов (снизу вверх): []
2026-02-07 19:28:24,526 [DEBUG] WellApp.trajectory: Инициализация TrajectoryTab
2026-02-07 19:28:24,700 [DEBUG] WellApp.trajectory: Добавлена точка траектории, всего строк: 1
2026-02-07 19:28:24,702 [DEBUG] WellApp.gui: Инициализация BalanceTab
2026-02-07 19:28:24,713 [DEBUG] WellApp.gui: Инициализация вкладки 'Жидкости'
2026-02-07 19:28:24,714 [DEBUG] WellApp.gui: populate_fluid_combos: обновлено 1 жидкостей
2026-02-07 19:28:24,715 [DEBUG] WellApp.gui: Добавлена жидкость: Раствор 1, 1.2 г/см³, тип Раствор
2026-02-07 19:28:24,715 [DEBUG] WellApp.gui: populate_fluid_combos: обновлено 1 жидкостей
2026-02-07 19:28:24,715 [DEBUG] WellApp.gui: Инициализация вкладки 'Конструкция'
2026-02-07 19:28:24,717 [DEBUG] WellApp.gui: Добавлена строка колонны, всего строк: 1
2026-02-07 19:28:24,717 [DEBUG] WellApp.gui: Инициализация вкладки 'КНБК'
2026-02-07 19:28:24,717 [DEBUG] WellApp.gui: Добавлена строка КНБК, всего строк: 1
2026-02-07 19:28:24,718 [DEBUG] WellApp.gui: Инициализация вкладки 'Объёмы'
2026-02-07 19:28:49,394 [INFO] WellApp.gui: Выбран кейс: C:\Users\pasha\OneDrive\Рабочий стол\WellLib\csg\cases\123\1233\134\1112.json
2026-02-07 19:28:49,395 [DEBUG] WellApp.gui: Загрузка кейса из C:\Users\pasha\OneDrive\Рабочий стол\WellLib\csg\cases\123\1233\134\1112.json
2026-02-07 19:28:57,174 [INFO] WellApp.gui: Выбран кейс: C:\Users\pasha\OneDrive\Рабочий стол\WellLib\csg\cases\123\1233\134\1111111111.json
2026-02-07 19:28:57,174 [DEBUG] WellApp.gui: Загрузка кейса из C:\Users\pasha\OneDrive\Рабочий стол\WellLib\csg\cases\123\1233\134\1111111111.json
2026-02-07 19:43:46,266 [DEBUG] WellApp: Логгер WellApp настроен. Файл лога: C:\Users\pasha\OneDrive\Рабочий стол\WellLib\csg\program_debug.log
2026-02-07 19:43:46,287 [INFO] WellApp.gui: Запуск WellApp из csg.py
2026-02-07 19:43:46,318 [DEBUG] WellApp.gui: Инициализация WellApp
2026-02-07 19:43:46,321 [DEBUG] WellApp.graphics: BHA элементов (снизу вверх): []
2026-02-07 19:43:46,321 [DEBUG] WellApp.trajectory: Инициализация TrajectoryTab
2026-02-07 19:43:46,501 [DEBUG] WellApp.trajectory: Добавлена точка траектории, всего строк: 1
2026-02-07 19:43:46,503 [DEBUG] WellApp.gui: Инициализация BalanceTab
2026-02-07 19:43:46,514 [DEBUG] WellApp.gui: Инициализация вкладки 'Жидкости'
2026-02-07 19:43:46,516 [DEBUG] WellApp.gui: populate_fluid_combos: обновлено 1 жидкостей
2026-02-07 19:43:46,516 [DEBUG] WellApp.gui: Добавлена жидкость: Раствор 1, 1.2 г/см³, тип Раствор
2026-02-07 19:43:46,516 [DEBUG] WellApp.gui: populate_fluid_combos: обновлено 1 жидкостей
2026-02-07 19:43:46,516 [DEBUG] WellApp.gui: Инициализация вкладки 'Конструкция'
2026-02-07 19:43:46,518 [DEBUG] WellApp.gui: Добавлена строка колонны, всего строк: 1
2026-02-07 19:43:46,519 [DEBUG] WellApp.gui: Инициализация вкладки 'КНБК'
2026-02-07 19:43:46,519 [DEBUG] WellApp.gui: Добавлена строка КНБК, всего строк: 1
2026-02-07 19:43:46,520 [DEBUG] WellApp.gui: Инициализация вкладки 'Объёмы'
2026-02-07 19:43:59,677 [INFO] WellApp.gui: Выбран кейс: C:\Users\pasha\OneDrive\Рабочий стол\WellLib\csg\cases\333\345\67\5.json
2026-02-07 19:43:59,677 [DEBUG] WellApp.gui: Создание нового пустого кейса (new_case)
2026-02-07 19:43:59,677 [DEBUG] WellApp.trajectory: Добавлена точка траектории, всего строк: 1
2026-02-07 19:43:59,678 [DEBUG] WellApp.gui: _get_md_tvd_points: собранo 1 точек MD–TVD
2026-02-07 19:43:59,678 [DEBUG] WellApp.gui: update_tvd_display: TVD=0.00 м по максимальной траектории (MD=0.0 м)
2026-02-07 19:43:59,678 [DEBUG] WellApp.gui: Добавлена строка колонны, всего строк: 1
2026-02-07 19:43:59,678 [DEBUG] WellApp.gui: Добавлена строка КНБК, всего строк: 1
2026-02-07 19:43:59,678 [DEBUG] WellApp.gui: populate_fluid_combos: fluids пуст, добавлены заглушки
2026-02-07 19:43:59,678 [DEBUG] WellApp.gui: Список жидкостей очищен
2026-02-07 19:43:59,679 [DEBUG] WellApp.gui: populate_fluid_combos: обновлено 1 жидкостей
2026-02-07 19:43:59,679 [DEBUG] WellApp.gui: Добавлена жидкость: Раствор 1, 1.2 г/см³, тип Раствор
2026-02-07 19:43:59,687 [DEBUG] WellApp.gui: populate_fluid_combos: обновлено 1 жидкостей
2026-02-07 19:43:59,687 [DEBUG] WellApp.gui: populate_fluid_combos: обновлено 1 жидкостей
2026-02-07 19:43:59,708 [DEBUG] WellApp.gui: populate_fluid_combos: обновлено 1 жидкостей
2026-02-07 19:44:06,648 [DEBUG] WellApp.gui: _get_md_tvd_points: собранo 1 точек MD–TVD
2026-02-07 19:44:06,648 [DEBUG] WellApp.gui: update_tvd_display: TVD=1234.00 м по максимальной траектории (MD=1234.0 м)
2026-02-07 19:44:07,480 [DEBUG] WellApp.gui: Сохранение кейса в C:\Users\pasha\OneDrive\Рабочий стол\WellLib\csg\cases\333\345\67\5.json
2026-02-07 19:44:07,480 [DEBUG] WellApp.gui: Добавлен Fluid: Раствор 1, Раствор, 1.2, <PyQt5.QtGui.QColor object at 0x00000282509783D0>
2026-02-07 19:44:07,480 [DEBUG] WellApp.gui: Итоговое содержимое fluids: ['Раствор 1']
2026-02-07 19:44:07,482 [DEBUG] WellApp.gui: Кейс успешно сохранён
2026-02-07 19:44:13,139 [INFO] WellApp.gui: Выбран кейс: C:\Users\pasha\OneDrive\Рабочий стол\WellLib\csg\cases\123\1233\134\5.json
2026-02-07 19:44:13,140 [DEBUG] WellApp.gui: Создание нового пустого кейса (new_case)
2026-02-07 19:44:13,140 [DEBUG] WellApp.trajectory: Добавлена точка траектории, всего строк: 1
2026-02-07 19:44:13,141 [DEBUG] WellApp.gui: _get_md_tvd_points: собранo 1 точек MD–TVD
2026-02-07 19:44:13,141 [DEBUG] WellApp.gui: update_tvd_display: TVD=0.00 м по максимальной траектории (MD=0.0 м)
2026-02-07 19:44:13,141 [DEBUG] WellApp.gui: Добавлена строка колонны, всего строк: 1
2026-02-07 19:44:13,141 [DEBUG] WellApp.gui: Добавлена строка КНБК, всего строк: 1
2026-02-07 19:44:13,141 [DEBUG] WellApp.gui: populate_fluid_combos: fluids пуст, добавлены заглушки
2026-02-07 19:44:13,141 [DEBUG] WellApp.gui: Список жидкостей очищен
2026-02-07 19:44:13,142 [DEBUG] WellApp.gui: populate_fluid_combos: обновлено 1 жидкостей
2026-02-07 19:44:13,142 [DEBUG] WellApp.gui: Добавлена жидкость: Раствор 1, 1.2 г/см³, тип Раствор
2026-02-07 19:44:13,148 [DEBUG] WellApp.gui: populate_fluid_combos: обновлено 1 жидкостей
2026-02-07 19:44:13,148 [DEBUG] WellApp.gui: populate_fluid_combos: обновлено 1 жидкостей
2026-02-07 19:44:13,149 [DEBUG] WellApp.gui: populate_fluid_combos: обновлено 1 жидкостей
2026-02-07 19:44:16,122 [INFO] WellApp.gui: Выбран кейс: C:\Users\pasha\OneDrive\Рабочий стол\WellLib\csg\cases\333\345\67\5.json
2026-02-07 19:44:16,123 [DEBUG] WellApp.gui: Загрузка кейса из C:\Users\pasha\OneDrive\Рабочий стол\WellLib\csg\cases\333\345\67\5.json
2026-02-07 19:44:16,133 [DEBUG] WellApp.gui: _get_md_tvd_points: собранo 1 точек MD–TVD
2026-02-07 19:44:16,134 [DEBUG] WellApp.gui: update_tvd_display: TVD=1234.00 м по максимальной траектории (MD=1234.0 м)
2026-02-07 19:44:16,134 [DEBUG] WellApp.gui: populate_fluid_combos: обновлено 1 жидкостей
2026-02-07 19:44:16,134 [DEBUG] WellApp.gui: Старт расчёта объёмов и построения схемы
2026-02-07 19:44:16,134 [DEBUG] WellApp.gui: Суммарная MD конструкции: 0.000 м
2026-02-07 19:44:16,134 [DEBUG] WellApp.gui: Передана глубина конструкции в BalanceTab: MD=0.000 м
2026-02-07 19:44:16,134 [DEBUG] WellApp.utils: normalize_bha_name: 'УБТ' -> 'Heavy Weight'
2026-02-07 19:44:16,134 [DEBUG] WellApp.gui: Скорректирована длина верхнего элемента КНБК на -10.000 м для соответствия глубине конструкции
2026-02-07 19:44:16,134 [DEBUG] WellApp.gui: Добавлен Fluid: Раствор 1, Раствор, 1.2, <PyQt5.QtGui.QColor object at 0x00000282509783D0>
2026-02-07 19:44:16,135 [DEBUG] WellApp.gui: Итоговое содержимое fluids: ['Раствор 1']
2026-02-07 19:44:16,135 [DEBUG] WellApp.volumes: calculate_volumes: старт расчёта, casings=1, bha=1
2026-02-07 19:44:16,135 [DEBUG] WellApp.volumes: calculate_volumes: завершено. V_casings=0.000, V_bha_int=0.000, V_bha_disp=0.000, V_annulus=0.000
2026-02-07 19:44:16,136 [DEBUG] WellApp.graphics: BHA элементов (снизу вверх): ['Heavy Weight L=0.00, OD=203.2']
2026-02-07 19:44:16,137 [DEBUG] WellApp.gui: Расчёт объёмов и обновление схемы завершены успешно
2026-02-07 19:57:26,222 [INFO] WellApp.gui: Выбран кейс: C:\Users\pasha\OneDrive\Рабочий стол\WellLib\csg\cases\Проект Тест\НМР Тест\123 Тест\Кейс Тест.json
2026-02-07 19:57:26,222 [DEBUG] WellApp.gui: Создание нового пустого кейса (new_case)
2026-02-07 19:57:26,223 [DEBUG] WellApp.trajectory: Добавлена точка траектории, всего строк: 1
2026-02-07 19:57:26,223 [DEBUG] WellApp.gui: _get_md_tvd_points: собранo 1 точек MD–TVD
2026-02-07 19:57:26,224 [DEBUG] WellApp.gui: update_tvd_display: TVD=0.00 м по максимальной траектории (MD=0.0 м)
2026-02-07 19:57:26,224 [DEBUG] WellApp.gui: Добавлена строка колонны, всего строк: 1
2026-02-07 19:57:26,224 [DEBUG] WellApp.gui: Добавлена строка КНБК, всего строк: 1
2026-02-07 19:57:26,224 [DEBUG] WellApp.gui: populate_fluid_combos: fluids пуст, добавлены заглушки
2026-02-07 19:57:26,224 [DEBUG] WellApp.gui: Список жидкостей очищен
2026-02-07 19:57:26,224 [DEBUG] WellApp.gui: populate_fluid_combos: обновлено 1 жидкостей
2026-02-07 19:57:26,225 [DEBUG] WellApp.gui: Добавлена жидкость: Раствор 1, 1.2 г/см³, тип Раствор
2026-02-07 19:57:26,232 [DEBUG] WellApp.gui: populate_fluid_combos: обновлено 1 жидкостей
2026-02-07 19:57:26,232 [DEBUG] WellApp.gui: populate_fluid_combos: обновлено 1 жидкостей
2026-02-07 19:57:26,233 [DEBUG] WellApp.gui: populate_fluid_combos: обновлено 1 жидкостей
2026-02-07 19:57:39,402 [DEBUG] WellApp.gui: paste_bha_from_clipboard: сырая строка='Drill Pipe\t1800.0\t127.0\t95.0', parts=['Drill Pipe', '1800.0', '127.0', '95.0']
2026-02-07 19:57:39,402 [DEBUG] WellApp.utils: normalize_bha_name: 'Drill Pipe' -> 'Drill Pipe'
2026-02-07 19:57:39,402 [DEBUG] WellApp.gui: paste_bha_from_clipboard: сырая строка='Heavy Weight\t200.0\t139.7\t76.0', parts=['Heavy Weight', '200.0', '139.7', '76.0']
2026-02-07 19:57:39,402 [DEBUG] WellApp.utils: normalize_bha_name: 'Heavy Weight' -> 'Heavy Weight'
2026-02-07 19:57:39,402 [DEBUG] WellApp.gui: paste_bha_from_clipboard: сырая строка='Drill Collar\t80.0\t203.0\t76.0', parts=['Drill Collar', '80.0', '203.0', '76.0']
2026-02-07 19:57:39,402 [DEBUG] WellApp.utils: normalize_bha_name: 'Drill Collar' -> 'Drill Collar'
2026-02-07 19:57:39,403 [DEBUG] WellApp.gui: paste_bha_from_clipboard: сырая строка='Mud Motor\t10.0\t172.0\t70.0', parts=['Mud Motor', '10.0', '172.0', '70.0']
2026-02-07 19:57:39,403 [DEBUG] WellApp.utils: normalize_bha_name: 'Mud Motor' -> 'Mud Motor'
2026-02-07 19:57:39,403 [DEBUG] WellApp.gui: paste_bha_from_clipboard: сырая строка='Bit\t0.3\t215.9\t0.0', parts=['Bit', '0.3', '215.9', '0.0']
2026-02-07 19:57:39,403 [DEBUG] WellApp.utils: normalize_bha_name: 'Bit' -> 'Bit'
2026-02-07 19:57:39,403 [DEBUG] WellApp.gui: Из буфера вставлено элементов КНБК: 5
2026-02-07 19:57:41,135 [DEBUG] WellApp.gui: Сохранение кейса в C:\Users\pasha\OneDrive\Рабочий стол\WellLib\csg\cases\Проект Тест\НМР Тест\123 Тест\Кейс Тест.json
2026-02-07 19:57:41,136 [DEBUG] WellApp.gui: Добавлен Fluid: Раствор 1, Раствор, 1.2, <PyQt5.QtGui.QColor object at 0x00000282509784B0>
2026-02-07 19:57:41,136 [DEBUG] WellApp.gui: Итоговое содержимое fluids: ['Раствор 1']
2026-02-07 19:57:41,138 [DEBUG] WellApp.gui: Кейс успешно сохранён
2026-02-07 19:57:55,428 [DEBUG] WellApp.trajectory: paste: вставка траектории из буфера, длина текста=39
2026-02-07 19:57:55,428 [DEBUG] WellApp.trajectory: Очистка таблицы траектории
2026-02-07 19:57:55,428 [DEBUG] WellApp.trajectory: load_from_text: обработка 4 строк
2026-02-07 19:57:55,429 [DEBUG] WellApp.gui: _get_md_tvd_points: собранo 4 точек MD–TVD
2026-02-07 19:57:55,429 [DEBUG] WellApp.gui: update_tvd_display: TVD=2233.86 м по максимальной траектории (MD=2500.0 м)
2026-02-07 19:58:25,560 [DEBUG] WellApp.gui: Добавлена строка колонны, всего строк: 2
2026-02-07 19:58:40,076 [DEBUG] WellApp.gui: Добавлена строка Open Hole, всего строк: 1
2026-02-07 19:58:51,162 [DEBUG] WellApp.gui: Сохранение кейса в C:\Users\pasha\OneDrive\Рабочий стол\WellLib\csg\cases\Проект Тест\НМР Тест\123 Тест\Кейс Тест.json
2026-02-07 19:58:51,162 [DEBUG] WellApp.gui: Добавлен Fluid: Раствор 1, Раствор, 1.2, <PyQt5.QtGui.QColor object at 0x00000282509784B0>
2026-02-07 19:58:51,163 [DEBUG] WellApp.gui: Итоговое содержимое fluids: ['Раствор 1']
2026-02-07 19:58:51,165 [DEBUG] WellApp.gui: Кейс успешно сохранён
2026-02-07 19:58:52,750 [DEBUG] WellApp.gui: Старт расчёта объёмов и построения схемы
2026-02-07 19:58:52,750 [DEBUG] WellApp.utils: compute_casing_params -> OD=244.500, ID=216.000, wall=14.250
2026-02-07 19:58:52,750 [DEBUG] WellApp.utils: compute_casing_params -> OD=177.800, ID=160.000, wall=8.900
2026-02-07 19:58:52,751 [WARNING] WellApp.geom: Casing 'Open Hole': ID >= OD (id=152.400 мм, od=152.400 мм) — проверьте данные
2026-02-07 19:58:52,751 [DEBUG] WellApp.gui: Суммарная MD конструкции: 2500.000 м
2026-02-07 19:58:52,751 [DEBUG] WellApp.gui: Передана глубина конструкции в BalanceTab: MD=2500.000 м
2026-02-07 19:58:52,751 [DEBUG] WellApp.utils: normalize_bha_name: 'Drill Pipe' -> 'Drill Pipe'
2026-02-07 19:58:52,751 [DEBUG] WellApp.utils: normalize_bha_name: 'Heavy Weight' -> 'Heavy Weight'
2026-02-07 19:58:52,752 [DEBUG] WellApp.utils: normalize_bha_name: 'Drill Collar' -> 'Drill Collar'
2026-02-07 19:58:52,752 [DEBUG] WellApp.utils: normalize_bha_name: 'Mud Motor' -> 'Mud Motor'
2026-02-07 19:58:52,752 [DEBUG] WellApp.utils: normalize_bha_name: 'Bit' -> 'Bit'
2026-02-07 19:58:52,752 [DEBUG] WellApp.gui: Скорректирована длина верхнего элемента КНБК на 409.700 м для соответствия глубине конструкции
2026-02-07 19:58:52,752 [DEBUG] WellApp.gui: Добавлен Fluid: Раствор 1, Раствор, 1.2, <PyQt5.QtGui.QColor object at 0x00000282509784B0>
2026-02-07 19:58:52,752 [DEBUG] WellApp.gui: Итоговое содержимое fluids: ['Раствор 1']
2026-02-07 19:58:52,753 [DEBUG] WellApp.volumes: calculate_volumes: старт расчёта, casings=3, bha=5
2026-02-07 19:58:52,753 [DEBUG] WellApp.volumes: calculate_volumes: завершено. V_casings=57.602, V_bha_int=16.972, V_bha_disp=33.890, V_annulus=23.712
2026-02-07 19:58:52,754 [DEBUG] WellApp.graphics: BHA элементов (снизу вверх): ['Drill Pipe L=2209.70, OD=127.0', 'Heavy Weight L=200.00, OD=139.7', 'Drill Collar L=80.00, OD=203.0', 'Mud Motor L=10.00, OD=172.0', 'Bit L=0.30, OD=215.9']
2026-02-07 19:58:52,762 [DEBUG] WellApp.gui: Расчёт объёмов и обновление схемы завершены успешно
2026-02-07 19:59:00,158 [DEBUG] WellApp.gui: populate_fluid_combos: обновлено 2 жидкостей
2026-02-07 19:59:00,158 [DEBUG] WellApp.gui: Добавлена жидкость: Раствор 2, 1.2 г/см³, тип Раствор
2026-02-07 19:59:00,158 [DEBUG] WellApp.gui: populate_fluid_combos: обновлено 2 жидкостей
2026-02-07 19:59:00,159 [DEBUG] WellApp.gui: populate_fluid_combos: обновлено 2 жидкостей
2026-02-07 19:59:00,160 [DEBUG] WellApp.gui: populate_fluid_combos: обновлено 2 жидкостей
2026-02-07 19:59:10,560 [DEBUG] WellApp.gui: populate_fluid_combos: обновлено 3 жидкостей
2026-02-07 19:59:10,560 [DEBUG] WellApp.gui: Добавлена жидкость: Буфер 3, 1.2 г/см³, тип Буфер
2026-02-07 19:59:10,561 [DEBUG] WellApp.gui: populate_fluid_combos: обновлено 3 жидкостей
2026-02-07 19:59:10,561 [DEBUG] WellApp.gui: populate_fluid_combos: обновлено 3 жидкостей
2026-02-07 19:59:10,562 [DEBUG] WellApp.gui: populate_fluid_combos: обновлено 3 жидкостей
2026-02-07 19:59:14,378 [DEBUG] WellApp.gui: populate_fluid_combos: обновлено 3 жидкостей
2026-02-07 19:59:15,519 [DEBUG] WellApp.gui: Сохранение кейса в C:\Users\pasha\OneDrive\Рабочий стол\WellLib\csg\cases\Проект Тест\НМР Тест\123 Тест\Кейс Тест.json
2026-02-07 19:59:15,519 [DEBUG] WellApp.gui: Добавлен Fluid: Раствор 1, Раствор, 1.2, <PyQt5.QtGui.QColor object at 0x00000282509784B0>
2026-02-07 19:59:15,519 [DEBUG] WellApp.gui: Добавлен Fluid: Раствор 2, Раствор, 1.2, <PyQt5.QtGui.QColor object at 0x0000028250978750>
2026-02-07 19:59:15,520 [DEBUG] WellApp.gui: Добавлен Fluid: Буфер 3, Буфер, 1.5, <PyQt5.QtGui.QColor object at 0x0000028250978520>
2026-02-07 19:59:15,520 [DEBUG] WellApp.gui: Итоговое содержимое fluids: ['Раствор 1', 'Раствор 2', 'Буфер 3']
2026-02-07 19:59:15,522 [DEBUG] WellApp.gui: Кейс успешно сохранён
2026-02-07 19:59:29,443 [DEBUG] WellApp.gui: Переключение на вкладку 'Равновесие'
2026-02-07 19:59:29,443 [DEBUG] WellApp.gui: populate_fluid_combos: обновлено 3 жидкостей
2026-02-07 19:59:29,444 [DEBUG] WellApp.gui: _get_md_tvd_points: собранo 4 точек MD–TVD
2026-02-07 19:59:29,444 [DEBUG] WellApp.gui: _get_md_tvd_points: собранo 4 точек MD–TVD
2026-02-07 19:59:29,445 [DEBUG] WellApp.gui: update_tvd_display: TVD=2233.86 м для MD=2500.0 м (конструкция=2500.0 м, max_MD_траектории=2500.0 м)
2026-02-07 19:59:34,956 [DEBUG] WellApp.gui: run_balance_calc: запуск
2026-02-07 19:59:34,956 [DEBUG] WellApp.gui: _get_md_tvd_points: собранo 4 точек MD–TVD
2026-02-07 19:59:34,957 [DEBUG] WellApp.gui: _get_md_tvd_points: собранo 4 точек MD–TVD
2026-02-07 19:59:34,957 [DEBUG] WellApp.gui: run_balance_calc: используем TVD=2233.86 м для MD конструкции=2500.0 м (max_MD_траектории=2500.0 м)
2026-02-07 19:59:34,957 [DEBUG] WellApp.gui: run_balance_calc: tubing=Раствор 1 (ρ=1.200), annulus=Буфер 3 (ρ=1.500)
2026-02-07 19:59:34,957 [DEBUG] WellApp.balance: === Запуск calculate_balance ===
2026-02-07 19:59:34,957 [DEBUG] WellApp.balance: Входные: P_res=20000000.0, max_tvd_m=None, D_tubing_mm=100.0, D_well_mm=200.0, D_knbk_mm=0.0, L_knbk_m=0.0
2026-02-07 19:59:34,958 [DEBUG] WellApp.balance: max_tvd_m взят из второго позиционного аргумента: 2233.86
2026-02-07 19:59:34,958 [DEBUG] WellApp.balance: Плотности: rho_t=1200.0, rho_a=1500.0
2026-02-07 19:59:34,958 [DEBUG] WellApp.balance: Требуемые высоты: h_req_t=1698.9466530750935, h_req_a=1359.1573224600747
2026-02-07 19:59:34,958 [DEBUG] WellApp.balance: Фактические высоты (с учётом TVD): h_t=1698.9466530750935, h_a=1359.1573224600747
2026-02-07 19:59:34,958 [DEBUG] WellApp.balance: Давления на пласте: p_t=20000000.0, p_a=20000000.0, diff_t=0.0, diff_a=0.0, diff_channels=0.0
2026-02-07 19:59:34,958 [DEBUG] WellApp.balance: Геометрия (м): D_t_id=0.1, D_w=0.2, D_k_od=0.0, L_knbk_m=0.0
2026-02-07 19:59:34,959 [DEBUG] WellApp.balance: Площадь трубы A_full=0.007853981633974483; V_t=13.343495810354202
2026-02-07 19:59:34,959 [DEBUG] WellApp.balance: Площадь затруба A_annulus=0.023561944901923454; V_a=32.02438994485009
2026-02-07 19:59:34,959 [DEBUG] WellApp.balance: === Расчёт calculate_balance завершён успешно ===
2026-02-07 19:59:34,959 [DEBUG] WellApp.gui: Результаты расчёта равновесия: h_t=1698.95, h_a=1359.16, V_t=13.343, V_a=32.024
2026-02-07 19:59:34,964 [DEBUG] WellApp.graphics: draw_fluids: нарисованы столбы h_t=1698.95 м, h_a=1359.16 м (bottom_y=2500.00, total_depth_md=2500.00)
2026-02-07 20:02:27,771 [DEBUG] WellApp.gui: Старт расчёта объёмов и построения схемы
2026-02-07 20:02:27,772 [DEBUG] WellApp.utils: compute_casing_params -> OD=244.500, ID=216.000, wall=14.250
2026-02-07 20:02:27,772 [DEBUG] WellApp.utils: compute_casing_params -> OD=177.800, ID=160.000, wall=8.900
2026-02-07 20:02:27,772 [WARNING] WellApp.geom: Casing 'Open Hole': ID >= OD (id=152.400 мм, od=152.400 мм) — проверьте данные
2026-02-07 20:02:27,773 [DEBUG] WellApp.gui: Суммарная MD конструкции: 2500.000 м
2026-02-07 20:02:27,773 [DEBUG] WellApp.gui: Передана глубина конструкции в BalanceTab: MD=2500.000 м
2026-02-07 20:02:27,774 [DEBUG] WellApp.utils: normalize_bha_name: 'Drill Pipe' -> 'Drill Pipe'
2026-02-07 20:02:27,774 [DEBUG] WellApp.utils: normalize_bha_name: 'Heavy Weight' -> 'Heavy Weight'
2026-02-07 20:02:27,774 [DEBUG] WellApp.utils: normalize_bha_name: 'Drill Collar' -> 'Drill Collar'
2026-02-07 20:02:27,774 [DEBUG] WellApp.utils: normalize_bha_name: 'Mud Motor' -> 'Mud Motor'
2026-02-07 20:02:27,775 [DEBUG] WellApp.utils: normalize_bha_name: 'Bit' -> 'Bit'
2026-02-07 20:02:27,775 [DEBUG] WellApp.gui: Добавлен Fluid: Раствор 1, Раствор, 1.2, <PyQt5.QtGui.QColor object at 0x00000282509784B0>
2026-02-07 20:02:27,775 [DEBUG] WellApp.gui: Добавлен Fluid: Раствор 2, Раствор, 1.2, <PyQt5.QtGui.QColor object at 0x0000028250978520>
2026-02-07 20:02:27,776 [DEBUG] WellApp.gui: Добавлен Fluid: Буфер 3, Буфер, 1.5, <PyQt5.QtGui.QColor object at 0x0000028250978600>
2026-02-07 20:02:27,776 [DEBUG] WellApp.gui: Итоговое содержимое fluids: ['Раствор 1', 'Раствор 2', 'Буфер 3']
2026-02-07 20:02:27,776 [DEBUG] WellApp.volumes: calculate_volumes: старт расчёта, casings=3, bha=5
2026-02-07 20:02:27,777 [DEBUG] WellApp.volumes: calculate_volumes: завершено. V_casings=57.602, V_bha_int=16.972, V_bha_disp=33.890, V_annulus=23.712
2026-02-07 20:02:27,779 [DEBUG] WellApp.graphics: BHA элементов (снизу вверх): ['Drill Pipe L=2209.70, OD=127.0', 'Heavy Weight L=200.00, OD=139.7', 'Drill Collar L=80.00, OD=203.0', 'Mud Motor L=10.00, OD=172.0', 'Bit L=0.30, OD=215.9']
2026-02-07 20:02:27,784 [DEBUG] WellApp.gui: Расчёт объёмов и обновление схемы завершены успешно
2026-02-07 20:13:05,989 [DEBUG] WellApp.gui: Сохранение кейса в C:\Users\pasha\OneDrive\Рабочий стол\WellLib\csg\cases\Проект Тест\НМР Тест\123 Тест\Кейс Тест.json
2026-02-07 20:13:05,990 [DEBUG] WellApp.gui: Добавлен Fluid: Раствор 1, Раствор, 1.2, <PyQt5.QtGui.QColor object at 0x00000282509784B0>
2026-02-07 20:13:05,990 [DEBUG] WellApp.gui: Добавлен Fluid: Раствор 2, Раствор, 1.2, <PyQt5.QtGui.QColor object at 0x0000028250978600>
2026-02-07 20:13:05,990 [DEBUG] WellApp.gui: Добавлен Fluid: Буфер 3, Буфер, 1.5, <PyQt5.QtGui.QColor object at 0x00000282509786E0>
2026-02-07 20:13:05,996 [DEBUG] WellApp.gui: Итоговое содержимое fluids: ['Раствор 1', 'Раствор 2', 'Буфер 3']
2026-02-07 20:13:05,997 [DEBUG] WellApp.gui: Кейс успешно сохранён
2026-02-07 20:13:13,561 [DEBUG] WellApp.gui: Переключение на вкладку 'Равновесие'
2026-02-07 20:13:13,562 [DEBUG] WellApp.gui: populate_fluid_combos: обновлено 3 жидкостей
2026-02-07 20:13:13,562 [DEBUG] WellApp.gui: _get_md_tvd_points: собранo 4 точек MD–TVD
2026-02-07 20:13:13,562 [DEBUG] WellApp.gui: _get_md_tvd_points: собранo 4 точек MD–TVD
2026-02-07 20:13:13,563 [DEBUG] WellApp.gui: update_tvd_display: TVD=2233.86 м для MD=2500.0 м (конструкция=2500.0 м, max_MD_траектории=2500.0 м)
2026-02-07 20:13:19,024 [DEBUG] WellApp.gui: run_balance_calc: запуск
2026-02-07 20:13:19,024 [DEBUG] WellApp.gui: _get_md_tvd_points: собранo 4 точек MD–TVD
2026-02-07 20:13:19,024 [DEBUG] WellApp.gui: _get_md_tvd_points: собранo 4 точек MD–TVD
2026-02-07 20:13:19,025 [DEBUG] WellApp.gui: run_balance_calc: используем TVD=2233.86 м для MD конструкции=2500.0 м (max_MD_траектории=2500.0 м)
2026-02-07 20:13:19,025 [DEBUG] WellApp.gui: run_balance_calc: tubing=Раствор 1 (ρ=1.200), annulus=Раствор 1 (ρ=1.200)
2026-02-07 20:13:19,025 [DEBUG] WellApp.balance: === Запуск calculate_balance ===
2026-02-07 20:13:19,025 [DEBUG] WellApp.balance: Входные: P_res=20000000.0, max_tvd_m=None, D_tubing_mm=100.0, D_well_mm=200.0, D_knbk_mm=0.0, L_knbk_m=0.0
2026-02-07 20:13:19,026 [DEBUG] WellApp.balance: max_tvd_m взят из второго позиционного аргумента: 2233.86
2026-02-07 20:13:19,026 [DEBUG] WellApp.balance: Плотности: rho_t=1200.0, rho_a=1200.0
2026-02-07 20:13:19,026 [DEBUG] WellApp.balance: Требуемые высоты: h_req_t=1698.9466530750935, h_req_a=1698.9466530750935
2026-02-07 20:13:19,026 [DEBUG] WellApp.balance: Фактические высоты (с учётом TVD): h_t=1698.9466530750935, h_a=1698.9466530750935
2026-02-07 20:13:19,026 [DEBUG] WellApp.balance: Давления на пласте: p_t=20000000.0, p_a=20000000.0, diff_t=0.0, diff_a=0.0, diff_channels=0.0
2026-02-07 20:13:19,026 [DEBUG] WellApp.balance: Геометрия (м): D_t_id=0.1, D_w=0.2, D_k_od=0.0, L_knbk_m=0.0
2026-02-07 20:13:19,026 [DEBUG] WellApp.balance: Площадь трубы A_full=0.007853981633974483; V_t=13.343495810354202
2026-02-07 20:13:19,026 [DEBUG] WellApp.balance: Площадь затруба A_annulus=0.023561944901923454; V_a=40.03048743106262
2026-02-07 20:13:19,026 [DEBUG] WellApp.balance: === Расчёт calculate_balance завершён успешно ===
2026-02-07 20:13:19,026 [DEBUG] WellApp.gui: Результаты расчёта равновесия: h_t=1698.95, h_a=1698.95, V_t=13.343, V_a=40.030
2026-02-07 20:13:19,027 [DEBUG] WellApp.graphics: draw_fluids: нарисованы столбы h_t=1698.95 м, h_a=1698.95 м (bottom_y=2500.00, total_depth_md=2500.00)
2026-02-07 20:13:23,437 [DEBUG] WellApp.gui: run_balance_calc: запуск
2026-02-07 20:13:23,437 [DEBUG] WellApp.gui: _get_md_tvd_points: собранo 4 точек MD–TVD
2026-02-07 20:13:23,437 [DEBUG] WellApp.gui: _get_md_tvd_points: собранo 4 точек MD–TVD
2026-02-07 20:13:23,437 [DEBUG] WellApp.gui: run_balance_calc: используем TVD=2233.86 м для MD конструкции=2500.0 м (max_MD_траектории=2500.0 м)
2026-02-07 20:13:23,438 [DEBUG] WellApp.gui: run_balance_calc: tubing=Раствор 1 (ρ=1.200), annulus=Буфер 3 (ρ=1.500)
2026-02-07 20:13:23,438 [DEBUG] WellApp.balance: === Запуск calculate_balance ===
2026-02-07 20:13:23,438 [DEBUG] WellApp.balance: Входные: P_res=20000000.0, max_tvd_m=None, D_tubing_mm=100.0, D_well_mm=200.0, D_knbk_mm=0.0, L_knbk_m=0.0
2026-02-07 20:13:23,438 [DEBUG] WellApp.balance: max_tvd_m взят из второго позиционного аргумента: 2233.86
2026-02-07 20:13:23,438 [DEBUG] WellApp.balance: Плотности: rho_t=1200.0, rho_a=1500.0
2026-02-07 20:13:23,439 [DEBUG] WellApp.balance: Требуемые высоты: h_req_t=1698.9466530750935, h_req_a=1359.1573224600747
2026-02-07 20:13:23,439 [DEBUG] WellApp.balance: Фактические высоты (с учётом TVD): h_t=1698.9466530750935, h_a=1359.1573224600747
2026-02-07 20:13:23,439 [DEBUG] WellApp.balance: Давления на пласте: p_t=20000000.0, p_a=20000000.0, diff_t=0.0, diff_a=0.0, diff_channels=0.0
2026-02-07 20:13:23,439 [DEBUG] WellApp.balance: Геометрия (м): D_t_id=0.1, D_w=0.2, D_k_od=0.0, L_knbk_m=0.0
2026-02-07 20:13:23,439 [DEBUG] WellApp.balance: Площадь трубы A_full=0.007853981633974483; V_t=13.343495810354202
2026-02-07 20:13:23,439 [DEBUG] WellApp.balance: Площадь затруба A_annulus=0.023561944901923454; V_a=32.02438994485009
2026-02-07 20:13:23,439 [DEBUG] WellApp.balance: === Расчёт calculate_balance завершён успешно ===
2026-02-07 20:13:23,439 [DEBUG] WellApp.gui: Результаты расчёта равновесия: h_t=1698.95, h_a=1359.16, V_t=13.343, V_a=32.024
2026-02-07 20:13:23,440 [DEBUG] WellApp.graphics: draw_fluids: нарисованы столбы h_t=1698.95 м, h_a=1359.16 м (bottom_y=2500.00, total_depth_md=2500.00)
2026-02-07 20:16:07,733 [DEBUG] WellApp: Логгер WellApp настроен. Файл лога: C:\Users\pasha\OneDrive\Рабочий стол\WellLib\csg\program_debug.log
2026-02-07 20:16:07,752 [INFO] WellApp.gui: Запуск WellApp из csg.py
2026-02-07 20:16:07,783 [DEBUG] WellApp.gui: Инициализация WellApp
2026-02-07 20:16:07,785 [DEBUG] WellApp.graphics: BHA элементов (снизу вверх): []
2026-02-07 20:16:07,786 [DEBUG] WellApp.trajectory: Инициализация TrajectoryTab
2026-02-07 20:16:07,944 [DEBUG] WellApp.trajectory: Добавлена точка траектории, всего строк: 1
2026-02-07 20:16:07,946 [DEBUG] WellApp.gui: Инициализация BalanceTab
2026-02-07 20:16:07,957 [DEBUG] WellApp.gui: Инициализация вкладки 'Жидкости'
2026-02-07 20:16:07,959 [DEBUG] WellApp.gui: populate_fluid_combos: обновлено 1 жидкостей
2026-02-07 20:16:07,959 [DEBUG] WellApp.gui: Добавлена жидкость: Раствор 1, 1.2 г/см³, тип Раствор
2026-02-07 20:16:07,959 [DEBUG] WellApp.gui: populate_fluid_combos: обновлено 1 жидкостей
2026-02-07 20:16:07,959 [DEBUG] WellApp.gui: Инициализация вкладки 'Конструкция'
2026-02-07 20:16:07,962 [DEBUG] WellApp.gui: Добавлена строка колонны, всего строк: 1
2026-02-07 20:16:07,962 [DEBUG] WellApp.gui: Инициализация вкладки 'КНБК'
2026-02-07 20:16:07,963 [DEBUG] WellApp.gui: Добавлена строка КНБК, всего строк: 1
2026-02-07 20:16:07,963 [DEBUG] WellApp.gui: Инициализация вкладки 'Объёмы'
2026-02-07 20:16:11,747 [INFO] WellApp.gui: Выбран кейс: C:\Users\pasha\OneDrive\Рабочий стол\WellLib\csg\cases\Проект Тест\НМР Тест\123 Тест\Кейс Тест.json
2026-02-07 20:16:11,748 [DEBUG] WellApp.gui: Загрузка кейса из C:\Users\pasha\OneDrive\Рабочий стол\WellLib\csg\cases\Проект Тест\НМР Тест\123 Тест\Кейс Тест.json
2026-02-07 20:16:11,758 [DEBUG] WellApp.gui: _get_md_tvd_points: собранo 4 точек MD–TVD
2026-02-07 20:16:11,759 [DEBUG] WellApp.gui: update_tvd_display: TVD=2233.86 м по максимальной траектории (MD=2500.0 м)
2026-02-07 20:16:11,759 [DEBUG] WellApp.gui: populate_fluid_combos: обновлено 3 жидкостей
2026-02-07 20:16:11,760 [DEBUG] WellApp.gui: Старт расчёта объёмов и построения схемы
2026-02-07 20:16:11,760 [DEBUG] WellApp.utils: compute_casing_params -> OD=244.500, ID=216.000, wall=14.250
2026-02-07 20:16:11,760 [DEBUG] WellApp.utils: compute_casing_params -> OD=177.800, ID=160.000, wall=8.900
2026-02-07 20:16:11,760 [WARNING] WellApp.geom: Casing 'Open Hole': ID >= OD (id=152.400 мм, od=152.400 мм) — проверьте данные
2026-02-07 20:16:11,760 [DEBUG] WellApp.gui: Суммарная MD конструкции: 2500.000 м
2026-02-07 20:16:11,760 [DEBUG] WellApp.gui: Передана глубина конструкции в BalanceTab: MD=2500.000 м
2026-02-07 20:16:11,761 [DEBUG] WellApp.utils: normalize_bha_name: 'Drill Pipe' -> 'Drill Pipe'
2026-02-07 20:16:11,761 [DEBUG] WellApp.utils: normalize_bha_name: 'Heavy Weight' -> 'Heavy Weight'
2026-02-07 20:16:11,761 [DEBUG] WellApp.utils: normalize_bha_name: 'Drill Collar' -> 'Drill Collar'
2026-02-07 20:16:11,761 [DEBUG] WellApp.utils: normalize_bha_name: 'Mud Motor' -> 'Mud Motor'
2026-02-07 20:16:11,761 [DEBUG] WellApp.utils: normalize_bha_name: 'Bit' -> 'Bit'
2026-02-07 20:16:11,761 [DEBUG] WellApp.gui: Добавлен Fluid: Раствор 1, Раствор, 1.2, <PyQt5.QtGui.QColor object at 0x00000254E877C2F0>
2026-02-07 20:16:11,761 [DEBUG] WellApp.gui: Добавлен Fluid: Раствор 2, Раствор, 1.2, <PyQt5.QtGui.QColor object at 0x00000254E877C280>
2026-02-07 20:16:11,761 [DEBUG] WellApp.gui: Добавлен Fluid: Буфер 3, Буфер, 1.5, <PyQt5.QtGui.QColor object at 0x00000254E877C520>
2026-02-07 20:16:11,761 [DEBUG] WellApp.gui: Итоговое содержимое fluids: ['Раствор 1', 'Раствор 2', 'Буфер 3']
2026-02-07 20:16:11,761 [DEBUG] WellApp.volumes: calculate_volumes: старт расчёта, casings=3, bha=5
2026-02-07 20:16:11,761 [DEBUG] WellApp.volumes: calculate_volumes: завершено. V_casings=57.602, V_bha_int=16.972, V_bha_disp=33.890, V_annulus=23.712
2026-02-07 20:16:11,764 [DEBUG] WellApp.graphics: BHA элементов (снизу вверх): ['Drill Pipe L=2209.70, OD=127.0', 'Heavy Weight L=200.00, OD=139.7', 'Drill Collar L=80.00, OD=203.0', 'Mud Motor L=10.00, OD=172.0', 'Bit L=0.30, OD=215.9']
2026-02-07 20:16:11,770 [DEBUG] WellApp.gui: Расчёт объёмов и обновление схемы завершены успешно
2026-02-07 20:16:17,473 [DEBUG] WellApp.gui: populate_fluid_combos: обновлено 3 жидкостей
2026-02-07 20:16:17,473 [DEBUG] WellApp.gui: populate_fluid_combos: обновлено 3 жидкостей
2026-02-07 20:16:17,474 [DEBUG] WellApp.gui: populate_fluid_combos: обновлено 3 жидкостей
2026-02-07 20:16:17,481 [DEBUG] WellApp.gui: populate_fluid_combos: обновлено 3 жидкостей
2026-02-07 20:16:21,185 [DEBUG] WellApp.gui: populate_fluid_combos: обновлено 3 жидкостей
2026-02-07 20:16:21,186 [DEBUG] WellApp.gui: populate_fluid_combos: обновлено 3 жидкостей
2026-02-07 20:16:21,186 [DEBUG] WellApp.gui: populate_fluid_combos: обновлено 3 жидкостей
2026-02-07 20:16:21,209 [DEBUG] WellApp.gui: populate_fluid_combos: обновлено 3 жидкостей
2026-02-07 20:16:24,716 [DEBUG] WellApp.gui: populate_fluid_combos: обновлено 3 жидкостей
2026-02-07 20:16:24,716 [DEBUG] WellApp.gui: populate_fluid_combos: обновлено 3 жидкостей
2026-02-07 20:16:24,716 [DEBUG] WellApp.gui: populate_fluid_combos: обновлено 3 жидкостей
2026-02-07 20:16:24,742 [DEBUG] WellApp.gui: populate_fluid_combos: обновлено 3 жидкостей
2026-02-07 20:16:47,436 [DEBUG] WellApp.gui: populate_fluid_combos: обновлено 3 жидкостей
2026-02-07 20:16:47,436 [DEBUG] WellApp.gui: populate_fluid_combos: обновлено 3 жидкостей
2026-02-07 20:16:47,436 [DEBUG] WellApp.gui: populate_fluid_combos: обновлено 3 жидкостей
2026-02-07 20:16:47,445 [DEBUG] WellApp.gui: populate_fluid_combos: обновлено 3 жидкостей
2026-02-07 20:16:50,153 [DEBUG] WellApp.gui: Переключение на вкладку 'Равновесие'
2026-02-07 20:16:50,153 [DEBUG] WellApp.gui: populate_fluid_combos: обновлено 3 жидкостей
2026-02-07 20:16:50,154 [DEBUG] WellApp.gui: _get_md_tvd_points: собранo 4 точек MD–TVD
2026-02-07 20:16:50,154 [DEBUG] WellApp.gui: _get_md_tvd_points: собранo 4 точек MD–TVD
2026-02-07 20:16:50,154 [DEBUG] WellApp.gui: update_tvd_display: TVD=2233.86 м для MD=2500.0 м (конструкция=2500.0 м, max_MD_траектории=2500.0 м)
2026-02-07 20:16:51,916 [DEBUG] WellApp.gui: run_balance_calc: запуск
2026-02-07 20:16:52,962 [WARNING] WellApp.gui: run_balance_calc: не введено пластовое давление
2026-02-07 20:16:56,374 [DEBUG] WellApp.gui: run_balance_calc: запуск
2026-02-07 20:16:56,374 [DEBUG] WellApp.gui: _get_md_tvd_points: собранo 4 точек MD–TVD
2026-02-07 20:16:56,374 [DEBUG] WellApp.gui: _get_md_tvd_points: собранo 4 точек MD–TVD
2026-02-07 20:16:56,374 [DEBUG] WellApp.gui: run_balance_calc: используем TVD=2233.86 м для MD конструкции=2500.0 м (max_MD_траектории=2500.0 м)
2026-02-07 20:16:56,374 [DEBUG] WellApp.gui: run_balance_calc: tubing=Раствор 1 (ρ=1.200), annulus=Раствор 1 (ρ=1.200)
2026-02-07 20:16:56,374 [DEBUG] WellApp.balance: === Запуск calculate_balance ===
2026-02-07 20:16:56,374 [DEBUG] WellApp.balance: Входные: P_res=30000000.0, max_tvd_m=None, D_tubing_mm=100.0, D_well_mm=200.0, D_knbk_mm=0.0, L_knbk_m=0.0
2026-02-07 20:16:56,374 [DEBUG] WellApp.balance: max_tvd_m взят из второго позиционного аргумента: 2233.86
2026-02-07 20:16:56,375 [DEBUG] WellApp.balance: Плотности: rho_t=1200.0, rho_a=1200.0
2026-02-07 20:16:56,375 [DEBUG] WellApp.balance: Требуемые высоты: h_req_t=2548.41997961264, h_req_a=2548.41997961264
2026-02-07 20:16:56,375 [DEBUG] WellApp.balance: Фактические высоты (с учётом TVD): h_t=2233.86, h_a=2233.86
2026-02-07 20:16:56,375 [DEBUG] WellApp.balance: Давления на пласте: p_t=26296999.92, p_a=26296999.92, diff_t=3703000.079999998, diff_a=3703000.079999998, diff_channels=0.0
2026-02-07 20:16:56,375 [DEBUG] WellApp.balance: Геометрия (м): D_t_id=0.1, D_w=0.2, D_k_od=0.0, L_knbk_m=0.0
2026-02-07 20:16:56,375 [DEBUG] WellApp.balance: Площадь трубы A_full=0.007853981633974483; V_t=17.54469541287024
2026-02-07 20:16:56,375 [DEBUG] WellApp.balance: Площадь затруба A_annulus=0.023561944901923454; V_a=52.63408623861073
2026-02-07 20:16:56,375 [DEBUG] WellApp.balance: === Расчёт calculate_balance завершён успешно ===
2026-02-07 20:16:56,375 [DEBUG] WellApp.gui: Результаты расчёта равновесия: h_t=2233.86, h_a=2233.86, V_t=17.545, V_a=52.634
2026-02-07 20:16:56,376 [DEBUG] WellApp.graphics: draw_fluids: нарисованы столбы h_t=2233.86 м, h_a=2233.86 м (bottom_y=2500.00, total_depth_md=2500.00)
2026-02-07 20:16:58,725 [DEBUG] WellApp.gui: run_balance_calc: запуск
2026-02-07 20:16:58,725 [DEBUG] WellApp.gui: _get_md_tvd_points: собранo 4 точек MD–TVD
2026-02-07 20:16:58,726 [DEBUG] WellApp.gui: _get_md_tvd_points: собранo 4 точек MD–TVD
2026-02-07 20:16:58,726 [DEBUG] WellApp.gui: run_balance_calc: используем TVD=2233.86 м для MD конструкции=2500.0 м (max_MD_траектории=2500.0 м)
2026-02-07 20:16:58,726 [DEBUG] WellApp.gui: run_balance_calc: tubing=Раствор 1 (ρ=1.200), annulus=Буфер 3 (ρ=1.500)
2026-02-07 20:16:58,727 [DEBUG] WellApp.balance: === Запуск calculate_balance ===
2026-02-07 20:16:58,727 [DEBUG] WellApp.balance: Входные: P_res=30000000.0, max_tvd_m=None, D_tubing_mm=100.0, D_well_mm=200.0, D_knbk_mm=0.0, L_knbk_m=0.0
2026-02-07 20:16:58,727 [DEBUG] WellApp.balance: max_tvd_m взят из второго позиционного аргумента: 2233.86
2026-02-07 20:16:58,727 [DEBUG] WellApp.balance: Плотности: rho_t=1200.0, rho_a=1500.0
2026-02-07 20:16:58,728 [DEBUG] WellApp.balance: Требуемые высоты: h_req_t=2548.41997961264, h_req_a=2038.735983690112
2026-02-07 20:16:58,728 [DEBUG] WellApp.balance: Фактические высоты (с учётом TVD): h_t=2233.86, h_a=2038.735983690112
2026-02-07 20:16:58,728 [DEBUG] WellApp.balance: Давления на пласте: p_t=26296999.92, p_a=30000000.0, diff_t=3703000.079999998, diff_a=0.0, diff_channels=3703000.079999998
2026-02-07 20:16:58,728 [DEBUG] WellApp.balance: Геометрия (м): D_t_id=0.1, D_w=0.2, D_k_od=0.0, L_knbk_m=0.0
2026-02-07 20:16:58,729 [DEBUG] WellApp.balance: Площадь трубы A_full=0.007853981633974483; V_t=17.54469541287024
2026-02-07 20:16:58,729 [DEBUG] WellApp.balance: Площадь затруба A_annulus=0.023561944901923454; V_a=48.036584917275135
2026-02-07 20:16:58,729 [DEBUG] WellApp.balance: === Расчёт calculate_balance завершён успешно ===
2026-02-07 20:16:58,729 [DEBUG] WellApp.gui: Результаты расчёта равновесия: h_t=2233.86, h_a=2038.74, V_t=17.545, V_a=48.037
2026-02-07 20:16:58,730 [DEBUG] WellApp.graphics: draw_fluids: нарисованы столбы h_t=2233.86 м, h_a=2038.74 м (bottom_y=2500.00, total_depth_md=2500.00)
2026-02-07 20:17:11,323 [DEBUG] WellApp.gui: Переключение на вкладку 'Равновесие'
2026-02-07 20:17:11,324 [DEBUG] WellApp.gui: populate_fluid_combos: обновлено 3 жидкостей
2026-02-07 20:17:11,324 [DEBUG] WellApp.gui: _get_md_tvd_points: собранo 4 точек MD–TVD
2026-02-07 20:17:11,324 [DEBUG] WellApp.gui: _get_md_tvd_points: собранo 4 точек MD–TVD
2026-02-07 20:17:11,325 [DEBUG] WellApp.gui: update_tvd_display: TVD=2233.86 м для MD=2500.0 м (конструкция=2500.0 м, max_MD_траектории=2500.0 м)
2026-02-07 20:17:12,310 [DEBUG] WellApp.gui: Переключение на вкладку 'Равновесие'
2026-02-07 20:17:12,311 [DEBUG] WellApp.gui: populate_fluid_combos: обновлено 3 жидкостей
2026-02-07 20:17:12,311 [DEBUG] WellApp.gui: _get_md_tvd_points: собранo 4 точек MD–TVD
2026-02-07 20:17:12,312 [DEBUG] WellApp.gui: _get_md_tvd_points: собранo 4 точек MD–TVD
2026-02-07 20:17:12,312 [DEBUG] WellApp.gui: update_tvd_display: TVD=2233.86 м для MD=2500.0 м (конструкция=2500.0 м, max_MD_траектории=2500.0 м)
2026-02-07 20:17:13,257 [DEBUG] WellApp.gui: Переключение на вкладку 'Равновесие'
2026-02-07 20:17:13,257 [DEBUG] WellApp.gui: populate_fluid_combos: обновлено 3 жидкостей
2026-02-07 20:17:13,257 [DEBUG] WellApp.gui: _get_md_tvd_points: собранo 4 точек MD–TVD
2026-02-07 20:17:13,257 [DEBUG] WellApp.gui: _get_md_tvd_points: собранo 4 точек MD–TVD
2026-02-07 20:17:13,257 [DEBUG] WellApp.gui: update_tvd_display: TVD=2233.86 м для MD=2500.0 м (конструкция=2500.0 м, max_MD_траектории=2500.0 м)
2026-02-07 20:17:19,833 [DEBUG] WellApp.gui: Переключение на вкладку 'Равновесие'
2026-02-07 20:17:19,834 [DEBUG] WellApp.gui: populate_fluid_combos: обновлено 3 жидкостей
2026-02-07 20:17:19,834 [DEBUG] WellApp.gui: _get_md_tvd_points: собранo 4 точек MD–TVD
2026-02-07 20:17:19,834 [DEBUG] WellApp.gui: _get_md_tvd_points: собранo 4 точек MD–TVD
2026-02-07 20:17:19,835 [DEBUG] WellApp.gui: update_tvd_display: TVD=2233.86 м для MD=2500.0 м (конструкция=2500.0 м, max_MD_траектории=2500.0 м)
2026-02-07 20:17:20,750 [DEBUG] WellApp.gui: Переключение на вкладку 'Равновесие'
2026-02-07 20:17:20,750 [DEBUG] WellApp.gui: populate_fluid_combos: обновлено 3 жидкостей
2026-02-07 20:17:20,750 [DEBUG] WellApp.gui: _get_md_tvd_points: собранo 4 точек MD–TVD
2026-02-07 20:17:20,750 [DEBUG] WellApp.gui: _get_md_tvd_points: собранo 4 точек MD–TVD
2026-02-07 20:17:20,751 [DEBUG] WellApp.gui: update_tvd_display: TVD=2233.86 м для MD=2500.0 м (конструкция=2500.0 м, max_MD_траектории=2500.0 м)
2026-02-07 20:17:30,343 [DEBUG] WellApp.gui: Переключение на вкладку 'Равновесие'
2026-02-07 20:17:30,343 [DEBUG] WellApp.gui: populate_fluid_combos: обновлено 3 жидкостей
2026-02-07 20:17:30,344 [DEBUG] WellApp.gui: _get_md_tvd_points: собранo 4 точек MD–TVD
2026-02-07 20:17:30,344 [DEBUG] WellApp.gui: _get_md_tvd_points: собранo 4 точек MD–TVD
2026-02-07 20:17:30,344 [DEBUG] WellApp.gui: update_tvd_display: TVD=2233.86 м для MD=2500.0 м (конструкция=2500.0 м, max_MD_траектории=2500.0 м)
2026-02-07 20:22:14,865 [DEBUG] WellApp.gui: Сохранение кейса в C:\Users\pasha\OneDrive\Рабочий стол\WellLib\csg\cases\Проект Тест\НМР Тест\123 Тест\Кейс Тест.json
2026-02-07 20:22:14,865 [DEBUG] WellApp.gui: Добавлен Fluid: Раствор 1, Раствор, 1.2, <PyQt5.QtGui.QColor object at 0x00000254E877C2F0>
2026-02-07 20:22:14,866 [DEBUG] WellApp.gui: Добавлен Fluid: Раствор 2, Раствор, 1.2, <PyQt5.QtGui.QColor object at 0x00000254E877C520>
2026-02-07 20:22:14,866 [DEBUG] WellApp.gui: Добавлен Fluid: Буфер 3, Буфер, 1.5, <PyQt5.QtGui.QColor object at 0x00000254E877C360>
2026-02-07 20:22:14,866 [DEBUG] WellApp.gui: Итоговое содержимое fluids: ['Раствор 1', 'Раствор 2', 'Буфер 3']
2026-02-07 20:22:14,867 [DEBUG] WellApp.gui: Кейс успешно сохранён
2026-02-07 20:38:34,817 [DEBUG] WellApp: Логгер WellApp настроен. Файл лога: C:\Users\pasha\OneDrive\Рабочий стол\WellLib\csg\program_debug.log
2026-02-07 20:38:34,850 [INFO] WellApp.gui: Запуск WellApp из csg.py
2026-02-07 20:38:34,880 [DEBUG] WellApp.gui: Инициализация WellApp
2026-02-07 20:38:34,882 [DEBUG] WellApp.graphics: BHA элементов (снизу вверх): []
2026-02-07 20:38:34,883 [DEBUG] WellApp.trajectory: Инициализация TrajectoryTab
2026-02-07 20:38:35,024 [DEBUG] WellApp.trajectory: Добавлена точка траектории, всего строк: 1
2026-02-07 20:38:35,026 [DEBUG] WellApp.gui: Инициализация BalanceTab
2026-02-07 20:38:35,027 [DEBUG] WellApp.gui: Инициализация DisplacementTab
2026-02-07 20:38:35,038 [DEBUG] WellApp.gui: Инициализация вкладки 'Жидкости'
2026-02-07 20:38:35,040 [DEBUG] WellApp.gui: populate_fluid_combos: обновлено 1 жидкостей
2026-02-07 20:38:35,040 [DEBUG] WellApp.gui: populate_fluid_combo: обновлено 1 жидкостей
2026-02-07 20:38:35,040 [DEBUG] WellApp.gui: Добавлена жидкость: Раствор 1, 1.2 г/см³, тип Раствор
2026-02-07 20:38:35,041 [DEBUG] WellApp.gui: populate_fluid_combos: обновлено 1 жидкостей
2026-02-07 20:38:35,041 [DEBUG] WellApp.gui: Инициализация вкладки 'Конструкция'
2026-02-07 20:38:35,043 [DEBUG] WellApp.gui: Добавлена строка колонны, всего строк: 1
2026-02-07 20:38:35,043 [DEBUG] WellApp.gui: Инициализация вкладки 'КНБК'
2026-02-07 20:38:35,044 [DEBUG] WellApp.gui: Добавлена строка КНБК, всего строк: 1
2026-02-07 20:38:35,044 [DEBUG] WellApp.gui: Инициализация вкладки 'Объёмы'
2026-02-07 20:38:39,217 [DEBUG] WellApp.gui: Открытие менеджера кейсов
2026-02-07 20:38:44,492 [INFO] WellApp.gui: Выбран кейс: C:\Users\pasha\OneDrive\Рабочий стол\WellLib\csg\cases\Проект Тест\НМР Тест\123 Тест\Кейс Тест.json
2026-02-07 20:38:44,492 [DEBUG] WellApp.gui: Загрузка кейса из C:\Users\pasha\OneDrive\Рабочий стол\WellLib\csg\cases\Проект Тест\НМР Тест\123 Тест\Кейс Тест.json
2026-02-07 20:38:44,502 [DEBUG] WellApp.gui: _get_md_tvd_points: собранo 0 точек MD–TVD
2026-02-07 20:38:55,678 [DEBUG] WellApp: Логгер WellApp настроен. Файл лога: C:\Users\pasha\OneDrive\Рабочий стол\WellLib\csg\program_debug.log
2026-02-07 20:38:55,698 [INFO] WellApp.gui: Запуск WellApp из csg.py
2026-02-07 20:38:55,728 [DEBUG] WellApp.gui: Инициализация WellApp
2026-02-07 20:38:55,730 [DEBUG] WellApp.graphics: BHA элементов (снизу вверх): []
2026-02-07 20:38:55,731 [DEBUG] WellApp.trajectory: Инициализация TrajectoryTab
2026-02-07 20:38:55,887 [DEBUG] WellApp.trajectory: Добавлена точка траектории, всего строк: 1
2026-02-07 20:38:55,889 [DEBUG] WellApp.gui: Инициализация BalanceTab
2026-02-07 20:38:55,890 [DEBUG] WellApp.gui: Инициализация DisplacementTab
2026-02-07 20:38:55,900 [DEBUG] WellApp.gui: Инициализация вкладки 'Жидкости'
2026-02-07 20:38:55,901 [DEBUG] WellApp.gui: populate_fluid_combos: обновлено 1 жидкостей
2026-02-07 20:38:55,902 [DEBUG] WellApp.gui: Добавлена жидкость: Раствор 1, 1.2 г/см³, тип Раствор
2026-02-07 20:38:55,902 [DEBUG] WellApp.gui: populate_fluid_combos: обновлено 1 жидкостей
2026-02-07 20:38:55,902 [DEBUG] WellApp.gui: Инициализация вкладки 'Конструкция'
2026-02-07 20:38:55,905 [DEBUG] WellApp.gui: Добавлена строка колонны, всего строк: 1
2026-02-07 20:38:55,905 [DEBUG] WellApp.gui: Инициализация вкладки 'КНБК'
2026-02-07 20:38:55,906 [DEBUG] WellApp.gui: Добавлена строка КНБК, всего строк: 1
2026-02-07 20:38:55,906 [DEBUG] WellApp.gui: Инициализация вкладки 'Объёмы'
2026-02-07 20:42:42,236 [DEBUG] WellApp: Логгер WellApp настроен. Файл лога: C:\Users\pasha\OneDrive\Рабочий стол\WellLib\csg\program_debug.log
2026-02-07 20:42:42,255 [INFO] WellApp.gui: Запуск WellApp из csg.py
2026-02-07 20:42:42,287 [DEBUG] WellApp.gui: Инициализация WellApp
2026-02-07 20:42:42,289 [DEBUG] WellApp.graphics: BHA элементов (снизу вверх): []
2026-02-07 20:42:42,289 [DEBUG] WellApp.trajectory: Инициализация TrajectoryTab
2026-02-07 20:42:42,433 [DEBUG] WellApp.trajectory: Добавлена точка траектории, всего строк: 1
2026-02-07 20:42:42,435 [DEBUG] WellApp.gui: Инициализация BalanceTab
2026-02-07 20:42:42,436 [DEBUG] WellApp.gui: Инициализация DisplacementTab
2026-02-07 20:42:42,448 [DEBUG] WellApp.gui: Инициализация вкладки 'Жидкости'
2026-02-07 20:42:42,450 [DEBUG] WellApp.gui: populate_fluid_combos: обновлено 1 жидкостей
2026-02-07 20:42:42,450 [DEBUG] WellApp.gui: Добавлена жидкость: Раствор 1, 1.2 г/см³, тип Раствор
2026-02-07 20:42:42,450 [DEBUG] WellApp.gui: populate_fluid_combos: обновлено 1 жидкостей
2026-02-07 20:42:42,450 [DEBUG] WellApp.gui: Инициализация вкладки 'Конструкция'
2026-02-07 20:42:42,453 [DEBUG] WellApp.gui: Добавлена строка колонны, всего строк: 1
2026-02-07 20:42:42,453 [DEBUG] WellApp.gui: Инициализация вкладки 'КНБК'
2026-02-07 20:42:42,454 [DEBUG] WellApp.gui: Добавлена строка КНБК, всего строк: 1
2026-02-07 20:42:42,455 [DEBUG] WellApp.gui: Инициализация вкладки 'Объёмы'
2026-02-07 20:42:50,048 [INFO] WellApp.gui: Выбран кейс: C:\Users\pasha\OneDrive\Рабочий стол\WellLib\csg\cases\Проект Тест\НМР Тест\123 Тест\Кейс Тест.json
2026-02-07 20:42:50,048 [DEBUG] WellApp.gui: Загрузка кейса из C:\Users\pasha\OneDrive\Рабочий стол\WellLib\csg\cases\Проект Тест\НМР Тест\123 Тест\Кейс Тест.json
2026-02-07 20:42:50,049 [DEBUG] WellApp.gui: _get_md_tvd_points: собранo 4 точек MD–TVD
2026-02-07 20:42:50,049 [DEBUG] WellApp.gui: update_tvd_display: TVD=2233.86 м по максимальной траектории (MD=2500.0 м)
2026-02-07 20:42:50,050 [DEBUG] WellApp.gui: populate_fluid_combos: обновлено 3 жидкостей
2026-02-07 20:42:50,050 [DEBUG] WellApp.gui: Старт расчёта объёмов и построения схемы
2026-02-07 20:42:50,050 [DEBUG] WellApp.utils: compute_casing_params -> OD=244.500, ID=216.000, wall=14.250
2026-02-07 20:42:50,050 [DEBUG] WellApp.utils: compute_casing_params -> OD=177.800, ID=160.000, wall=8.900
2026-02-07 20:42:50,050 [WARNING] WellApp.geom: Casing 'Open Hole': ID >= OD (id=152.400 мм, od=152.400 мм) — проверьте данные
2026-02-07 20:42:50,051 [DEBUG] WellApp.gui: Суммарная MD конструкции: 2500.000 м
2026-02-07 20:42:50,051 [DEBUG] WellApp.gui: Передана глубина конструкции в BalanceTab: MD=2500.000 м
2026-02-07 20:42:50,051 [DEBUG] WellApp.utils: normalize_bha_name: 'Drill Pipe' -> 'Drill Pipe'
2026-02-07 20:42:50,051 [DEBUG] WellApp.utils: normalize_bha_name: 'Heavy Weight' -> 'Heavy Weight'
2026-02-07 20:42:50,051 [DEBUG] WellApp.utils: normalize_bha_name: 'Drill Collar' -> 'Drill Collar'
2026-02-07 20:42:50,052 [DEBUG] WellApp.utils: normalize_bha_name: 'Mud Motor' -> 'Mud Motor'
2026-02-07 20:42:50,052 [DEBUG] WellApp.utils: normalize_bha_name: 'Bit' -> 'Bit'
2026-02-07 20:42:50,052 [DEBUG] WellApp.gui: Добавлен Fluid: Раствор 1, Раствор, 1.2, <PyQt5.QtGui.QColor object at 0x0000018E40F88520>
2026-02-07 20:42:50,052 [DEBUG] WellApp.gui: Добавлен Fluid: Раствор 2, Раствор, 1.2, <PyQt5.QtGui.QColor object at 0x0000018E40F884B0>
2026-02-07 20:42:50,053 [DEBUG] WellApp.gui: Добавлен Fluid: Буфер 3, Буфер, 1.5, <PyQt5.QtGui.QColor object at 0x0000018E40F88750>
2026-02-07 20:42:50,053 [DEBUG] WellApp.gui: Итоговое содержимое fluids: ['Раствор 1', 'Раствор 2', 'Буфер 3']
2026-02-07 20:42:50,053 [DEBUG] WellApp.volumes: calculate_volumes: старт расчёта, casings=3, bha=5
2026-02-07 20:42:50,053 [DEBUG] WellApp.volumes: calculate_volumes: завершено. V_casings=57.602, V_bha_int=16.972, V_bha_disp=33.890, V_annulus=23.712
2026-02-07 20:42:50,055 [DEBUG] WellApp.graphics: BHA элементов (снизу вверх): ['Drill Pipe L=2209.70, OD=127.0', 'Heavy Weight L=200.00, OD=139.7', 'Drill Collar L=80.00, OD=203.0', 'Mud Motor L=10.00, OD=172.0', 'Bit L=0.30, OD=215.9']
2026-02-07 20:42:50,060 [DEBUG] WellApp.gui: Расчёт объёмов и обновление схемы завершены успешно
2026-02-07 20:53:31,188 [DEBUG] WellApp: Логгер WellApp настроен. Файл лога: C:\Users\pasha\OneDrive\Рабочий стол\WellLib\csg\program_debug.log
2026-02-07 20:53:31,210 [INFO] WellApp.gui: Запуск WellApp из csg.py
2026-02-07 20:53:31,241 [DEBUG] WellApp.gui: Инициализация WellApp
2026-02-07 20:53:31,244 [DEBUG] WellApp.graphics: BHA элементов (снизу вверх): []
2026-02-07 20:53:31,244 [DEBUG] WellApp.trajectory: Инициализация TrajectoryTab
2026-02-07 20:53:31,392 [DEBUG] WellApp.trajectory: Добавлена точка траектории, всего строк: 1
2026-02-07 20:53:31,394 [DEBUG] WellApp.gui: Инициализация BalanceTab
2026-02-07 20:53:31,395 [DEBUG] WellApp.gui: Инициализация DisplacementTab
2026-02-07 20:53:31,395 [DEBUG] WellApp.gui: Инициализация DisplacementTab
2026-02-07 20:53:31,405 [DEBUG] WellApp.gui: Инициализация вкладки 'Жидкости'
2026-02-07 20:53:31,407 [DEBUG] WellApp.gui: populate_fluid_combos: обновлено 1 жидкостей
2026-02-07 20:53:31,407 [DEBUG] WellApp.gui: Добавлена жидкость: Раствор 1, 1.2 г/см³, тип Раствор
2026-02-07 20:53:31,407 [DEBUG] WellApp.gui: populate_fluid_combos: обновлено 1 жидкостей
2026-02-07 20:53:31,407 [DEBUG] WellApp.gui: populate_fluid_combo: обновлено 1 жидкостей
2026-02-07 20:53:31,407 [DEBUG] WellApp.gui: Инициализация вкладки 'Конструкция'
2026-02-07 20:53:31,409 [DEBUG] WellApp.gui: Добавлена строка колонны, всего строк: 1
2026-02-07 20:53:31,410 [DEBUG] WellApp.gui: Инициализация вкладки 'КНБК'
2026-02-07 20:53:31,411 [DEBUG] WellApp.gui: Добавлена строка КНБК, всего строк: 1
2026-02-07 20:53:31,411 [DEBUG] WellApp.gui: Инициализация вкладки 'Объёмы'
2026-02-07 20:53:34,763 [INFO] WellApp.gui: Выбран кейс: C:\Users\pasha\OneDrive\Рабочий стол\WellLib\csg\cases\Проект Тест\НМР Тест\123 Тест\Кейс Тест.json
2026-02-07 20:53:34,763 [DEBUG] WellApp.gui: Загрузка кейса из C:\Users\pasha\OneDrive\Рабочий стол\WellLib\csg\cases\Проект Тест\НМР Тест\123 Тест\Кейс Тест.json
2026-02-07 20:53:34,764 [DEBUG] WellApp.gui: _get_md_tvd_points: собранo 4 точек MD–TVD
2026-02-07 20:53:34,764 [DEBUG] WellApp.gui: update_tvd_display: TVD=2233.86 м по максимальной траектории (MD=2500.0 м)
2026-02-07 20:53:34,764 [DEBUG] WellApp.gui: populate_fluid_combos: обновлено 3 жидкостей
2026-02-07 20:53:34,764 [DEBUG] WellApp.gui: Старт расчёта объёмов и построения схемы
2026-02-07 20:53:34,765 [DEBUG] WellApp.utils: compute_casing_params -> OD=244.500, ID=216.000, wall=14.250
2026-02-07 20:53:34,765 [DEBUG] WellApp.utils: compute_casing_params -> OD=177.800, ID=160.000, wall=8.900
2026-02-07 20:53:34,765 [WARNING] WellApp.geom: Casing 'Open Hole': ID >= OD (id=152.400 мм, od=152.400 мм) — проверьте данные
2026-02-07 20:53:34,765 [DEBUG] WellApp.gui: Суммарная MD конструкции: 2500.000 м
2026-02-07 20:53:34,765 [DEBUG] WellApp.gui: Передана глубина конструкции в BalanceTab: MD=2500.000 м
2026-02-07 20:53:34,765 [DEBUG] WellApp.gui: Передана глубина конструкции в DisplacementTab: MD=2500.000 м
2026-02-07 20:53:34,765 [DEBUG] WellApp.utils: normalize_bha_name: 'Drill Pipe' -> 'Drill Pipe'
2026-02-07 20:53:34,765 [DEBUG] WellApp.utils: normalize_bha_name: 'Heavy Weight' -> 'Heavy Weight'
2026-02-07 20:53:34,765 [DEBUG] WellApp.utils: normalize_bha_name: 'Drill Collar' -> 'Drill Collar'
2026-02-07 20:53:34,765 [DEBUG] WellApp.utils: normalize_bha_name: 'Mud Motor' -> 'Mud Motor'
2026-02-07 20:53:34,765 [DEBUG] WellApp.utils: normalize_bha_name: 'Bit' -> 'Bit'
2026-02-07 20:53:34,766 [DEBUG] WellApp.gui: Добавлен Fluid: Раствор 1, Раствор, 1.2, <PyQt5.QtGui.QColor object at 0x000001DA86118520>
2026-02-07 20:53:34,766 [DEBUG] WellApp.gui: Добавлен Fluid: Раствор 2, Раствор, 1.2, <PyQt5.QtGui.QColor object at 0x000001DA861184B0>
2026-02-07 20:53:34,766 [DEBUG] WellApp.gui: Добавлен Fluid: Буфер 3, Буфер, 1.5, <PyQt5.QtGui.QColor object at 0x000001DA861187C0>
2026-02-07 20:53:34,766 [DEBUG] WellApp.gui: Итоговое содержимое fluids: ['Раствор 1', 'Раствор 2', 'Буфер 3']
2026-02-07 20:53:34,766 [DEBUG] WellApp.volumes: calculate_volumes: старт расчёта, casings=3, bha=5
2026-02-07 20:53:34,766 [DEBUG] WellApp.volumes: calculate_volumes: завершено. V_casings=57.602, V_bha_int=16.972, V_bha_disp=33.890, V_annulus=23.712
2026-02-07 20:53:34,767 [DEBUG] WellApp.graphics: BHA элементов (снизу вверх): ['Drill Pipe L=2209.70, OD=127.0', 'Heavy Weight L=200.00, OD=139.7', 'Drill Collar L=80.00, OD=203.0', 'Mud Motor L=10.00, OD=172.0', 'Bit L=0.30, OD=215.9']
2026-02-07 20:53:34,773 [DEBUG] WellApp.gui: Расчёт объёмов и обновление схемы завершены успешно
2026-02-07 20:53:37,320 [DEBUG] WellApp.gui: Переключение на вкладку 'Отдувка'
2026-02-07 20:53:37,321 [DEBUG] WellApp.gui: populate_fluid_combo: обновлено 3 жидкостей
2026-02-07 20:53:37,321 [DEBUG] WellApp.gui: _get_md_tvd_points (Отдувка): собрано 4 точек MD–TVD
2026-02-07 20:53:37,321 [DEBUG] WellApp.gui: _get_md_tvd_points (Отдувка): собрано 4 точек MD–TVD
2026-02-07 20:53:37,321 [DEBUG] WellApp.gui: update_tvd_display (Отдувка): TVD=2233.86 м для MD=2500.0 м (конструкция=2500.0 м, max_MD_траектории=2500.0 м)
2026-02-07 20:53:44,328 [DEBUG] WellApp.gui: run_displacement_calc: запуск
2026-02-07 20:53:44,328 [DEBUG] WellApp.gui: _get_md_tvd_points (Отдувка): собрано 4 точек MD–TVD
2026-02-07 20:53:44,329 [DEBUG] WellApp.gui: _get_md_tvd_points (Отдувка): собрано 4 точек MD–TVD
2026-02-07 20:53:44,329 [DEBUG] WellApp.gui: run_displacement_calc: используем TVD=2233.86 м для MD конструкции=2500.0 м (max_MD_траектории=2500.0 м)
2026-02-07 20:53:44,329 [DEBUG] WellApp.gui: run_displacement_calc: fluid=Раствор 2 (ρ=1.200)
2026-02-07 20:53:44,329 [DEBUG] WellApp.balance: === Запуск calculate_balance ===
2026-02-07 20:53:44,329 [DEBUG] WellApp.balance: Входные: P_res=20000000.0, max_tvd_m=None, D_tubing_mm=100.0, D_well_mm=200.0, D_knbk_mm=0.0, L_knbk_m=0.0
2026-02-07 20:53:44,329 [DEBUG] WellApp.balance: max_tvd_m взят из второго позиционного аргумента: 2233.86
2026-02-07 20:53:44,330 [DEBUG] WellApp.balance: Плотности: rho_t=1200.0, rho_a=1200.0
2026-02-07 20:53:44,330 [DEBUG] WellApp.balance: Требуемые высоты: h_req_t=1698.9466530750935, h_req_a=1698.9466530750935
2026-02-07 20:53:44,330 [DEBUG] WellApp.balance: Фактические высоты (с учётом TVD): h_t=1698.9466530750935, h_a=1698.9466530750935
2026-02-07 20:53:44,330 [DEBUG] WellApp.balance: Давления на пласте: p_t=20000000.0, p_a=20000000.0, diff_t=0.0, diff_a=0.0, diff_channels=0.0
2026-02-07 20:53:44,330 [DEBUG] WellApp.balance: Геометрия (м): D_t_id=0.1, D_w=0.2, D_k_od=0.0, L_knbk_m=0.0
2026-02-07 20:53:44,330 [DEBUG] WellApp.balance: Площадь трубы A_full=0.007853981633974483; V_t=13.343495810354202
2026-02-07 20:53:44,330 [DEBUG] WellApp.balance: Площадь затруба A_annulus=0.023561944901923454; V_a=40.03048743106262
2026-02-07 20:53:44,330 [DEBUG] WellApp.balance: === Расчёт calculate_balance завершён успешно ===
2026-02-07 20:53:44,330 [DEBUG] WellApp.gui: Результаты расчёта отдувки: h_t=1698.95, h_a=1698.95, V_t=13.343, V_a=40.030
2026-02-07 20:53:44,331 [DEBUG] WellApp.graphics: draw_fluids: нарисованы столбы h_t=1698.95 м, h_a=1698.95 м (bottom_y=2500.00, total_depth_md=2500.00)
2026-02-07 20:53:51,388 [DEBUG] WellApp.gui: run_displacement_calc: запуск
2026-02-07 20:53:51,388 [DEBUG] WellApp.gui: _get_md_tvd_points (Отдувка): собрано 4 точек MD–TVD
2026-02-07 20:53:51,388 [DEBUG] WellApp.gui: _get_md_tvd_points (Отдувка): собрано 4 точек MD–TVD
2026-02-07 20:53:51,389 [DEBUG] WellApp.gui: run_displacement_calc: используем TVD=2233.86 м для MD конструкции=2500.0 м (max_MD_траектории=2500.0 м)
2026-02-07 20:53:51,389 [DEBUG] WellApp.gui: run_displacement_calc: fluid=Буфер 3 (ρ=1.500)
2026-02-07 20:53:51,389 [DEBUG] WellApp.balance: === Запуск calculate_balance ===
2026-02-07 20:53:51,389 [DEBUG] WellApp.balance: Входные: P_res=20000000.0, max_tvd_m=None, D_tubing_mm=100.0, D_well_mm=200.0, D_knbk_mm=0.0, L_knbk_m=0.0
2026-02-07 20:53:51,390 [DEBUG] WellApp.balance: max_tvd_m взят из второго позиционного аргумента: 2233.86
2026-02-07 20:53:51,390 [DEBUG] WellApp.balance: Плотности: rho_t=1500.0, rho_a=1500.0
2026-02-07 20:53:51,390 [DEBUG] WellApp.balance: Требуемые высоты: h_req_t=1359.1573224600747, h_req_a=1359.1573224600747
2026-02-07 20:53:51,390 [DEBUG] WellApp.balance: Фактические высоты (с учётом TVD): h_t=1359.1573224600747, h_a=1359.1573224600747
2026-02-07 20:53:51,390 [DEBUG] WellApp.balance: Давления на пласте: p_t=20000000.0, p_a=20000000.0, diff_t=0.0, diff_a=0.0, diff_channels=0.0
2026-02-07 20:53:51,390 [DEBUG] WellApp.balance: Геометрия (м): D_t_id=0.1, D_w=0.2, D_k_od=0.0, L_knbk_m=0.0
2026-02-07 20:53:51,390 [DEBUG] WellApp.balance: Площадь трубы A_full=0.007853981633974483; V_t=10.674796648283362
2026-02-07 20:53:51,390 [DEBUG] WellApp.balance: Площадь затруба A_annulus=0.023561944901923454; V_a=32.02438994485009
2026-02-07 20:53:51,390 [DEBUG] WellApp.balance: === Расчёт calculate_balance завершён успешно ===
2026-02-07 20:53:51,390 [DEBUG] WellApp.gui: Результаты расчёта отдувки: h_t=1359.16, h_a=1359.16, V_t=10.675, V_a=32.024
2026-02-07 20:53:51,391 [DEBUG] WellApp.graphics: draw_fluids: нарисованы столбы h_t=1359.16 м, h_a=1359.16 м (bottom_y=2500.00, total_depth_md=2500.00)
2026-02-07 20:54:06,522 [DEBUG] WellApp.gui: Сохранение кейса в C:\Users\pasha\OneDrive\Рабочий стол\WellLib\csg\cases\Проект Тест\НМР Тест\123 Тест\Кейс Тест.json
2026-02-07 20:54:06,522 [DEBUG] WellApp.gui: Добавлен Fluid: Раствор 1, Раствор, 1.2, <PyQt5.QtGui.QColor object at 0x000001DA861184B0>
2026-02-07 20:54:06,522 [DEBUG] WellApp.gui: Добавлен Fluid: Раствор 2, Раствор, 1.2, <PyQt5.QtGui.QColor object at 0x000001DA86118520>
2026-02-07 20:54:06,523 [DEBUG] WellApp.gui: Добавлен Fluid: Буфер 3, Буфер, 1.5, <PyQt5.QtGui.QColor object at 0x000001DA86118590>
2026-02-07 20:54:06,523 [DEBUG] WellApp.gui: Итоговое содержимое fluids: ['Раствор 1', 'Раствор 2', 'Буфер 3']
2026-02-07 20:54:06,525 [DEBUG] WellApp.gui: Кейс успешно сохранён
2026-02-07 20:55:53,237 [DEBUG] WellApp.gui: Сохранение кейса в C:\Users\pasha\OneDrive\Рабочий стол\WellLib\csg\cases\Проект Тест\НМР Тест\123 Тест\Кейс Тест.json
2026-02-07 20:55:53,237 [DEBUG] WellApp.gui: Добавлен Fluid: Раствор 1, Раствор, 1.2, <PyQt5.QtGui.QColor object at 0x000001DA86118520>
2026-02-07 20:55:53,237 [DEBUG] WellApp.gui: Добавлен Fluid: Раствор 2, Раствор, 1.2, <PyQt5.QtGui.QColor object at 0x000001DA861184B0>
2026-02-07 20:55:53,238 [DEBUG] WellApp.gui: Добавлен Fluid: Буфер 3, Буфер, 1.5, <PyQt5.QtGui.QColor object at 0x000001DA861187C0>
2026-02-07 20:55:53,238 [DEBUG] WellApp.gui: Итоговое содержимое fluids: ['Раствор 1', 'Раствор 2', 'Буфер 3']
2026-02-07 20:55:53,239 [DEBUG] WellApp.gui: Кейс успешно сохранён
2026-02-07 21:03:20,321 [DEBUG] WellApp: Логгер WellApp настроен. Файл лога: C:\Users\pasha\OneDrive\Рабочий стол\WellLib\csg\program_debug.log
2026-02-07 21:03:20,347 [INFO] WellApp.gui: Запуск WellApp из csg.py
2026-02-07 21:03:20,377 [DEBUG] WellApp.gui: Инициализация WellApp
2026-02-07 21:03:20,380 [DEBUG] WellApp.graphics: BHA элементов (снизу вверх): []
2026-02-07 21:03:20,380 [DEBUG] WellApp.trajectory: Инициализация TrajectoryTab
2026-02-07 21:03:20,553 [DEBUG] WellApp.trajectory: Добавлена точка траектории, всего строк: 1
2026-02-07 21:03:20,555 [DEBUG] WellApp.gui: Инициализация BalanceTab
2026-02-07 21:03:20,556 [DEBUG] WellApp.gui: Инициализация DisplacementTab
2026-02-07 21:03:20,556 [DEBUG] WellApp.gui: Инициализация DisplacementTab
2026-02-07 21:03:20,567 [DEBUG] WellApp.gui: Инициализация вкладки 'Жидкости'
2026-02-07 21:03:20,568 [DEBUG] WellApp.gui: populate_fluid_combos: обновлено 1 жидкостей
2026-02-07 21:03:20,569 [DEBUG] WellApp.gui: Добавлена жидкость: Раствор 1, 1.2 г/см³, тип Раствор
2026-02-07 21:03:20,569 [DEBUG] WellApp.gui: populate_fluid_combos: обновлено 1 жидкостей
2026-02-07 21:03:20,569 [DEBUG] WellApp.gui: populate_fluid_combo: обновлено 1 жидкостей
2026-02-07 21:03:20,569 [DEBUG] WellApp.gui: Инициализация вкладки 'Конструкция'
2026-02-07 21:03:20,572 [DEBUG] WellApp.gui: Добавлена строка колонны, всего строк: 1
2026-02-07 21:03:20,572 [DEBUG] WellApp.gui: Инициализация вкладки 'КНБК'
2026-02-07 21:03:20,574 [DEBUG] WellApp.gui: Добавлена строка КНБК, всего строк: 1
2026-02-07 21:03:20,575 [DEBUG] WellApp.gui: Инициализация вкладки 'Объёмы'
2026-02-07 21:03:25,955 [INFO] WellApp.gui: Выбран кейс: C:\Users\pasha\OneDrive\Рабочий стол\WellLib\csg\cases\Проект Тест\НМР Тест\123 Тест\Кейс Тест.json
2026-02-07 21:03:25,955 [DEBUG] WellApp.gui: Загрузка кейса из C:\Users\pasha\OneDrive\Рабочий стол\WellLib\csg\cases\Проект Тест\НМР Тест\123 Тест\Кейс Тест.json
2026-02-07 21:03:25,962 [DEBUG] WellApp.gui: _get_md_tvd_points: собранo 4 точек MD–TVD
2026-02-07 21:03:25,962 [DEBUG] WellApp.gui: update_tvd_display: TVD=2233.86 м по максимальной траектории (MD=2500.0 м)
2026-02-07 21:03:25,962 [DEBUG] WellApp.gui: populate_fluid_combos: обновлено 3 жидкостей
2026-02-07 21:03:25,962 [DEBUG] WellApp.gui: Старт расчёта объёмов и построения схемы
2026-02-07 21:03:25,963 [DEBUG] WellApp.utils: compute_casing_params -> OD=244.500, ID=216.000, wall=14.250
2026-02-07 21:03:25,963 [DEBUG] WellApp.utils: compute_casing_params -> OD=177.800, ID=160.000, wall=8.900
2026-02-07 21:03:25,963 [WARNING] WellApp.geom: Casing 'Open Hole': ID >= OD (id=152.400 мм, od=152.400 мм) — проверьте данные
2026-02-07 21:03:25,963 [DEBUG] WellApp.gui: Суммарная MD конструкции: 2500.000 м
2026-02-07 21:03:25,963 [DEBUG] WellApp.gui: Передана глубина конструкции в BalanceTab: MD=2500.000 м
2026-02-07 21:03:25,963 [DEBUG] WellApp.gui: Передана глубина конструкции в DisplacementTab: MD=2500.000 м
2026-02-07 21:03:25,963 [DEBUG] WellApp.utils: normalize_bha_name: 'Drill Pipe' -> 'Drill Pipe'
2026-02-07 21:03:25,963 [DEBUG] WellApp.utils: normalize_bha_name: 'Heavy Weight' -> 'Heavy Weight'
2026-02-07 21:03:25,964 [DEBUG] WellApp.utils: normalize_bha_name: 'Drill Collar' -> 'Drill Collar'
2026-02-07 21:03:25,964 [DEBUG] WellApp.utils: normalize_bha_name: 'Mud Motor' -> 'Mud Motor'
2026-02-07 21:03:25,964 [DEBUG] WellApp.utils: normalize_bha_name: 'Bit' -> 'Bit'
2026-02-07 21:03:25,964 [DEBUG] WellApp.gui: Добавлен Fluid: Раствор 1, Раствор, 1.2, <PyQt5.QtGui.QColor object at 0x0000025E6F2D8590>
2026-02-07 21:03:25,964 [DEBUG] WellApp.gui: Добавлен Fluid: Раствор 2, Раствор, 1.2, <PyQt5.QtGui.QColor object at 0x0000025E6F2D84B0>
2026-02-07 21:03:25,964 [DEBUG] WellApp.gui: Добавлен Fluid: Буфер 3, Буфер, 1.5, <PyQt5.QtGui.QColor object at 0x0000025E6F2D87C0>
2026-02-07 21:03:25,964 [DEBUG] WellApp.gui: Итоговое содержимое fluids: ['Раствор 1', 'Раствор 2', 'Буфер 3']
2026-02-07 21:03:25,964 [DEBUG] WellApp.volumes: calculate_volumes: старт расчёта, casings=3, bha=5
2026-02-07 21:03:25,964 [DEBUG] WellApp.volumes: calculate_volumes: завершено. V_casings=57.602, V_bha_int=16.972, V_bha_disp=33.890, V_annulus=23.712
2026-02-07 21:03:25,966 [DEBUG] WellApp.graphics: BHA элементов (снизу вверх): ['Drill Pipe L=2209.70, OD=127.0', 'Heavy Weight L=200.00, OD=139.7', 'Drill Collar L=80.00, OD=203.0', 'Mud Motor L=10.00, OD=172.0', 'Bit L=0.30, OD=215.9']
2026-02-07 21:03:25,972 [DEBUG] WellApp.gui: Расчёт объёмов и обновление схемы завершены успешно
2026-02-07 21:03:31,209 [DEBUG] WellApp.gui: _get_md_tvd_points: собранo 4 точек MD–TVD
2026-02-07 21:03:31,209 [DEBUG] WellApp.gui: _get_md_tvd_points: собранo 4 точек MD–TVD
2026-02-07 21:03:31,209 [DEBUG] WellApp.gui: update_tvd_display: TVD=2233.86 м для MD=2500.0 м (конструкция=2500.0 м, max_MD_траектории=2500.0 м)
2026-02-07 21:03:31,394 [DEBUG] WellApp.gui: _get_md_tvd_points: собранo 4 точек MD–TVD
2026-02-07 21:03:31,394 [DEBUG] WellApp.gui: _get_md_tvd_points: собранo 4 точек MD–TVD
2026-02-07 21:03:31,395 [DEBUG] WellApp.gui: update_tvd_display: TVD=2233.86 м для MD=2500.0 м (конструкция=2500.0 м, max_MD_траектории=2500.0 м)
2026-02-07 21:03:31,519 [WARNING] WellApp.trajectory: update_tvd: некорректная альтитуда '', принята 0.0
2026-02-07 21:03:31,520 [DEBUG] WellApp.gui: _get_md_tvd_points: собранo 4 точек MD–TVD
2026-02-07 21:03:31,520 [DEBUG] WellApp.gui: _get_md_tvd_points: собранo 4 точек MD–TVD
2026-02-07 21:03:31,520 [DEBUG] WellApp.gui: update_tvd_display: TVD=2233.86 м для MD=2500.0 м (конструкция=2500.0 м, max_MD_траектории=2500.0 м)
2026-02-07 21:03:32,480 [DEBUG] WellApp.gui: _get_md_tvd_points: собранo 4 точек MD–TVD
2026-02-07 21:03:32,480 [DEBUG] WellApp.gui: _get_md_tvd_points: собранo 4 точек MD–TVD
2026-02-07 21:03:32,480 [DEBUG] WellApp.gui: update_tvd_display: TVD=2234.86 м для MD=2500.0 м (конструкция=2500.0 м, max_MD_траектории=2500.0 м)
2026-02-07 21:03:33,134 [DEBUG] WellApp.gui: _get_md_tvd_points: собранo 4 точек MD–TVD
2026-02-07 21:03:33,134 [DEBUG] WellApp.gui: _get_md_tvd_points: собранo 4 точек MD–TVD
2026-02-07 21:03:33,134 [DEBUG] WellApp.gui: update_tvd_display: TVD=2248.86 м для MD=2500.0 м (конструкция=2500.0 м, max_MD_траектории=2500.0 м)
2026-02-07 21:03:35,246 [DEBUG] WellApp.gui: _get_md_tvd_points: собранo 4 точек MD–TVD
2026-02-07 21:03:35,246 [DEBUG] WellApp.gui: _get_md_tvd_points: собранo 4 точек MD–TVD
2026-02-07 21:03:35,246 [DEBUG] WellApp.gui: update_tvd_display: TVD=2248.86 м для MD=2500.0 м (конструкция=2500.0 м, max_MD_траектории=2500.0 м)
2026-02-07 21:03:35,397 [DEBUG] WellApp.gui: _get_md_tvd_points: собранo 4 точек MD–TVD
2026-02-07 21:03:35,397 [DEBUG] WellApp.gui: _get_md_tvd_points: собранo 4 точек MD–TVD
2026-02-07 21:03:35,397 [DEBUG] WellApp.gui: update_tvd_display: TVD=2248.86 м для MD=2500.0 м (конструкция=2500.0 м, max_MD_траектории=2500.0 м)
2026-02-07 21:03:35,537 [WARNING] WellApp.trajectory: update_tvd: некорректная поправка азимута '', принята 0.0
2026-02-07 21:03:35,538 [DEBUG] WellApp.gui: _get_md_tvd_points: собранo 4 точек MD–TVD
2026-02-07 21:03:35,538 [DEBUG] WellApp.gui: _get_md_tvd_points: собранo 4 точек MD–TVD
2026-02-07 21:03:35,538 [DEBUG] WellApp.gui: update_tvd_display: TVD=2248.86 м для MD=2500.0 м (конструкция=2500.0 м, max_MD_траектории=2500.0 м)
2026-02-07 21:03:36,541 [WARNING] WellApp.trajectory: update_tvd: некорректная поправка азимута 'ё', принята 0.0
2026-02-07 21:03:36,541 [DEBUG] WellApp.gui: _get_md_tvd_points: собранo 4 точек MD–TVD
2026-02-07 21:03:36,541 [DEBUG] WellApp.gui: _get_md_tvd_points: собранo 4 точек MD–TVD
2026-02-07 21:03:36,541 [DEBUG] WellApp.gui: update_tvd_display: TVD=2248.86 м для MD=2500.0 м (конструкция=2500.0 м, max_MD_траектории=2500.0 м)
2026-02-07 21:03:36,717 [WARNING] WellApp.trajectory: update_tvd: некорректная поправка азимута 'ё1', принята 0.0
2026-02-07 21:03:36,717 [DEBUG] WellApp.gui: _get_md_tvd_points: собранo 4 точек MD–TVD
2026-02-07 21:03:36,718 [DEBUG] WellApp.gui: _get_md_tvd_points: собранo 4 точек MD–TVD
2026-02-07 21:03:36,718 [DEBUG] WellApp.gui: update_tvd_display: TVD=2248.86 м для MD=2500.0 м (конструкция=2500.0 м, max_MD_траектории=2500.0 м)
2026-02-07 21:03:48,869 [DEBUG] WellApp.gui: Старт расчёта объёмов и построения схемы
2026-02-07 21:03:48,869 [DEBUG] WellApp.utils: compute_casing_params -> OD=244.500, ID=216.000, wall=14.250
2026-02-07 21:03:48,870 [DEBUG] WellApp.utils: compute_casing_params -> OD=177.800, ID=160.000, wall=8.900
2026-02-07 21:03:48,870 [WARNING] WellApp.geom: Casing 'Open Hole': ID >= OD (id=152.400 мм, od=152.400 мм) — проверьте данные
2026-02-07 21:03:48,870 [DEBUG] WellApp.gui: Суммарная MD конструкции: 2500.000 м
2026-02-07 21:03:48,870 [DEBUG] WellApp.gui: Передана глубина конструкции в BalanceTab: MD=2500.000 м
2026-02-07 21:03:48,870 [DEBUG] WellApp.gui: Передана глубина конструкции в DisplacementTab: MD=2500.000 м
2026-02-07 21:03:48,871 [DEBUG] WellApp.utils: normalize_bha_name: 'Drill Pipe' -> 'Drill Pipe'
2026-02-07 21:03:48,871 [DEBUG] WellApp.utils: normalize_bha_name: 'Heavy Weight' -> 'Heavy Weight'
2026-02-07 21:03:48,871 [DEBUG] WellApp.utils: normalize_bha_name: 'Drill Collar' -> 'Drill Collar'
2026-02-07 21:03:48,871 [DEBUG] WellApp.utils: normalize_bha_name: 'Mud Motor' -> 'Mud Motor'
2026-02-07 21:03:48,872 [DEBUG] WellApp.utils: normalize_bha_name: 'Bit' -> 'Bit'
2026-02-07 21:03:48,872 [DEBUG] WellApp.gui: Добавлен Fluid: Раствор 1, Раствор, 1.2, <PyQt5.QtGui.QColor object at 0x0000025E6F2D84B0>
2026-02-07 21:03:48,872 [DEBUG] WellApp.gui: Добавлен Fluid: Раствор 2, Раствор, 1.2, <PyQt5.QtGui.QColor object at 0x0000025E6F2D8590>
2026-02-07 21:03:48,872 [DEBUG] WellApp.gui: Добавлен Fluid: Буфер 3, Буфер, 1.5, <PyQt5.QtGui.QColor object at 0x0000025E6F2D8830>
2026-02-07 21:03:48,873 [DEBUG] WellApp.gui: Итоговое содержимое fluids: ['Раствор 1', 'Раствор 2', 'Буфер 3']
2026-02-07 21:03:48,873 [DEBUG] WellApp.volumes: calculate_volumes: старт расчёта, casings=3, bha=5
2026-02-07 21:03:48,873 [DEBUG] WellApp.volumes: calculate_volumes: завершено. V_casings=57.602, V_bha_int=16.972, V_bha_disp=33.890, V_annulus=23.712
2026-02-07 21:03:48,875 [DEBUG] WellApp.graphics: BHA элементов (снизу вверх): ['Drill Pipe L=2209.70, OD=127.0', 'Heavy Weight L=200.00, OD=139.7', 'Drill Collar L=80.00, OD=203.0', 'Mud Motor L=10.00, OD=172.0', 'Bit L=0.30, OD=215.9']
2026-02-07 21:03:48,879 [DEBUG] WellApp.gui: Расчёт объёмов и обновление схемы завершены успешно
2026-02-07 21:03:57,761 [DEBUG] WellApp.gui: Переключение на вкладку 'Равновесие'
2026-02-07 21:03:57,761 [DEBUG] WellApp.gui: populate_fluid_combos: обновлено 3 жидкостей
2026-02-07 21:03:57,761 [DEBUG] WellApp.gui: _get_md_tvd_points: собранo 4 точек MD–TVD
2026-02-07 21:03:57,761 [DEBUG] WellApp.gui: _get_md_tvd_points: собранo 4 точек MD–TVD
2026-02-07 21:03:57,762 [DEBUG] WellApp.gui: update_tvd_display: TVD=2248.86 м для MD=2500.0 м (конструкция=2500.0 м, max_MD_траектории=2500.0 м)
2026-02-07 21:04:07,792 [DEBUG] WellApp.gui: run_balance_calc: запуск
2026-02-07 21:04:07,792 [DEBUG] WellApp.gui: _get_md_tvd_points: собранo 4 точек MD–TVD
2026-02-07 21:04:07,793 [DEBUG] WellApp.gui: _get_md_tvd_points: собранo 4 точек MD–TVD
2026-02-07 21:04:07,793 [DEBUG] WellApp.gui: run_balance_calc: используем TVD=2248.86 м для MD конструкции=2500.0 м (max_MD_траектории=2500.0 м)
2026-02-07 21:04:07,793 [DEBUG] WellApp.gui: run_balance_calc: tubing=Раствор 1 (ρ=1.200), annulus=Буфер 3 (ρ=1.500)
2026-02-07 21:04:07,793 [DEBUG] WellApp.balance: === Запуск calculate_balance ===
2026-02-07 21:04:07,794 [DEBUG] WellApp.balance: Входные: P_res=20000000.0, max_tvd_m=None, D_tubing_mm=100.0, D_well_mm=200.0, D_knbk_mm=0.0, L_knbk_m=0.0
2026-02-07 21:04:07,794 [DEBUG] WellApp.balance: max_tvd_m взят из второго позиционного аргумента: 2248.86
2026-02-07 21:04:07,794 [DEBUG] WellApp.balance: Плотности: rho_t=1200.0, rho_a=1500.0
2026-02-07 21:04:07,794 [DEBUG] WellApp.balance: Требуемые высоты: h_req_t=1698.9466530750935, h_req_a=1359.1573224600747
2026-02-07 21:04:07,794 [DEBUG] WellApp.balance: Фактические высоты (с учётом TVD): h_t=1698.9466530750935, h_a=1359.1573224600747
2026-02-07 21:04:07,794 [DEBUG] WellApp.balance: Давления на пласте: p_t=20000000.0, p_a=20000000.0, diff_t=0.0, diff_a=0.0, diff_channels=0.0
2026-02-07 21:04:07,795 [DEBUG] WellApp.balance: Геометрия (м): D_t_id=0.1, D_w=0.2, D_k_od=0.0, L_knbk_m=0.0
2026-02-07 21:04:07,795 [DEBUG] WellApp.balance: Площадь трубы A_full=0.007853981633974483; V_t=13.343495810354202
2026-02-07 21:04:07,795 [DEBUG] WellApp.balance: Площадь затруба A_annulus=0.023561944901923454; V_a=32.02438994485009
2026-02-07 21:04:07,795 [DEBUG] WellApp.balance: === Расчёт calculate_balance завершён успешно ===
2026-02-07 21:04:07,795 [DEBUG] WellApp.gui: Результаты расчёта равновесия: h_t=1698.95, h_a=1359.16, V_t=13.343, V_a=32.024
2026-02-07 21:04:07,796 [DEBUG] WellApp.graphics: draw_fluids: нарисованы столбы h_t=1698.95 м, h_a=1359.16 м (bottom_y=2500.00, total_depth_md=2500.00)
2026-02-07 21:04:14,385 [DEBUG] WellApp.gui: Переключение на вкладку 'Отдувка'
2026-02-07 21:04:14,385 [DEBUG] WellApp.gui: populate_fluid_combo: обновлено 3 жидкостей
2026-02-07 21:04:14,385 [DEBUG] WellApp.gui: _get_md_tvd_points (Отдувка): собрано 4 точек MD–TVD
2026-02-07 21:04:14,386 [DEBUG] WellApp.gui: _get_md_tvd_points (Отдувка): собрано 4 точек MD–TVD
2026-02-07 21:04:14,386 [DEBUG] WellApp.gui: update_tvd_display (Отдувка): TVD=2248.86 м для MD=2500.0 м (конструкция=2500.0 м, max_MD_траектории=2500.0 м)
2026-02-07 21:04:26,616 [DEBUG] WellApp.gui: run_displacement_calc: запуск
2026-02-07 21:04:26,617 [DEBUG] WellApp.gui: _get_md_tvd_points (Отдувка): собрано 4 точек MD–TVD
2026-02-07 21:04:26,617 [DEBUG] WellApp.gui: _get_md_tvd_points (Отдувка): собрано 4 точек MD–TVD
2026-02-07 21:04:26,617 [DEBUG] WellApp.gui: run_displacement_calc: используем TVD=2248.86 м для MD конструкции=2500.0 м (max_MD_траектории=2500.0 м)
2026-02-07 21:04:26,617 [DEBUG] WellApp.gui: run_displacement_calc: fluid=Буфер 3 (ρ=1.500)
2026-02-07 21:04:26,618 [DEBUG] WellApp.balance: === Запуск calculate_balance ===
2026-02-07 21:04:26,618 [DEBUG] WellApp.balance: Входные: P_res=20000000.0, max_tvd_m=None, D_tubing_mm=100.0, D_well_mm=200.0, D_knbk_mm=0.0, L_knbk_m=0.0
2026-02-07 21:04:26,618 [DEBUG] WellApp.balance: max_tvd_m взят из второго позиционного аргумента: 2248.86
2026-02-07 21:04:26,618 [DEBUG] WellApp.balance: Плотности: rho_t=1500.0, rho_a=1500.0
2026-02-07 21:04:26,619 [DEBUG] WellApp.balance: Требуемые высоты: h_req_t=1359.1573224600747, h_req_a=1359.1573224600747
2026-02-07 21:04:26,619 [DEBUG] WellApp.balance: Фактические высоты (с учётом TVD): h_t=1359.1573224600747, h_a=1359.1573224600747
2026-02-07 21:04:26,619 [DEBUG] WellApp.balance: Давления на пласте: p_t=20000000.0, p_a=20000000.0, diff_t=0.0, diff_a=0.0, diff_channels=0.0
2026-02-07 21:04:26,619 [DEBUG] WellApp.balance: Геометрия (м): D_t_id=0.1, D_w=0.2, D_k_od=0.0, L_knbk_m=0.0
2026-02-07 21:04:26,619 [DEBUG] WellApp.balance: Площадь трубы A_full=0.007853981633974483; V_t=10.674796648283362
2026-02-07 21:04:26,619 [DEBUG] WellApp.balance: Площадь затруба A_annulus=0.023561944901923454; V_a=32.02438994485009
2026-02-07 21:04:26,620 [DEBUG] WellApp.balance: === Расчёт calculate_balance завершён успешно ===
2026-02-07 21:04:26,620 [DEBUG] WellApp.gui: Результаты расчёта отдувки: h_t=1359.16, h_a=1359.16, V_t=10.675, V_a=32.024
2026-02-07 21:04:26,621 [DEBUG] WellApp.graphics: draw_fluids: нарисованы столбы h_t=1359.16 м, h_a=1359.16 м (bottom_y=2500.00, total_depth_md=2500.00)
2026-02-08 21:59:59,093 [DEBUG] WellApp: Логгер WellApp настроен. Файл лога: C:\Users\pasha\OneDrive\Рабочий стол\WellLib\csg\program_debug.log
2026-02-08 21:59:59,140 [INFO] WellApp.gui: Запуск WellApp из csg.py
2026-02-08 21:59:59,172 [DEBUG] WellApp.gui: Инициализация WellApp
2026-02-08 21:59:59,174 [DEBUG] WellApp.graphics: BHA элементов (снизу вверх): []
2026-02-08 21:59:59,174 [DEBUG] WellApp.trajectory: Инициализация TrajectoryTab
2026-02-08 21:59:59,335 [DEBUG] WellApp.trajectory: Добавлена точка траектории, всего строк: 1
2026-02-08 21:59:59,337 [DEBUG] WellApp.gui: Инициализация BalanceTab
2026-02-08 21:59:59,339 [DEBUG] WellApp.gui: Инициализация DisplacementTab
2026-02-08 21:59:59,355 [DEBUG] WellApp.gui: Инициализация вкладки 'Жидкости'
2026-02-08 21:59:59,357 [DEBUG] WellApp.gui: populate_fluid_combos: обновлено 1 жидкостей
2026-02-08 21:59:59,358 [DEBUG] WellApp.gui: populate_fluid_combo: обновлено 1 жидкостей
2026-02-08 21:59:59,358 [DEBUG] WellApp.gui: Добавлена жидкость: Раствор 1, 1.2 г/см³, тип Раствор
2026-02-08 21:59:59,358 [DEBUG] WellApp.gui: populate_fluid_combos: обновлено 1 жидкостей
2026-02-08 21:59:59,358 [DEBUG] WellApp.gui: populate_fluid_combo: обновлено 1 жидкостей
2026-02-08 21:59:59,358 [DEBUG] WellApp.gui: Инициализация вкладки 'Конструкция'
2026-02-08 21:59:59,360 [DEBUG] WellApp.gui: Добавлена строка колонны, всего строк: 1
2026-02-08 21:59:59,360 [DEBUG] WellApp.gui: Инициализация вкладки 'КНБК'
2026-02-08 21:59:59,361 [DEBUG] WellApp.gui: Добавлена строка КНБК, всего строк: 1
2026-02-08 21:59:59,361 [DEBUG] WellApp.gui: Инициализация вкладки 'Объёмы'
2026-02-08 22:00:06,563 [INFO] WellApp.gui: Выбран кейс: C:\Users\pasha\OneDrive\Рабочий стол\WellLib\csg\cases\Проект Тест\НМР Тест\123 Тест\Кейс Тест.json
2026-02-08 22:00:06,563 [DEBUG] WellApp.gui: Загрузка кейса из C:\Users\pasha\OneDrive\Рабочий стол\WellLib\csg\cases\Проект Тест\НМР Тест\123 Тест\Кейс Тест.json
2026-02-08 22:00:06,575 [DEBUG] WellApp.gui: _get_md_tvd_points: собранo 4 точек MD–TVD
2026-02-08 22:00:06,575 [DEBUG] WellApp.gui: update_tvd_display: TVD=2233.86 м по максимальной траектории (MD=2500.0 м)
2026-02-08 22:00:06,576 [DEBUG] WellApp.gui: populate_fluid_combos: обновлено 3 жидкостей
2026-02-08 22:00:06,576 [DEBUG] WellApp.gui: populate_fluid_combo: обновлено 3 жидкостей
2026-02-08 22:00:06,576 [DEBUG] WellApp.gui: Старт расчёта объёмов и построения схемы
2026-02-08 22:00:06,576 [DEBUG] WellApp.utils: compute_casing_params -> OD=244.500, ID=216.000, wall=14.250
2026-02-08 22:00:06,576 [DEBUG] WellApp.utils: compute_casing_params -> OD=177.800, ID=160.000, wall=8.900
2026-02-08 22:00:06,576 [WARNING] WellApp.geom: Casing 'Open Hole': ID >= OD (id=152.400 мм, od=152.400 мм) — проверьте данные
2026-02-08 22:00:06,576 [DEBUG] WellApp.gui: Суммарная MD конструкции: 2500.000 м
2026-02-08 22:00:06,576 [DEBUG] WellApp.gui: Передана глубина конструкции в BalanceTab: MD=2500.000 м
2026-02-08 22:00:06,576 [DEBUG] WellApp.gui: Передана глубина конструкции в DisplacementTab: MD=2500.000 м
2026-02-08 22:00:06,576 [DEBUG] WellApp.utils: normalize_bha_name: 'Drill Pipe' -> 'Drill Pipe'
2026-02-08 22:00:06,576 [DEBUG] WellApp.utils: normalize_bha_name: 'Heavy Weight' -> 'Heavy Weight'
2026-02-08 22:00:06,576 [DEBUG] WellApp.utils: normalize_bha_name: 'Drill Collar' -> 'Drill Collar'
2026-02-08 22:00:06,577 [DEBUG] WellApp.utils: normalize_bha_name: 'Mud Motor' -> 'Mud Motor'
2026-02-08 22:00:06,577 [DEBUG] WellApp.utils: normalize_bha_name: 'Bit' -> 'Bit'
2026-02-08 22:00:06,577 [DEBUG] WellApp.gui: Итоговое содержимое fluids: ['Раствор 1', 'Раствор 2', 'Буфер 3']
2026-02-08 22:00:06,577 [DEBUG] WellApp.volumes: calculate_volumes: старт расчёта, casings=3, bha=5
2026-02-08 22:00:06,577 [DEBUG] WellApp.volumes: calculate_volumes: завершено. V_casings=57.602, V_bha_int=16.972, V_bha_disp=33.890, V_annulus=23.712
2026-02-08 22:00:06,600 [DEBUG] WellApp.graphics: BHA элементов (снизу вверх): ['Drill Pipe L=2209.70, OD=127.0', 'Heavy Weight L=200.00, OD=139.7', 'Drill Collar L=80.00, OD=203.0', 'Mud Motor L=10.00, OD=172.0', 'Bit L=0.30, OD=215.9']
2026-02-08 22:00:06,656 [DEBUG] WellApp.gui: Расчёт объёмов и обновление схемы завершены успешно
2026-02-08 22:00:08,749 [DEBUG] WellApp.gui: Переключение на вкладку 'Индикаторная пачка'
2026-02-08 22:00:08,750 [DEBUG] WellApp.indicator_pill: fill_from_construction: Интервал ОS: 2000.00–2500.00 м | Номинальный ID: 152.4 мм
2026-02-08 22:00:34,126 [DEBUG] WellApp.indicator_pill: fill_from_construction: Интервал ОS: 2000.00–2500.00 м | Номинальный ID: 152.4 мм
2026-02-08 22:00:38,312 [INFO] WellApp.indicator_pill: IndicatorPill: D_eff=3027.8 mm, V_pumped=3600.000 m3, V_oh=3600.000 m3, L=500.00 m
2026-02-08 22:01:01,576 [INFO] WellApp.indicator_pill: IndicatorPill: D_eff=524.4 mm, V_pumped=108.000 m3, V_oh=108.000 m3, L=500.00 m
2026-02-08 22:13:59,100 [DEBUG] WellApp: Логгер WellApp настроен. Файл лога: C:\Users\pasha\OneDrive\Рабочий стол\WellLib\csg\program_debug.log
2026-02-08 22:13:59,135 [INFO] WellApp.gui: Запуск WellApp из csg.py
2026-02-08 22:13:59,170 [DEBUG] WellApp.gui: Инициализация WellApp
2026-02-08 22:13:59,172 [DEBUG] WellApp.graphics: BHA элементов (снизу вверх): []
2026-02-08 22:13:59,173 [DEBUG] WellApp.trajectory: Инициализация TrajectoryTab
2026-02-08 22:13:59,339 [DEBUG] WellApp.trajectory: Добавлена точка траектории, всего строк: 1
2026-02-08 22:13:59,340 [DEBUG] WellApp.gui: Инициализация BalanceTab
2026-02-08 22:13:59,341 [DEBUG] WellApp.gui: Инициализация DisplacementTab
2026-02-08 22:13:59,353 [DEBUG] WellApp.gui: Инициализация вкладки 'Жидкости'
2026-02-08 22:13:59,354 [DEBUG] WellApp.gui: populate_fluid_combos: обновлено 1 жидкостей
2026-02-08 22:13:59,355 [DEBUG] WellApp.gui: populate_fluid_combo: обновлено 1 жидкостей
2026-02-08 22:13:59,355 [DEBUG] WellApp.gui: Добавлена жидкость: Раствор 1, 1.2 г/см³, тип Раствор
2026-02-08 22:13:59,355 [DEBUG] WellApp.gui: populate_fluid_combos: обновлено 1 жидкостей
2026-02-08 22:13:59,355 [DEBUG] WellApp.gui: populate_fluid_combo: обновлено 1 жидкостей
2026-02-08 22:13:59,355 [DEBUG] WellApp.gui: Инициализация вкладки 'Конструкция'
2026-02-08 22:13:59,357 [DEBUG] WellApp.gui: Добавлена строка колонны, всего строк: 1
2026-02-08 22:13:59,357 [DEBUG] WellApp.gui: Инициализация вкладки 'КНБК'
2026-02-08 22:13:59,358 [DEBUG] WellApp.gui: Добавлена строка КНБК, всего строк: 1
2026-02-08 22:13:59,358 [DEBUG] WellApp.gui: Инициализация вкладки 'Объёмы'
2026-02-08 22:14:09,434 [INFO] WellApp.gui: Выбран кейс: C:\Users\pasha\OneDrive\Рабочий стол\WellLib\csg\cases\Проект Тест\НМР Тест\123 Тест\Кейс Тест.json
2026-02-08 22:14:09,435 [DEBUG] WellApp.gui: Загрузка кейса из C:\Users\pasha\OneDrive\Рабочий стол\WellLib\csg\cases\Проект Тест\НМР Тест\123 Тест\Кейс Тест.json
2026-02-08 22:14:09,436 [DEBUG] WellApp.gui: _get_md_tvd_points: собранo 4 точек MD–TVD
2026-02-08 22:14:09,436 [DEBUG] WellApp.gui: update_tvd_display: TVD=2233.86 м по максимальной траектории (MD=2500.0 м)
2026-02-08 22:14:09,436 [DEBUG] WellApp.gui: populate_fluid_combos: обновлено 3 жидкостей
2026-02-08 22:14:09,436 [DEBUG] WellApp.gui: populate_fluid_combo: обновлено 3 жидкостей
2026-02-08 22:14:09,436 [DEBUG] WellApp.gui: Старт расчёта объёмов и построения схемы
2026-02-08 22:14:09,436 [DEBUG] WellApp.utils: compute_casing_params -> OD=244.500, ID=216.000, wall=14.250
2026-02-08 22:14:09,437 [DEBUG] WellApp.utils: compute_casing_params -> OD=177.800, ID=160.000, wall=8.900
2026-02-08 22:14:09,437 [WARNING] WellApp.geom: Casing 'Open Hole': ID >= OD (id=152.400 мм, od=152.400 мм) — проверьте данные
2026-02-08 22:14:09,437 [DEBUG] WellApp.gui: Суммарная MD конструкции: 2500.000 м
2026-02-08 22:14:09,437 [DEBUG] WellApp.gui: Передана глубина конструкции в BalanceTab: MD=2500.000 м
2026-02-08 22:14:09,437 [DEBUG] WellApp.gui: Передана глубина конструкции в DisplacementTab: MD=2500.000 м
2026-02-08 22:14:09,438 [DEBUG] WellApp.utils: normalize_bha_name: 'Drill Pipe' -> 'Drill Pipe'
2026-02-08 22:14:09,438 [DEBUG] WellApp.utils: normalize_bha_name: 'Heavy Weight' -> 'Heavy Weight'
2026-02-08 22:14:09,438 [DEBUG] WellApp.utils: normalize_bha_name: 'Drill Collar' -> 'Drill Collar'
2026-02-08 22:14:09,438 [DEBUG] WellApp.utils: normalize_bha_name: 'Mud Motor' -> 'Mud Motor'
2026-02-08 22:14:09,438 [DEBUG] WellApp.utils: normalize_bha_name: 'Bit' -> 'Bit'
2026-02-08 22:14:09,439 [DEBUG] WellApp.gui: Итоговое содержимое fluids: ['Раствор 1', 'Раствор 2', 'Буфер 3']
2026-02-08 22:14:09,439 [DEBUG] WellApp.volumes: calculate_volumes: старт расчёта, casings=3, bha=5
2026-02-08 22:14:09,439 [DEBUG] WellApp.volumes: calculate_volumes: завершено. V_casings=57.602, V_bha_int=16.972, V_bha_disp=33.890, V_annulus=23.712
2026-02-08 22:14:09,441 [DEBUG] WellApp.graphics: BHA элементов (снизу вверх): ['Drill Pipe L=2209.70, OD=127.0', 'Heavy Weight L=200.00, OD=139.7', 'Drill Collar L=80.00, OD=203.0', 'Mud Motor L=10.00, OD=172.0', 'Bit L=0.30, OD=215.9']
2026-02-08 22:14:09,446 [DEBUG] WellApp.gui: Расчёт объёмов и обновление схемы завершены успешно
2026-02-08 22:14:15,109 [DEBUG] WellApp.gui: Переключение на вкладку 'Индикаторная пачка'
2026-02-08 22:14:15,109 [DEBUG] WellApp.indicator_pill: fill_from_construction: Интервал ОS: 2000.00–2500.00 м | Номинальный ID: 152.4 мм
2026-02-08 22:14:25,409 [INFO] WellApp.indicator_pill: IndicatorPill: Q=1.800 m3/min (30.00 l/s), t=96.00 min, D_eff=663.3 mm, V_pumped=172.800 m3, V_oh=172.800 m3, L=500.00 m
2026-02-08 22:14:46,507 [INFO] WellApp.indicator_pill: IndicatorPill: Q=1.800 m3/min (30.00 l/s), t=96.00 min, D_eff=643.9 mm, V_pumped=172.800 m3, V_oh=162.800 m3, L=500.00 m
2026-02-09 01:44:43,460 [DEBUG] WellApp: Логгер WellApp настроен. Файл лога: C:\Users\pasha\OneDrive\Рабочий стол\WellLib\csg\program_debug.log
2026-02-09 01:44:43,513 [INFO] WellApp.gui: Запуск WellApp из csg.py
2026-02-09 01:44:43,547 [DEBUG] WellApp.gui: Инициализация WellApp
2026-02-09 01:44:43,549 [DEBUG] WellApp.graphics: BHA элементов (снизу вверх): []
2026-02-09 01:44:43,549 [DEBUG] WellApp.trajectory: Инициализация TrajectoryTab
2026-02-09 01:44:43,786 [DEBUG] WellApp.trajectory: Добавлена точка траектории, всего строк: 1
2026-02-09 01:44:43,788 [DEBUG] WellApp.gui: Инициализация BalanceTab
2026-02-09 01:44:43,789 [DEBUG] WellApp.gui: Инициализация DisplacementTab
2026-02-09 01:44:43,806 [DEBUG] WellApp.gui: Инициализация вкладки 'Жидкости'
2026-02-09 01:44:43,807 [DEBUG] WellApp.gui: populate_fluid_combos: обновлено 1 жидкостей
2026-02-09 01:44:43,808 [DEBUG] WellApp.gui: populate_fluid_combo: обновлено 1 жидкостей
2026-02-09 01:44:43,808 [DEBUG] WellApp.gui: Добавлена жидкость: Раствор 1, 1.2 г/см³, тип Раствор
2026-02-09 01:44:43,808 [DEBUG] WellApp.gui: populate_fluid_combos: обновлено 1 жидкостей
2026-02-09 01:44:43,808 [DEBUG] WellApp.gui: populate_fluid_combo: обновлено 1 жидкостей
2026-02-09 01:44:43,808 [DEBUG] WellApp.gui: Инициализация вкладки 'Конструкция'
2026-02-09 01:44:43,810 [DEBUG] WellApp.gui: Добавлена строка колонны, всего строк: 1
2026-02-09 01:44:43,810 [DEBUG] WellApp.gui: Инициализация вкладки 'КНБК'
2026-02-09 01:44:43,811 [DEBUG] WellApp.gui: Добавлена строка КНБК, всего строк: 1
2026-02-09 01:44:43,811 [DEBUG] WellApp.gui: Инициализация вкладки 'Объёмы'
2026-02-09 01:44:53,478 [INFO] WellApp.gui: Выбран кейс: C:\Users\pasha\OneDrive\Рабочий стол\WellLib\csg\cases\Проект Тест\НМР Тест\123 Тест\Кейс Тест.json
2026-02-09 01:44:53,478 [DEBUG] WellApp.gui: Загрузка кейса из C:\Users\pasha\OneDrive\Рабочий стол\WellLib\csg\cases\Проект Тест\НМР Тест\123 Тест\Кейс Тест.json
2026-02-09 01:44:53,489 [DEBUG] WellApp.gui: _get_md_tvd_points: собранo 4 точек MD–TVD
2026-02-09 01:44:53,490 [DEBUG] WellApp.gui: update_tvd_display: TVD=2233.86 м по максимальной траектории (MD=2500.0 м)
2026-02-09 01:44:53,490 [DEBUG] WellApp.gui: populate_fluid_combos: обновлено 3 жидкостей
2026-02-09 01:44:53,490 [DEBUG] WellApp.gui: populate_fluid_combo: обновлено 3 жидкостей
2026-02-09 01:44:53,490 [DEBUG] WellApp.gui: Старт расчёта объёмов и построения схемы
2026-02-09 01:44:53,490 [DEBUG] WellApp.utils: compute_casing_params -> OD=244.500, ID=216.000, wall=14.250
2026-02-09 01:44:53,490 [DEBUG] WellApp.utils: compute_casing_params -> OD=177.800, ID=160.000, wall=8.900
2026-02-09 01:44:53,491 [WARNING] WellApp.geom: Casing 'Open Hole': ID >= OD (id=152.400 мм, od=152.400 мм) — проверьте данные
2026-02-09 01:44:53,491 [DEBUG] WellApp.gui: Суммарная MD конструкции: 2500.000 м
2026-02-09 01:44:53,491 [DEBUG] WellApp.utils: normalize_bha_name: 'Drill Pipe' -> 'Drill Pipe'
2026-02-09 01:44:53,491 [DEBUG] WellApp.utils: normalize_bha_name: 'Heavy Weight' -> 'Heavy Weight'
2026-02-09 01:44:53,491 [DEBUG] WellApp.utils: normalize_bha_name: 'Drill Collar' -> 'Drill Collar'
2026-02-09 01:44:53,491 [DEBUG] WellApp.utils: normalize_bha_name: 'Mud Motor' -> 'Mud Motor'
2026-02-09 01:44:53,491 [DEBUG] WellApp.utils: normalize_bha_name: 'Bit' -> 'Bit'
2026-02-09 01:44:53,492 [DEBUG] WellApp.gui: Итоговое содержимое fluids: ['Раствор 1', 'Раствор 2', 'Буфер 3']
2026-02-09 01:44:53,492 [DEBUG] WellApp.volumes: calculate_volumes: старт расчёта, casings=3, bha=5
2026-02-09 01:44:53,492 [DEBUG] WellApp.volumes: calculate_volumes: завершено. V_casings=57.602, V_bha_int=16.972, V_bha_disp=33.890, V_annulus=23.712
2026-02-09 01:44:53,509 [DEBUG] WellApp.graphics: BHA элементов (снизу вверх): ['Drill Pipe L=2209.70, OD=127.0', 'Heavy Weight L=200.00, OD=139.7', 'Drill Collar L=80.00, OD=203.0', 'Mud Motor L=10.00, OD=172.0', 'Bit L=0.30, OD=215.9']
2026-02-09 01:44:53,560 [DEBUG] WellApp.gui: Расчёт объёмов и обновление схемы завершены успешно
2026-02-09 01:45:04,868 [DEBUG] WellApp.gui: Переключение на вкладку 'Отдувка'
2026-02-09 01:45:04,868 [DEBUG] WellApp.gui: populate_fluid_combo: обновлено 3 жидкостей
2026-02-09 01:45:04,868 [DEBUG] WellApp.gui: _get_md_tvd_points (Отдувка): собрано 4 точек MD–TVD
2026-02-09 01:45:04,869 [DEBUG] WellApp.gui: _get_md_tvd_points (Отдувка): собрано 4 точек MD–TVD
2026-02-09 01:45:04,869 [DEBUG] WellApp.gui: update_tvd_display (Отдувка): TVD=2233.86 м для MD=2500.0 м (конструкция=2500.0 м, max_MD_траектории=2500.0 м)
2026-02-09 01:45:06,820 [DEBUG] WellApp.gui: Переключение на вкладку 'Индикаторная пачка'
2026-02-09 01:45:28,684 [DEBUG] WellApp.gui: Старт расчёта объёмов и построения схемы
2026-02-09 01:45:28,684 [DEBUG] WellApp.utils: compute_casing_params -> OD=244.500, ID=216.000, wall=14.250
2026-02-09 01:45:28,685 [DEBUG] WellApp.utils: compute_casing_params -> OD=177.800, ID=160.000, wall=8.900
2026-02-09 01:45:28,685 [WARNING] WellApp.geom: Casing 'Open Hole': ID >= OD (id=152.400 мм, od=152.400 мм) — проверьте данные
2026-02-09 01:45:28,685 [DEBUG] WellApp.gui: Суммарная MD конструкции: 2500.000 м
2026-02-09 01:45:28,685 [DEBUG] WellApp.utils: normalize_bha_name: 'Drill Pipe' -> 'Drill Pipe'
2026-02-09 01:45:28,685 [DEBUG] WellApp.utils: normalize_bha_name: 'Heavy Weight' -> 'Heavy Weight'
2026-02-09 01:45:28,685 [DEBUG] WellApp.utils: normalize_bha_name: 'Drill Collar' -> 'Drill Collar'
2026-02-09 01:45:28,685 [DEBUG] WellApp.utils: normalize_bha_name: 'Mud Motor' -> 'Mud Motor'
2026-02-09 01:45:28,685 [DEBUG] WellApp.utils: normalize_bha_name: 'Bit' -> 'Bit'
2026-02-09 01:45:28,685 [DEBUG] WellApp.gui: Итоговое содержимое fluids: ['Раствор 1', 'Раствор 2', 'Буфер 3']
2026-02-09 01:45:28,685 [DEBUG] WellApp.volumes: calculate_volumes: старт расчёта, casings=3, bha=5
2026-02-09 01:45:28,685 [DEBUG] WellApp.volumes: calculate_volumes: завершено. V_casings=57.602, V_bha_int=16.972, V_bha_disp=33.890, V_annulus=23.712
2026-02-09 01:45:28,687 [DEBUG] WellApp.graphics: BHA элементов (снизу вверх): ['Drill Pipe L=2209.70, OD=127.0', 'Heavy Weight L=200.00, OD=139.7', 'Drill Collar L=80.00, OD=203.0', 'Mud Motor L=10.00, OD=172.0', 'Bit L=0.30, OD=215.9']
2026-02-09 01:45:28,692 [DEBUG] WellApp.gui: Расчёт объёмов и обновление схемы завершены успешно
2026-02-09 01:45:28,692 [INFO] WellApp.indicator_pill: IndicatorPill: row=0 D_eff=506.3 mm | V_pumped=172.800 V_in=16.972 V_ann_cased=62.829 V_oh=93.000
2026-02-09 02:01:54,652 [DEBUG] WellApp: Логгер WellApp настроен. Файл лога: C:\Users\pasha\OneDrive\Рабочий стол\WellLib\csg\program_debug.log
2026-02-09 02:01:54,689 [INFO] WellApp.gui: Запуск WellApp из csg.py
2026-02-09 02:01:54,720 [DEBUG] WellApp.gui: Инициализация WellApp
2026-02-09 02:01:54,722 [DEBUG] WellApp.graphics: BHA элементов (снизу вверх): []
2026-02-09 02:01:54,723 [DEBUG] WellApp.trajectory: Инициализация TrajectoryTab
2026-02-09 02:01:54,891 [DEBUG] WellApp.trajectory: Добавлена точка траектории, всего строк: 1
2026-02-09 02:01:54,893 [DEBUG] WellApp.gui: Инициализация BalanceTab
2026-02-09 02:01:54,894 [DEBUG] WellApp.gui: Инициализация DisplacementTab
2026-02-09 02:01:54,906 [DEBUG] WellApp.gui: Инициализация вкладки 'Жидкости'
2026-02-09 02:01:54,907 [DEBUG] WellApp.gui: populate_fluid_combos: обновлено 1 жидкостей
2026-02-09 02:01:54,908 [DEBUG] WellApp.gui: populate_fluid_combo: обновлено 1 жидкостей
2026-02-09 02:01:54,908 [DEBUG] WellApp.gui: Добавлена жидкость: Раствор 1, 1.2 г/см³, тип Раствор
2026-02-09 02:01:54,908 [DEBUG] WellApp.gui: populate_fluid_combos: обновлено 1 жидкостей
2026-02-09 02:01:54,908 [DEBUG] WellApp.gui: populate_fluid_combo: обновлено 1 жидкостей
2026-02-09 02:01:54,908 [DEBUG] WellApp.gui: Инициализация вкладки 'Конструкция'
2026-02-09 02:01:54,910 [DEBUG] WellApp.gui: Добавлена строка колонны, всего строк: 1
2026-02-09 02:01:54,910 [DEBUG] WellApp.gui: Инициализация вкладки 'КНБК'
2026-02-09 02:01:54,911 [DEBUG] WellApp.gui: Добавлена строка КНБК, всего строк: 1
2026-02-09 02:01:54,912 [DEBUG] WellApp.gui: Инициализация вкладки 'Объёмы'
2026-02-09 02:02:02,210 [INFO] WellApp.gui: Выбран кейс: C:\Users\pasha\OneDrive\Рабочий стол\WellLib\csg\cases\Проект Тест\НМР Тест\123 Тест\Кейс Тест.json
2026-02-09 02:02:02,210 [DEBUG] WellApp.gui: Загрузка кейса из C:\Users\pasha\OneDrive\Рабочий стол\WellLib\csg\cases\Проект Тест\НМР Тест\123 Тест\Кейс Тест.json
2026-02-09 02:02:02,211 [DEBUG] WellApp.gui: _get_md_tvd_points: собранo 4 точек MD–TVD
2026-02-09 02:02:02,211 [DEBUG] WellApp.gui: update_tvd_display: TVD=2233.86 м по максимальной траектории (MD=2500.0 м)
2026-02-09 02:02:02,212 [DEBUG] WellApp.gui: populate_fluid_combos: обновлено 3 жидкостей
2026-02-09 02:02:02,212 [DEBUG] WellApp.gui: populate_fluid_combo: обновлено 3 жидкостей
2026-02-09 02:02:02,212 [DEBUG] WellApp.gui: Старт расчёта объёмов и построения схемы
2026-02-09 02:02:02,212 [DEBUG] WellApp.utils: compute_casing_params -> OD=244.500, ID=216.000, wall=14.250
2026-02-09 02:02:02,212 [DEBUG] WellApp.utils: compute_casing_params -> OD=177.800, ID=160.000, wall=8.900
2026-02-09 02:02:02,212 [WARNING] WellApp.geom: Casing 'Open Hole': ID >= OD (id=152.400 мм, od=152.400 мм) — проверьте данные
2026-02-09 02:02:02,212 [DEBUG] WellApp.gui: Суммарная MD конструкции: 2500.000 м
2026-02-09 02:02:02,212 [DEBUG] WellApp.utils: normalize_bha_name: 'Drill Pipe' -> 'Drill Pipe'
2026-02-09 02:02:02,212 [DEBUG] WellApp.utils: normalize_bha_name: 'Heavy Weight' -> 'Heavy Weight'
2026-02-09 02:02:02,213 [DEBUG] WellApp.utils: normalize_bha_name: 'Drill Collar' -> 'Drill Collar'
2026-02-09 02:02:02,213 [DEBUG] WellApp.utils: normalize_bha_name: 'Mud Motor' -> 'Mud Motor'
2026-02-09 02:02:02,213 [DEBUG] WellApp.utils: normalize_bha_name: 'Bit' -> 'Bit'
2026-02-09 02:02:02,213 [DEBUG] WellApp.gui: Итоговое содержимое fluids: ['Раствор 1', 'Раствор 2', 'Буфер 3']
2026-02-09 02:02:02,213 [DEBUG] WellApp.volumes: calculate_volumes: старт расчёта, casings=3, bha=5
2026-02-09 02:02:02,213 [DEBUG] WellApp.volumes: calculate_volumes: завершено. V_casings=57.602, V_bha_int=16.972, V_bha_disp=33.890, V_annulus=23.712
2026-02-09 02:02:02,215 [DEBUG] WellApp.graphics: BHA элементов (снизу вверх): ['Drill Pipe L=2209.70, OD=127.0', 'Heavy Weight L=200.00, OD=139.7', 'Drill Collar L=80.00, OD=203.0', 'Mud Motor L=10.00, OD=172.0', 'Bit L=0.30, OD=215.9']
2026-02-09 02:02:02,221 [DEBUG] WellApp.gui: Расчёт объёмов и обновление схемы завершены успешно
2026-02-09 02:02:04,239 [DEBUG] WellApp.gui: Переключение на вкладку 'Индикаторная пачка'
2026-02-09 02:02:11,183 [DEBUG] WellApp.gui: Старт расчёта объёмов и построения схемы
2026-02-09 02:02:11,183 [DEBUG] WellApp.utils: compute_casing_params -> OD=244.500, ID=216.000, wall=14.250
2026-02-09 02:02:11,183 [DEBUG] WellApp.utils: compute_casing_params -> OD=177.800, ID=160.000, wall=8.900
2026-02-09 02:02:11,184 [WARNING] WellApp.geom: Casing 'Open Hole': ID >= OD (id=152.400 мм, od=152.400 мм) — проверьте данные
2026-02-09 02:02:11,184 [DEBUG] WellApp.gui: Суммарная MD конструкции: 2500.000 м
2026-02-09 02:02:11,184 [DEBUG] WellApp.utils: normalize_bha_name: 'Drill Pipe' -> 'Drill Pipe'
2026-02-09 02:02:11,184 [DEBUG] WellApp.utils: normalize_bha_name: 'Heavy Weight' -> 'Heavy Weight'
2026-02-09 02:02:11,184 [DEBUG] WellApp.utils: normalize_bha_name: 'Drill Collar' -> 'Drill Collar'
2026-02-09 02:02:11,185 [DEBUG] WellApp.utils: normalize_bha_name: 'Mud Motor' -> 'Mud Motor'
2026-02-09 02:02:11,185 [DEBUG] WellApp.utils: normalize_bha_name: 'Bit' -> 'Bit'
2026-02-09 02:02:11,185 [DEBUG] WellApp.gui: Итоговое содержимое fluids: ['Раствор 1', 'Раствор 2', 'Буфер 3']
2026-02-09 02:02:11,185 [DEBUG] WellApp.volumes: calculate_volumes: старт расчёта, casings=3, bha=5
2026-02-09 02:02:11,185 [DEBUG] WellApp.volumes: calculate_volumes: завершено. V_casings=57.602, V_bha_int=16.972, V_bha_disp=33.890, V_annulus=23.712
2026-02-09 02:02:11,187 [DEBUG] WellApp.graphics: BHA элементов (снизу вверх): ['Drill Pipe L=2209.70, OD=127.0', 'Heavy Weight L=200.00, OD=139.7', 'Drill Collar L=80.00, OD=203.0', 'Mud Motor L=10.00, OD=172.0', 'Bit L=0.30, OD=215.9']
2026-02-09 02:02:11,192 [DEBUG] WellApp.gui: Расчёт объёмов и обновление схемы завершены успешно
2026-02-09 02:02:11,192 [INFO] WellApp.indicator_pill: IndicatorPill: row=0 D_eff=382.8 mm | V_pumped=90.000 V_in=16.972 V_ann_cased=23.146 V_oh=49.883
2026-02-09 02:02:47,694 [DEBUG] WellApp.gui: Старт расчёта объёмов и построения схемы
2026-02-09 02:02:47,694 [DEBUG] WellApp.utils: compute_casing_params -> OD=244.500, ID=216.000, wall=14.250
2026-02-09 02:02:47,694 [DEBUG] WellApp.utils: compute_casing_params -> OD=177.800, ID=160.000, wall=8.900
2026-02-09 02:02:47,695 [WARNING] WellApp.geom: Casing 'Open Hole': ID >= OD (id=152.400 мм, od=152.400 мм) — проверьте данные
2026-02-09 02:02:47,695 [DEBUG] WellApp.gui: Суммарная MD конструкции: 2500.000 м
2026-02-09 02:02:47,695 [DEBUG] WellApp.utils: normalize_bha_name: 'Drill Pipe' -> 'Drill Pipe'
2026-02-09 02:02:47,695 [DEBUG] WellApp.utils: normalize_bha_name: 'Heavy Weight' -> 'Heavy Weight'
2026-02-09 02:02:47,695 [DEBUG] WellApp.utils: normalize_bha_name: 'Drill Collar' -> 'Drill Collar'
2026-02-09 02:02:47,695 [DEBUG] WellApp.utils: normalize_bha_name: 'Mud Motor' -> 'Mud Motor'
2026-02-09 02:02:47,695 [DEBUG] WellApp.utils: normalize_bha_name: 'Bit' -> 'Bit'
2026-02-09 02:02:47,695 [DEBUG] WellApp.gui: Итоговое содержимое fluids: ['Раствор 1', 'Раствор 2', 'Буфер 3']
2026-02-09 02:02:47,695 [DEBUG] WellApp.volumes: calculate_volumes: старт расчёта, casings=3, bha=5
2026-02-09 02:02:47,695 [DEBUG] WellApp.volumes: calculate_volumes: завершено. V_casings=57.602, V_bha_int=16.972, V_bha_disp=33.890, V_annulus=23.712
2026-02-09 02:02:47,697 [DEBUG] WellApp.graphics: BHA элементов (снизу вверх): ['Drill Pipe L=2209.70, OD=127.0', 'Heavy Weight L=200.00, OD=139.7', 'Drill Collar L=80.00, OD=203.0', 'Mud Motor L=10.00, OD=172.0', 'Bit L=0.30, OD=215.9']
2026-02-09 02:02:47,701 [DEBUG] WellApp.gui: Расчёт объёмов и обновление схемы завершены успешно
2026-02-09 02:02:47,702 [INFO] WellApp.indicator_pill: IndicatorPill: row=0 D_eff=488.1 mm | V_pumped=126.000 V_in=16.972 V_ann_cased=23.146 V_oh=85.883
2026-02-09 02:02:53,179 [DEBUG] WellApp.gui: Старт расчёта объёмов и построения схемы
2026-02-09 02:02:53,179 [DEBUG] WellApp.utils: compute_casing_params -> OD=244.500, ID=216.000, wall=14.250
2026-02-09 02:02:53,180 [DEBUG] WellApp.utils: compute_casing_params -> OD=177.800, ID=160.000, wall=8.900
2026-02-09 02:02:53,180 [WARNING] WellApp.geom: Casing 'Open Hole': ID >= OD (id=152.400 мм, od=152.400 мм) — проверьте данные
2026-02-09 02:02:53,180 [DEBUG] WellApp.gui: Суммарная MD конструкции: 2500.000 м
2026-02-09 02:02:53,180 [DEBUG] WellApp.utils: normalize_bha_name: 'Drill Pipe' -> 'Drill Pipe'
2026-02-09 02:02:53,180 [DEBUG] WellApp.utils: normalize_bha_name: 'Heavy Weight' -> 'Heavy Weight'
2026-02-09 02:02:53,180 [DEBUG] WellApp.utils: normalize_bha_name: 'Drill Collar' -> 'Drill Collar'
2026-02-09 02:02:53,180 [DEBUG] WellApp.utils: normalize_bha_name: 'Mud Motor' -> 'Mud Motor'
2026-02-09 02:02:53,181 [DEBUG] WellApp.utils: normalize_bha_name: 'Bit' -> 'Bit'
2026-02-09 02:02:53,181 [DEBUG] WellApp.gui: Итоговое содержимое fluids: ['Раствор 1', 'Раствор 2', 'Буфер 3']
2026-02-09 02:02:53,181 [DEBUG] WellApp.volumes: calculate_volumes: старт расчёта, casings=3, bha=5
2026-02-09 02:02:53,181 [DEBUG] WellApp.volumes: calculate_volumes: завершено. V_casings=57.602, V_bha_int=16.972, V_bha_disp=33.890, V_annulus=23.712
2026-02-09 02:02:53,183 [DEBUG] WellApp.graphics: BHA элементов (снизу вверх): ['Drill Pipe L=2209.70, OD=127.0', 'Heavy Weight L=200.00, OD=139.7', 'Drill Collar L=80.00, OD=203.0', 'Mud Motor L=10.00, OD=172.0', 'Bit L=0.30, OD=215.9']
2026-02-09 02:02:53,188 [DEBUG] WellApp.gui: Расчёт объёмов и обновление схемы завершены успешно
2026-02-09 02:02:53,188 [ERROR] WellApp.indicator_pill: on_calc error
Traceback (most recent call last):
  File "C:\Users\pasha\OneDrive\Рабочий стол\WellLib\csg\indicator_pill_tab.py", line 202, in on_calc
    D_eff_mm, V_pumped, V_in, V_ann_cased, V_oh = calc_indicator_pill_effective_openhole_mm(
                                                  ~~~~~~~~~~~~~~~~~~~~~~~~~~~~~~~~~~~~~~~~~^
        pump_rate_l_s=q_l_s,
        ^^^^^^^^^^^^^^^^^^^^
    ...<4 lines>...
        string_profile=string_profile,
        ^^^^^^^^^^^^^^^^^^^^^^^^^^^^^^
    )
    ^
  File "C:\Users\pasha\OneDrive\Рабочий стол\WellLib\csg\indicator_pill_calc.py", line 224, in calc_indicator_pill_effective_openhole_mm
    raise ValueError(
    ...<2 lines>...
    )
ValueError: По расчёту V_openhole получился <= 0.
Проверь Q/t и геометрию (ID трубы/обсадки, OD колонны/КНБК).
2026-02-09 02:03:03,401 [DEBUG] WellApp.gui: Старт расчёта объёмов и построения схемы
2026-02-09 02:03:03,401 [DEBUG] WellApp.utils: compute_casing_params -> OD=244.500, ID=216.000, wall=14.250
2026-02-09 02:03:03,401 [DEBUG] WellApp.utils: compute_casing_params -> OD=177.800, ID=160.000, wall=8.900
2026-02-09 02:03:03,401 [WARNING] WellApp.geom: Casing 'Open Hole': ID >= OD (id=152.400 мм, od=152.400 мм) — проверьте данные
2026-02-09 02:03:03,401 [DEBUG] WellApp.gui: Суммарная MD конструкции: 2500.000 м
2026-02-09 02:03:03,401 [DEBUG] WellApp.utils: normalize_bha_name: 'Drill Pipe' -> 'Drill Pipe'
2026-02-09 02:03:03,401 [DEBUG] WellApp.utils: normalize_bha_name: 'Heavy Weight' -> 'Heavy Weight'
2026-02-09 02:03:03,401 [DEBUG] WellApp.utils: normalize_bha_name: 'Drill Collar' -> 'Drill Collar'
2026-02-09 02:03:03,401 [DEBUG] WellApp.utils: normalize_bha_name: 'Mud Motor' -> 'Mud Motor'
2026-02-09 02:03:03,402 [DEBUG] WellApp.utils: normalize_bha_name: 'Bit' -> 'Bit'
2026-02-09 02:03:03,402 [DEBUG] WellApp.gui: Итоговое содержимое fluids: ['Раствор 1', 'Раствор 2', 'Буфер 3']
2026-02-09 02:03:03,402 [DEBUG] WellApp.volumes: calculate_volumes: старт расчёта, casings=3, bha=5
2026-02-09 02:03:03,402 [DEBUG] WellApp.volumes: calculate_volumes: завершено. V_casings=57.602, V_bha_int=16.972, V_bha_disp=33.890, V_annulus=23.712
2026-02-09 02:03:03,404 [DEBUG] WellApp.graphics: BHA элементов (снизу вверх): ['Drill Pipe L=2209.70, OD=127.0', 'Heavy Weight L=200.00, OD=139.7', 'Drill Collar L=80.00, OD=203.0', 'Mud Motor L=10.00, OD=172.0', 'Bit L=0.30, OD=215.9']
2026-02-09 02:03:03,408 [DEBUG] WellApp.gui: Расчёт объёмов и обновление схемы завершены успешно
2026-02-09 02:03:03,409 [INFO] WellApp.indicator_pill: IndicatorPill: row=0 D_eff=317.3 mm | V_pumped=72.000 V_in=16.972 V_ann_cased=23.146 V_oh=31.883
2026-02-09 02:03:50,979 [DEBUG] WellApp.gui: Переключение на вкладку 'Равновесие'
2026-02-09 02:03:50,980 [DEBUG] WellApp.gui: populate_fluid_combos: обновлено 3 жидкостей
2026-02-09 02:03:50,980 [DEBUG] WellApp.gui: _get_md_tvd_points: собранo 4 точек MD–TVD
2026-02-09 02:03:50,980 [DEBUG] WellApp.gui: _get_md_tvd_points: собранo 4 точек MD–TVD
2026-02-09 02:03:50,980 [DEBUG] WellApp.gui: update_tvd_display: TVD=2233.86 м для MD=2500.0 м (конструкция=2500.0 м, max_MD_траектории=2500.0 м)
2026-02-09 02:03:53,986 [DEBUG] WellApp.gui: Переключение на вкладку 'Отдувка'
2026-02-09 02:03:54,004 [DEBUG] WellApp.gui: populate_fluid_combo: обновлено 3 жидкостей
2026-02-09 02:03:54,005 [DEBUG] WellApp.gui: _get_md_tvd_points (Отдувка): собрано 4 точек MD–TVD
2026-02-09 02:03:54,005 [DEBUG] WellApp.gui: _get_md_tvd_points (Отдувка): собрано 4 точек MD–TVD
2026-02-09 02:03:54,005 [DEBUG] WellApp.gui: update_tvd_display (Отдувка): TVD=2233.86 м для MD=2500.0 м (конструкция=2500.0 м, max_MD_траектории=2500.0 м)
2026-02-09 02:03:57,420 [DEBUG] WellApp.gui: Переключение на вкладку 'Индикаторная пачка'
2026-02-09 02:58:38,525 [DEBUG] WellApp.gui: Старт расчёта объёмов и построения схемы
2026-02-09 02:58:38,525 [DEBUG] WellApp.utils: compute_casing_params -> OD=244.500, ID=216.000, wall=14.250
2026-02-09 02:58:38,525 [DEBUG] WellApp.utils: compute_casing_params -> OD=177.800, ID=160.000, wall=8.900
2026-02-09 02:58:38,526 [WARNING] WellApp.geom: Casing 'Open Hole': ID >= OD (id=152.400 мм, od=152.400 мм) — проверьте данные
2026-02-09 02:58:38,526 [DEBUG] WellApp.gui: Суммарная MD конструкции: 2500.000 м
2026-02-09 02:58:38,526 [DEBUG] WellApp.utils: normalize_bha_name: 'Drill Pipe' -> 'Drill Pipe'
2026-02-09 02:58:38,527 [DEBUG] WellApp.utils: normalize_bha_name: 'Heavy Weight' -> 'Heavy Weight'
2026-02-09 02:58:38,527 [DEBUG] WellApp.utils: normalize_bha_name: 'Drill Collar' -> 'Drill Collar'
2026-02-09 02:58:38,527 [DEBUG] WellApp.utils: normalize_bha_name: 'Mud Motor' -> 'Mud Motor'
2026-02-09 02:58:38,527 [DEBUG] WellApp.utils: normalize_bha_name: 'Bit' -> 'Bit'
2026-02-09 02:58:38,527 [DEBUG] WellApp.gui: Итоговое содержимое fluids: ['Раствор 1', 'Раствор 2', 'Буфер 3']
2026-02-09 02:58:38,528 [DEBUG] WellApp.volumes: calculate_volumes: старт расчёта, casings=3, bha=5
2026-02-09 02:58:38,528 [DEBUG] WellApp.volumes: calculate_volumes: завершено. V_casings=57.602, V_bha_int=16.972, V_bha_disp=33.890, V_annulus=23.712
2026-02-09 02:58:38,530 [DEBUG] WellApp.graphics: BHA элементов (снизу вверх): ['Drill Pipe L=2209.70, OD=127.0', 'Heavy Weight L=200.00, OD=139.7', 'Drill Collar L=80.00, OD=203.0', 'Mud Motor L=10.00, OD=172.0', 'Bit L=0.30, OD=215.9']
2026-02-09 02:58:38,535 [DEBUG] WellApp.gui: Расчёт объёмов и обновление схемы завершены успешно
2026-02-09 03:01:08,634 [DEBUG] WellApp.gui: Переключение на вкладку 'Равновесие'
2026-02-09 03:01:08,635 [DEBUG] WellApp.gui: populate_fluid_combos: обновлено 3 жидкостей
2026-02-09 03:01:08,635 [DEBUG] WellApp.gui: _get_md_tvd_points: собранo 4 точек MD–TVD
2026-02-09 03:01:08,635 [DEBUG] WellApp.gui: _get_md_tvd_points: собранo 4 точек MD–TVD
2026-02-09 03:01:08,636 [DEBUG] WellApp.gui: update_tvd_display: TVD=2233.86 м для MD=2500.0 м (конструкция=2500.0 м, max_MD_траектории=2500.0 м)
2026-02-09 03:01:30,257 [DEBUG] WellApp.gui: run_balance_calc: запуск
2026-02-09 03:01:30,257 [DEBUG] WellApp.gui: _get_md_tvd_points: собранo 4 точек MD–TVD
2026-02-09 03:01:30,257 [DEBUG] WellApp.gui: _get_md_tvd_points: собранo 4 точек MD–TVD
2026-02-09 03:01:30,257 [DEBUG] WellApp.gui: run_balance_calc: используем TVD=2233.86 м для MD конструкции=2500.0 м (max_MD_траектории=2500.0 м)
2026-02-09 03:01:30,257 [DEBUG] WellApp.gui: run_balance_calc: tubing=Раствор 1 (ρ=1.200), annulus=Раствор 1 (ρ=1.200)
2026-02-09 03:01:30,257 [DEBUG] WellApp.balance: === Запуск calculate_balance ===
2026-02-09 03:01:30,258 [DEBUG] WellApp.balance: Входные: P_res=20000000.0, max_tvd_m=None, D_tubing_mm=100.0, D_well_mm=200.0, D_knbk_mm=0.0, L_knbk_m=0.0
2026-02-09 03:01:30,258 [DEBUG] WellApp.balance: max_tvd_m взят из второго позиционного аргумента: 2233.86
2026-02-09 03:01:30,258 [DEBUG] WellApp.balance: Плотности: rho_t=1200.0, rho_a=1200.0
2026-02-09 03:01:30,258 [DEBUG] WellApp.balance: Требуемые высоты: h_req_t=1698.9466530750935, h_req_a=1698.9466530750935
2026-02-09 03:01:30,258 [DEBUG] WellApp.balance: Фактические высоты (с учётом TVD): h_t=1698.9466530750935, h_a=1698.9466530750935
2026-02-09 03:01:30,258 [DEBUG] WellApp.balance: Давления на пласте: p_t=20000000.0, p_a=20000000.0, diff_t=0.0, diff_a=0.0, diff_channels=0.0
2026-02-09 03:01:30,258 [DEBUG] WellApp.balance: Геометрия (м): D_t_id=0.1, D_w=0.2, D_k_od=0.0, L_knbk_m=0.0
2026-02-09 03:01:30,258 [DEBUG] WellApp.balance: Площадь трубы A_full=0.007853981633974483; V_t=13.343495810354202
2026-02-09 03:01:30,258 [DEBUG] WellApp.balance: Площадь затруба A_annulus=0.023561944901923454; V_a=40.03048743106262
2026-02-09 03:01:30,259 [DEBUG] WellApp.balance: === Расчёт calculate_balance завершён успешно ===
2026-02-09 03:01:30,259 [DEBUG] WellApp.gui: Результаты расчёта равновесия: h_t=1698.95, h_a=1698.95, V_t=13.343, V_a=40.030
2026-02-09 03:01:30,260 [DEBUG] WellApp.graphics: draw_fluids: нарисованы столбы h_t=1698.95 м, h_a=1698.95 м (bottom_y=2500.00, total_depth_md=2500.00)
2026-02-09 03:01:51,000 [DEBUG] WellApp.gui: run_balance_calc: запуск
2026-02-09 03:01:51,000 [DEBUG] WellApp.gui: _get_md_tvd_points: собранo 4 точек MD–TVD
2026-02-09 03:01:51,000 [DEBUG] WellApp.gui: _get_md_tvd_points: собранo 4 точек MD–TVD
2026-02-09 03:01:51,001 [DEBUG] WellApp.gui: run_balance_calc: используем TVD=2233.86 м для MD конструкции=2500.0 м (max_MD_траектории=2500.0 м)
2026-02-09 03:01:51,001 [DEBUG] WellApp.gui: run_balance_calc: tubing=Раствор 1 (ρ=1.200), annulus=Буфер 3 (ρ=1.500)
2026-02-09 03:01:51,001 [DEBUG] WellApp.balance: === Запуск calculate_balance ===
2026-02-09 03:01:51,001 [DEBUG] WellApp.balance: Входные: P_res=20000000.0, max_tvd_m=None, D_tubing_mm=100.0, D_well_mm=200.0, D_knbk_mm=0.0, L_knbk_m=0.0
2026-02-09 03:01:51,001 [DEBUG] WellApp.balance: max_tvd_m взят из второго позиционного аргумента: 2233.86
2026-02-09 03:01:51,001 [DEBUG] WellApp.balance: Плотности: rho_t=1200.0, rho_a=1500.0
2026-02-09 03:01:51,001 [DEBUG] WellApp.balance: Требуемые высоты: h_req_t=1698.9466530750935, h_req_a=1359.1573224600747
2026-02-09 03:01:51,001 [DEBUG] WellApp.balance: Фактические высоты (с учётом TVD): h_t=1698.9466530750935, h_a=1359.1573224600747
2026-02-09 03:01:51,001 [DEBUG] WellApp.balance: Давления на пласте: p_t=20000000.0, p_a=20000000.0, diff_t=0.0, diff_a=0.0, diff_channels=0.0
2026-02-09 03:01:51,002 [DEBUG] WellApp.balance: Геометрия (м): D_t_id=0.1, D_w=0.2, D_k_od=0.0, L_knbk_m=0.0
2026-02-09 03:01:51,002 [DEBUG] WellApp.balance: Площадь трубы A_full=0.007853981633974483; V_t=13.343495810354202
2026-02-09 03:01:51,002 [DEBUG] WellApp.balance: Площадь затруба A_annulus=0.023561944901923454; V_a=32.02438994485009
2026-02-09 03:01:51,002 [DEBUG] WellApp.balance: === Расчёт calculate_balance завершён успешно ===
2026-02-09 03:01:51,002 [DEBUG] WellApp.gui: Результаты расчёта равновесия: h_t=1698.95, h_a=1359.16, V_t=13.343, V_a=32.024
2026-02-09 03:01:51,004 [DEBUG] WellApp.graphics: draw_fluids: нарисованы столбы h_t=1698.95 м, h_a=1359.16 м (bottom_y=2500.00, total_depth_md=2500.00)
2026-02-09 03:02:28,569 [DEBUG] WellApp.gui: Переключение на вкладку 'Отдувка'
2026-02-09 03:02:28,569 [DEBUG] WellApp.gui: populate_fluid_combo: обновлено 3 жидкостей
2026-02-09 03:02:28,569 [DEBUG] WellApp.gui: _get_md_tvd_points (Отдувка): собрано 4 точек MD–TVD
2026-02-09 03:02:28,569 [DEBUG] WellApp.gui: _get_md_tvd_points (Отдувка): собрано 4 точек MD–TVD
2026-02-09 03:02:28,570 [DEBUG] WellApp.gui: update_tvd_display (Отдувка): TVD=2233.86 м для MD=2500.0 м (конструкция=2500.0 м, max_MD_траектории=2500.0 м)
2026-02-09 03:02:45,396 [DEBUG] WellApp.gui: run_displacement_calc: запуск
2026-02-09 03:02:45,397 [DEBUG] WellApp.gui: _get_md_tvd_points (Отдувка): собрано 4 точек MD–TVD
2026-02-09 03:02:45,397 [DEBUG] WellApp.gui: _get_md_tvd_points (Отдувка): собрано 4 точек MD–TVD
2026-02-09 03:02:45,397 [DEBUG] WellApp.gui: run_displacement_calc: используем TVD=2233.86 м для MD конструкции=2500.0 м (max_MD_траектории=2500.0 м)
2026-02-09 03:02:45,397 [DEBUG] WellApp.gui: run_displacement_calc: fluid=Раствор 2 (ρ=1.200)
2026-02-09 03:02:45,397 [DEBUG] WellApp.balance: === Запуск calculate_balance ===
2026-02-09 03:02:45,397 [DEBUG] WellApp.balance: Входные: P_res=15000000.0, max_tvd_m=None, D_tubing_mm=100.0, D_well_mm=200.0, D_knbk_mm=0.0, L_knbk_m=0.0
2026-02-09 03:02:45,398 [DEBUG] WellApp.balance: max_tvd_m взят из второго позиционного аргумента: 2233.86
2026-02-09 03:02:45,398 [DEBUG] WellApp.balance: Плотности: rho_t=1200.0, rho_a=1200.0
2026-02-09 03:02:45,398 [DEBUG] WellApp.balance: Требуемые высоты: h_req_t=1274.20998980632, h_req_a=1274.20998980632
2026-02-09 03:02:45,398 [DEBUG] WellApp.balance: Фактические высоты (с учётом TVD): h_t=1274.20998980632, h_a=1274.20998980632
2026-02-09 03:02:45,398 [DEBUG] WellApp.balance: Давления на пласте: p_t=14999999.999999998, p_a=14999999.999999998, diff_t=1.862645149230957e-09, diff_a=1.862645149230957e-09, diff_channels=0.0
2026-02-09 03:02:45,398 [DEBUG] WellApp.balance: Геометрия (м): D_t_id=0.1, D_w=0.2, D_k_od=0.0, L_knbk_m=0.0
2026-02-09 03:02:45,398 [DEBUG] WellApp.balance: Площадь трубы A_full=0.007853981633974483; V_t=10.00762185776565
2026-02-09 03:02:45,398 [DEBUG] WellApp.balance: Площадь затруба A_annulus=0.023561944901923454; V_a=30.022865573296958
2026-02-09 03:02:45,398 [DEBUG] WellApp.balance: === Расчёт calculate_balance завершён успешно ===
2026-02-09 03:02:45,398 [DEBUG] WellApp.gui: Результаты расчёта отдувки: h_t=1274.21, h_a=1274.21, V_t=10.008, V_a=30.023
2026-02-09 03:02:45,399 [DEBUG] WellApp.graphics: draw_fluids: нарисованы столбы h_t=1274.21 м, h_a=1274.21 м (bottom_y=2500.00, total_depth_md=2500.00)
2026-02-09 03:02:50,361 [DEBUG] WellApp.gui: run_displacement_calc: запуск
2026-02-09 03:02:50,361 [DEBUG] WellApp.gui: _get_md_tvd_points (Отдувка): собрано 4 точек MD–TVD
2026-02-09 03:02:50,362 [DEBUG] WellApp.gui: _get_md_tvd_points (Отдувка): собрано 4 точек MD–TVD
2026-02-09 03:02:50,362 [DEBUG] WellApp.gui: run_displacement_calc: используем TVD=2233.86 м для MD конструкции=2500.0 м (max_MD_траектории=2500.0 м)
2026-02-09 03:02:50,362 [DEBUG] WellApp.gui: run_displacement_calc: fluid=Раствор 1 (ρ=1.200)
2026-02-09 03:02:50,362 [DEBUG] WellApp.balance: === Запуск calculate_balance ===
2026-02-09 03:02:50,362 [DEBUG] WellApp.balance: Входные: P_res=15000000.0, max_tvd_m=None, D_tubing_mm=100.0, D_well_mm=200.0, D_knbk_mm=0.0, L_knbk_m=0.0
2026-02-09 03:02:50,363 [DEBUG] WellApp.balance: max_tvd_m взят из второго позиционного аргумента: 2233.86
2026-02-09 03:02:50,363 [DEBUG] WellApp.balance: Плотности: rho_t=1200.0, rho_a=1200.0
2026-02-09 03:02:50,363 [DEBUG] WellApp.balance: Требуемые высоты: h_req_t=1274.20998980632, h_req_a=1274.20998980632
2026-02-09 03:02:50,363 [DEBUG] WellApp.balance: Фактические высоты (с учётом TVD): h_t=1274.20998980632, h_a=1274.20998980632
2026-02-09 03:02:50,363 [DEBUG] WellApp.balance: Давления на пласте: p_t=14999999.999999998, p_a=14999999.999999998, diff_t=1.862645149230957e-09, diff_a=1.862645149230957e-09, diff_channels=0.0
2026-02-09 03:02:50,363 [DEBUG] WellApp.balance: Геометрия (м): D_t_id=0.1, D_w=0.2, D_k_od=0.0, L_knbk_m=0.0
2026-02-09 03:02:50,363 [DEBUG] WellApp.balance: Площадь трубы A_full=0.007853981633974483; V_t=10.00762185776565
2026-02-09 03:02:50,363 [DEBUG] WellApp.balance: Площадь затруба A_annulus=0.023561944901923454; V_a=30.022865573296958
2026-02-09 03:02:50,363 [DEBUG] WellApp.balance: === Расчёт calculate_balance завершён успешно ===
2026-02-09 03:02:50,363 [DEBUG] WellApp.gui: Результаты расчёта отдувки: h_t=1274.21, h_a=1274.21, V_t=10.008, V_a=30.023
2026-02-09 03:02:50,364 [DEBUG] WellApp.graphics: draw_fluids: нарисованы столбы h_t=1274.21 м, h_a=1274.21 м (bottom_y=2500.00, total_depth_md=2500.00)
2026-02-09 03:03:15,669 [DEBUG] WellApp.gui: Переключение на вкладку 'Индикаторная пачка'
2026-02-09 03:04:15,709 [DEBUG] WellApp.gui: Старт расчёта объёмов и построения схемы
2026-02-09 03:04:15,710 [DEBUG] WellApp.utils: compute_casing_params -> OD=244.500, ID=216.000, wall=14.250
2026-02-09 03:04:15,710 [DEBUG] WellApp.utils: compute_casing_params -> OD=177.800, ID=160.000, wall=8.900
2026-02-09 03:04:15,710 [WARNING] WellApp.geom: Casing 'Open Hole': ID >= OD (id=152.400 мм, od=152.400 мм) — проверьте данные
2026-02-09 03:04:15,711 [DEBUG] WellApp.gui: Суммарная MD конструкции: 2500.000 м
2026-02-09 03:04:15,711 [DEBUG] WellApp.utils: normalize_bha_name: 'Drill Pipe' -> 'Drill Pipe'
2026-02-09 03:04:15,711 [DEBUG] WellApp.utils: normalize_bha_name: 'Heavy Weight' -> 'Heavy Weight'
2026-02-09 03:04:15,712 [DEBUG] WellApp.utils: normalize_bha_name: 'Drill Collar' -> 'Drill Collar'
2026-02-09 03:04:15,712 [DEBUG] WellApp.utils: normalize_bha_name: 'Mud Motor' -> 'Mud Motor'
2026-02-09 03:04:15,712 [DEBUG] WellApp.utils: normalize_bha_name: 'Bit' -> 'Bit'
2026-02-09 03:04:15,712 [DEBUG] WellApp.gui: Итоговое содержимое fluids: ['Раствор 1', 'Раствор 2', 'Буфер 3']
2026-02-09 03:04:15,713 [DEBUG] WellApp.volumes: calculate_volumes: старт расчёта, casings=3, bha=5
2026-02-09 03:04:15,713 [DEBUG] WellApp.volumes: calculate_volumes: завершено. V_casings=57.602, V_bha_int=16.972, V_bha_disp=33.890, V_annulus=23.712
2026-02-09 03:04:15,714 [DEBUG] WellApp.graphics: BHA элементов (снизу вверх): ['Drill Pipe L=2209.70, OD=127.0', 'Heavy Weight L=200.00, OD=139.7', 'Drill Collar L=80.00, OD=203.0', 'Mud Motor L=10.00, OD=172.0', 'Bit L=0.30, OD=215.9']
2026-02-09 03:04:15,719 [DEBUG] WellApp.gui: Расчёт объёмов и обновление схемы завершены успешно
2026-02-09 03:04:15,720 [INFO] WellApp.indicator_pill: IndicatorPill: row=0 D_eff=317.3 mm | V_pumped=72.000 V_in=16.972 V_ann_cased=23.146 V_oh=31.883
2026-02-09 03:04:17,311 [DEBUG] WellApp.gui: Старт расчёта объёмов и построения схемы
2026-02-09 03:04:17,312 [DEBUG] WellApp.utils: compute_casing_params -> OD=244.500, ID=216.000, wall=14.250
2026-02-09 03:04:17,312 [DEBUG] WellApp.utils: compute_casing_params -> OD=177.800, ID=160.000, wall=8.900
2026-02-09 03:04:17,312 [WARNING] WellApp.geom: Casing 'Open Hole': ID >= OD (id=152.400 мм, od=152.400 мм) — проверьте данные
2026-02-09 03:04:17,312 [DEBUG] WellApp.gui: Суммарная MD конструкции: 2500.000 м
2026-02-09 03:04:17,312 [DEBUG] WellApp.utils: normalize_bha_name: 'Drill Pipe' -> 'Drill Pipe'
2026-02-09 03:04:17,313 [DEBUG] WellApp.utils: normalize_bha_name: 'Heavy Weight' -> 'Heavy Weight'
2026-02-09 03:04:17,313 [DEBUG] WellApp.utils: normalize_bha_name: 'Drill Collar' -> 'Drill Collar'
2026-02-09 03:04:17,313 [DEBUG] WellApp.utils: normalize_bha_name: 'Mud Motor' -> 'Mud Motor'
2026-02-09 03:04:17,313 [DEBUG] WellApp.utils: normalize_bha_name: 'Bit' -> 'Bit'
2026-02-09 03:04:17,313 [DEBUG] WellApp.gui: Итоговое содержимое fluids: ['Раствор 1', 'Раствор 2', 'Буфер 3']
2026-02-09 03:04:17,313 [DEBUG] WellApp.volumes: calculate_volumes: старт расчёта, casings=3, bha=5
2026-02-09 03:04:17,313 [DEBUG] WellApp.volumes: calculate_volumes: завершено. V_casings=57.602, V_bha_int=16.972, V_bha_disp=33.890, V_annulus=23.712
2026-02-09 03:04:17,314 [DEBUG] WellApp.graphics: BHA элементов (снизу вверх): ['Drill Pipe L=2209.70, OD=127.0', 'Heavy Weight L=200.00, OD=139.7', 'Drill Collar L=80.00, OD=203.0', 'Mud Motor L=10.00, OD=172.0', 'Bit L=0.30, OD=215.9']
2026-02-09 03:04:17,319 [DEBUG] WellApp.gui: Расчёт объёмов и обновление схемы завершены успешно
2026-02-09 03:04:17,319 [INFO] WellApp.indicator_pill: IndicatorPill: row=0 D_eff=317.3 mm | V_pumped=72.000 V_in=16.972 V_ann_cased=23.146 V_oh=31.883
2026-02-09 07:28:47,512 [DEBUG] WellApp: Логгер WellApp настроен. Файл лога: C:\Users\pasha\OneDrive\Рабочий стол\WellLib\csg\program_debug.log
2026-02-09 07:28:47,544 [INFO] WellApp.gui: Запуск WellApp из csg.py
2026-02-09 07:28:47,579 [DEBUG] WellApp.gui: Инициализация WellApp
2026-02-09 07:28:47,582 [DEBUG] WellApp.graphics: BHA элементов (снизу вверх): []
2026-02-09 07:28:47,582 [DEBUG] WellApp.trajectory: Инициализация TrajectoryTab
2026-02-09 07:28:47,791 [DEBUG] WellApp.trajectory: Добавлена точка траектории, всего строк: 1
2026-02-09 07:28:47,793 [DEBUG] WellApp.gui: Инициализация BalanceTab
2026-02-09 07:28:47,793 [DEBUG] WellApp.gui: Инициализация DisplacementTab
2026-02-09 07:28:47,811 [DEBUG] WellApp.gui: Инициализация вкладки 'Жидкости'
2026-02-09 07:28:47,813 [DEBUG] WellApp.gui: populate_fluid_combos: обновлено 1 жидкостей
2026-02-09 07:28:47,813 [DEBUG] WellApp.gui: populate_fluid_combo: обновлено 1 жидкостей
2026-02-09 07:28:47,813 [DEBUG] WellApp.gui: Добавлена жидкость: Раствор 1, 1.2 г/см³, тип Раствор
2026-02-09 07:28:47,813 [DEBUG] WellApp.gui: populate_fluid_combos: обновлено 1 жидкостей
2026-02-09 07:28:47,814 [DEBUG] WellApp.gui: populate_fluid_combo: обновлено 1 жидкостей
2026-02-09 07:28:47,814 [DEBUG] WellApp.gui: Инициализация вкладки 'Конструкция'
2026-02-09 07:28:47,816 [DEBUG] WellApp.gui: Добавлена строка колонны, всего строк: 1
2026-02-09 07:28:47,816 [DEBUG] WellApp.gui: Инициализация вкладки 'КНБК'
2026-02-09 07:28:47,817 [DEBUG] WellApp.gui: Добавлена строка КНБК, всего строк: 1
2026-02-09 07:28:47,817 [DEBUG] WellApp.gui: Инициализация вкладки 'Объёмы'
2026-02-09 07:28:59,439 [INFO] WellApp.gui: Выбран кейс: C:\Users\pasha\OneDrive\Рабочий стол\WellLib\csg\cases\Проект Тест\НМР Тест\123 Тест\Кейс Тест.json
2026-02-09 07:28:59,440 [DEBUG] WellApp.gui: Загрузка кейса из C:\Users\pasha\OneDrive\Рабочий стол\WellLib\csg\cases\Проект Тест\НМР Тест\123 Тест\Кейс Тест.json
2026-02-09 07:28:59,452 [DEBUG] WellApp.gui: _get_md_tvd_points: собранo 4 точек MD–TVD
2026-02-09 07:28:59,452 [DEBUG] WellApp.gui: update_tvd_display: TVD=2233.86 м по максимальной траектории (MD=2500.0 м)
2026-02-09 07:28:59,453 [DEBUG] WellApp.gui: populate_fluid_combos: обновлено 3 жидкостей
2026-02-09 07:28:59,453 [DEBUG] WellApp.gui: populate_fluid_combo: обновлено 3 жидкостей
2026-02-09 07:28:59,453 [DEBUG] WellApp.gui: Старт расчёта объёмов и построения схемы
2026-02-09 07:28:59,453 [DEBUG] WellApp.utils: compute_casing_params -> OD=244.500, ID=216.000, wall=14.250
2026-02-09 07:28:59,453 [DEBUG] WellApp.utils: compute_casing_params -> OD=177.800, ID=160.000, wall=8.900
2026-02-09 07:28:59,453 [WARNING] WellApp.geom: Casing 'Open Hole': ID >= OD (id=152.400 мм, od=152.400 мм) — проверьте данные
2026-02-09 07:28:59,453 [DEBUG] WellApp.gui: Суммарная MD конструкции: 2500.000 м
2026-02-09 07:28:59,453 [DEBUG] WellApp.utils: normalize_bha_name: 'Drill Pipe' -> 'Drill Pipe'
2026-02-09 07:28:59,453 [DEBUG] WellApp.utils: normalize_bha_name: 'Heavy Weight' -> 'Heavy Weight'
2026-02-09 07:28:59,453 [DEBUG] WellApp.utils: normalize_bha_name: 'Drill Collar' -> 'Drill Collar'
2026-02-09 07:28:59,453 [DEBUG] WellApp.utils: normalize_bha_name: 'Mud Motor' -> 'Mud Motor'
2026-02-09 07:28:59,453 [DEBUG] WellApp.utils: normalize_bha_name: 'Bit' -> 'Bit'
2026-02-09 07:28:59,454 [DEBUG] WellApp.gui: Итоговое содержимое fluids: ['Раствор 1', 'Раствор 2', 'Буфер 3']
2026-02-09 07:28:59,455 [DEBUG] WellApp.volumes: calculate_volumes: старт расчёта, casings=3, bha=5
2026-02-09 07:28:59,455 [DEBUG] WellApp.volumes: calculate_volumes: завершено. V_casings=57.602, V_bha_int=16.972, V_bha_disp=33.890, V_annulus=23.712
2026-02-09 07:28:59,478 [DEBUG] WellApp.graphics: BHA элементов (снизу вверх): ['Drill Pipe L=2209.70, OD=127.0', 'Heavy Weight L=200.00, OD=139.7', 'Drill Collar L=80.00, OD=203.0', 'Mud Motor L=10.00, OD=172.0', 'Bit L=0.30, OD=215.9']
2026-02-09 07:28:59,537 [DEBUG] WellApp.gui: Расчёт объёмов и обновление схемы завершены успешно
2026-02-09 07:29:15,481 [DEBUG] WellApp.gui: Переключение на вкладку 'Равновесие'
2026-02-09 07:29:15,482 [DEBUG] WellApp.gui: populate_fluid_combos: обновлено 3 жидкостей
2026-02-09 07:29:15,482 [DEBUG] WellApp.gui: _get_md_tvd_points: собранo 4 точек MD–TVD
2026-02-09 07:29:15,482 [DEBUG] WellApp.gui: _get_md_tvd_points: собранo 4 точек MD–TVD
2026-02-09 07:29:15,482 [DEBUG] WellApp.gui: update_tvd_display: TVD=2233.86 м для MD=2500.0 м (конструкция=2500.0 м, max_MD_траектории=2500.0 м)
2026-02-09 07:29:17,407 [DEBUG] WellApp.gui: run_balance_calc: запуск
2026-02-09 07:29:18,980 [WARNING] WellApp.gui: run_balance_calc: не введено пластовое давление
2026-02-09 07:29:23,545 [DEBUG] WellApp.gui: run_balance_calc: запуск
2026-02-09 07:29:23,545 [DEBUG] WellApp.gui: _get_md_tvd_points: собранo 4 точек MD–TVD
2026-02-09 07:29:23,546 [DEBUG] WellApp.gui: _get_md_tvd_points: собранo 4 точек MD–TVD
2026-02-09 07:29:23,546 [DEBUG] WellApp.gui: run_balance_calc: используем TVD=2233.86 м для MD конструкции=2500.0 м (max_MD_траектории=2500.0 м)
2026-02-09 07:29:23,546 [DEBUG] WellApp.gui: run_balance_calc: tubing=Раствор 1 (ρ=1.200), annulus=Раствор 1 (ρ=1.200)
2026-02-09 07:29:23,546 [DEBUG] WellApp.balance: === Запуск calculate_balance ===
2026-02-09 07:29:23,546 [DEBUG] WellApp.balance: Входные: P_res=20000000.0, max_tvd_m=None, D_tubing_mm=100.0, D_well_mm=200.0, D_knbk_mm=0.0, L_knbk_m=0.0
2026-02-09 07:29:23,567 [DEBUG] WellApp.balance: max_tvd_m взят из второго позиционного аргумента: 2233.86
2026-02-09 07:29:23,567 [DEBUG] WellApp.balance: Плотности: rho_t=1200.0, rho_a=1200.0
2026-02-09 07:29:23,567 [DEBUG] WellApp.balance: Требуемые высоты: h_req_t=1698.9466530750935, h_req_a=1698.9466530750935
2026-02-09 07:29:23,567 [DEBUG] WellApp.balance: Фактические высоты (с учётом TVD): h_t=1698.9466530750935, h_a=1698.9466530750935
2026-02-09 07:29:23,567 [DEBUG] WellApp.balance: Давления на пласте: p_t=20000000.0, p_a=20000000.0, diff_t=0.0, diff_a=0.0, diff_channels=0.0
2026-02-09 07:29:23,567 [DEBUG] WellApp.balance: Геометрия (м): D_t_id=0.1, D_w=0.2, D_k_od=0.0, L_knbk_m=0.0
2026-02-09 07:29:23,567 [DEBUG] WellApp.balance: Площадь трубы A_full=0.007853981633974483; V_t=13.343495810354202
2026-02-09 07:29:23,567 [DEBUG] WellApp.balance: Площадь затруба A_annulus=0.023561944901923454; V_a=40.03048743106262
2026-02-09 07:29:23,567 [DEBUG] WellApp.balance: === Расчёт calculate_balance завершён успешно ===
2026-02-09 07:29:23,567 [DEBUG] WellApp.gui: Результаты расчёта равновесия: h_t=1698.95, h_a=1698.95, V_t=13.343, V_a=40.030
2026-02-09 07:29:23,569 [DEBUG] WellApp.graphics: draw_fluids: нарисованы столбы h_t=1698.95 м, h_a=1698.95 м (bottom_y=2500.00, total_depth_md=2500.00)
2026-02-09 07:29:26,950 [DEBUG] WellApp.gui: run_balance_calc: запуск
2026-02-09 07:29:26,951 [DEBUG] WellApp.gui: _get_md_tvd_points: собранo 4 точек MD–TVD
2026-02-09 07:29:26,951 [DEBUG] WellApp.gui: _get_md_tvd_points: собранo 4 точек MD–TVD
2026-02-09 07:29:26,951 [DEBUG] WellApp.gui: run_balance_calc: используем TVD=2233.86 м для MD конструкции=2500.0 м (max_MD_траектории=2500.0 м)
2026-02-09 07:29:26,951 [DEBUG] WellApp.gui: run_balance_calc: tubing=Раствор 1 (ρ=1.200), annulus=Буфер 3 (ρ=1.500)
2026-02-09 07:29:26,951 [DEBUG] WellApp.balance: === Запуск calculate_balance ===
2026-02-09 07:29:26,951 [DEBUG] WellApp.balance: Входные: P_res=20000000.0, max_tvd_m=None, D_tubing_mm=100.0, D_well_mm=200.0, D_knbk_mm=0.0, L_knbk_m=0.0
2026-02-09 07:29:26,951 [DEBUG] WellApp.balance: max_tvd_m взят из второго позиционного аргумента: 2233.86
2026-02-09 07:29:26,951 [DEBUG] WellApp.balance: Плотности: rho_t=1200.0, rho_a=1500.0
2026-02-09 07:29:26,951 [DEBUG] WellApp.balance: Требуемые высоты: h_req_t=1698.9466530750935, h_req_a=1359.1573224600747
2026-02-09 07:29:26,952 [DEBUG] WellApp.balance: Фактические высоты (с учётом TVD): h_t=1698.9466530750935, h_a=1359.1573224600747
2026-02-09 07:29:26,952 [DEBUG] WellApp.balance: Давления на пласте: p_t=20000000.0, p_a=20000000.0, diff_t=0.0, diff_a=0.0, diff_channels=0.0
2026-02-09 07:29:26,952 [DEBUG] WellApp.balance: Геометрия (м): D_t_id=0.1, D_w=0.2, D_k_od=0.0, L_knbk_m=0.0
2026-02-09 07:29:26,952 [DEBUG] WellApp.balance: Площадь трубы A_full=0.007853981633974483; V_t=13.343495810354202
2026-02-09 07:29:26,952 [DEBUG] WellApp.balance: Площадь затруба A_annulus=0.023561944901923454; V_a=32.02438994485009
2026-02-09 07:29:26,952 [DEBUG] WellApp.balance: === Расчёт calculate_balance завершён успешно ===
2026-02-09 07:29:26,952 [DEBUG] WellApp.gui: Результаты расчёта равновесия: h_t=1698.95, h_a=1359.16, V_t=13.343, V_a=32.024
2026-02-09 07:29:26,972 [DEBUG] WellApp.graphics: draw_fluids: нарисованы столбы h_t=1698.95 м, h_a=1359.16 м (bottom_y=2500.00, total_depth_md=2500.00)
2026-02-09 07:29:45,193 [DEBUG] WellApp.gui: Переключение на вкладку 'Отдувка'
2026-02-09 07:29:45,194 [DEBUG] WellApp.gui: populate_fluid_combo: обновлено 3 жидкостей
2026-02-09 07:29:45,194 [DEBUG] WellApp.gui: _get_md_tvd_points (Отдувка): собрано 4 точек MD–TVD
2026-02-09 07:29:45,194 [DEBUG] WellApp.gui: _get_md_tvd_points (Отдувка): собрано 4 точек MD–TVD
2026-02-09 07:29:45,194 [DEBUG] WellApp.gui: update_tvd_display (Отдувка): TVD=2233.86 м для MD=2500.0 м (конструкция=2500.0 м, max_MD_траектории=2500.0 м)
2026-02-09 07:29:57,213 [DEBUG] WellApp.gui: run_displacement_calc: запуск
2026-02-09 07:29:57,215 [DEBUG] WellApp.gui: _get_md_tvd_points (Отдувка): собрано 4 точек MD–TVD
2026-02-09 07:29:57,215 [DEBUG] WellApp.gui: _get_md_tvd_points (Отдувка): собрано 4 точек MD–TVD
2026-02-09 07:29:57,215 [DEBUG] WellApp.gui: run_displacement_calc: используем TVD=2233.86 м для MD конструкции=2500.0 м (max_MD_траектории=2500.0 м)
2026-02-09 07:29:57,215 [DEBUG] WellApp.gui: run_displacement_calc: fluid=Раствор 1 (ρ=1.200)
2026-02-09 07:29:57,216 [DEBUG] WellApp.balance: === Запуск calculate_balance ===
2026-02-09 07:29:57,216 [DEBUG] WellApp.balance: Входные: P_res=30000000.0, max_tvd_m=None, D_tubing_mm=100.0, D_well_mm=200.0, D_knbk_mm=0.0, L_knbk_m=0.0
2026-02-09 07:29:57,216 [DEBUG] WellApp.balance: max_tvd_m взят из второго позиционного аргумента: 2233.86
2026-02-09 07:29:57,216 [DEBUG] WellApp.balance: Плотности: rho_t=1200.0, rho_a=1200.0
2026-02-09 07:29:57,216 [DEBUG] WellApp.balance: Требуемые высоты: h_req_t=2548.41997961264, h_req_a=2548.41997961264
2026-02-09 07:29:57,217 [DEBUG] WellApp.balance: Фактические высоты (с учётом TVD): h_t=2233.86, h_a=2233.86
2026-02-09 07:29:57,217 [DEBUG] WellApp.balance: Давления на пласте: p_t=26296999.92, p_a=26296999.92, diff_t=3703000.079999998, diff_a=3703000.079999998, diff_channels=0.0
2026-02-09 07:29:57,218 [DEBUG] WellApp.balance: Геометрия (м): D_t_id=0.1, D_w=0.2, D_k_od=0.0, L_knbk_m=0.0
2026-02-09 07:29:57,218 [DEBUG] WellApp.balance: Площадь трубы A_full=0.007853981633974483; V_t=17.54469541287024
2026-02-09 07:29:57,218 [DEBUG] WellApp.balance: Площадь затруба A_annulus=0.023561944901923454; V_a=52.63408623861073
2026-02-09 07:29:57,218 [DEBUG] WellApp.balance: === Расчёт calculate_balance завершён успешно ===
2026-02-09 07:29:57,218 [DEBUG] WellApp.gui: Результаты расчёта отдувки: h_t=2233.86, h_a=2233.86, V_t=17.545, V_a=52.634
2026-02-09 07:29:57,220 [DEBUG] WellApp.graphics: draw_fluids: нарисованы столбы h_t=2233.86 м, h_a=2233.86 м (bottom_y=2500.00, total_depth_md=2500.00)
2026-02-09 07:30:05,242 [DEBUG] WellApp.gui: Переключение на вкладку 'Индикаторная пачка'
2026-02-09 07:30:47,875 [DEBUG] WellApp.gui: Старт расчёта объёмов и построения схемы
2026-02-09 07:30:47,878 [DEBUG] WellApp.utils: compute_casing_params -> OD=244.500, ID=216.000, wall=14.250
2026-02-09 07:30:47,878 [DEBUG] WellApp.utils: compute_casing_params -> OD=177.800, ID=160.000, wall=8.900
2026-02-09 07:30:47,878 [WARNING] WellApp.geom: Casing 'Open Hole': ID >= OD (id=152.400 мм, od=152.400 мм) — проверьте данные
2026-02-09 07:30:47,878 [DEBUG] WellApp.gui: Суммарная MD конструкции: 2500.000 м
2026-02-09 07:30:47,878 [DEBUG] WellApp.utils: normalize_bha_name: 'Drill Pipe' -> 'Drill Pipe'
2026-02-09 07:30:47,879 [DEBUG] WellApp.utils: normalize_bha_name: 'Heavy Weight' -> 'Heavy Weight'
2026-02-09 07:30:47,879 [DEBUG] WellApp.utils: normalize_bha_name: 'Drill Collar' -> 'Drill Collar'
2026-02-09 07:30:47,879 [DEBUG] WellApp.utils: normalize_bha_name: 'Mud Motor' -> 'Mud Motor'
2026-02-09 07:30:47,879 [DEBUG] WellApp.utils: normalize_bha_name: 'Bit' -> 'Bit'
2026-02-09 07:30:47,879 [DEBUG] WellApp.gui: Итоговое содержимое fluids: ['Раствор 1', 'Раствор 2', 'Буфер 3']
2026-02-09 07:30:47,879 [DEBUG] WellApp.volumes: calculate_volumes: старт расчёта, casings=3, bha=5
2026-02-09 07:30:47,880 [DEBUG] WellApp.volumes: calculate_volumes: завершено. V_casings=57.602, V_bha_int=16.972, V_bha_disp=33.890, V_annulus=23.712
2026-02-09 07:30:47,884 [DEBUG] WellApp.graphics: BHA элементов (снизу вверх): ['Drill Pipe L=2209.70, OD=127.0', 'Heavy Weight L=200.00, OD=139.7', 'Drill Collar L=80.00, OD=203.0', 'Mud Motor L=10.00, OD=172.0', 'Bit L=0.30, OD=215.9']
2026-02-09 07:30:47,894 [DEBUG] WellApp.gui: Расчёт объёмов и обновление схемы завершены успешно
2026-02-09 07:30:47,894 [INFO] WellApp.indicator_pill: IndicatorPill: row=0 D_eff=382.8 mm | V_pumped=90.000 V_in=16.972 V_ann_cased=23.146 V_oh=49.883
2026-02-09 07:31:48,636 [DEBUG] WellApp.gui: Переключение на вкладку 'Равновесие'
2026-02-09 07:31:48,639 [DEBUG] WellApp.gui: populate_fluid_combos: обновлено 3 жидкостей
2026-02-09 07:31:48,639 [DEBUG] WellApp.gui: _get_md_tvd_points: собранo 4 точек MD–TVD
2026-02-09 07:31:48,639 [DEBUG] WellApp.gui: _get_md_tvd_points: собранo 4 точек MD–TVD
2026-02-09 07:31:48,640 [DEBUG] WellApp.gui: update_tvd_display: TVD=2233.86 м для MD=2500.0 м (конструкция=2500.0 м, max_MD_траектории=2500.0 м)
2026-02-09 07:31:50,954 [DEBUG] WellApp.gui: run_balance_calc: запуск
2026-02-09 07:31:50,955 [DEBUG] WellApp.gui: _get_md_tvd_points: собранo 4 точек MD–TVD
2026-02-09 07:31:50,956 [DEBUG] WellApp.gui: _get_md_tvd_points: собранo 4 точек MD–TVD
2026-02-09 07:31:50,956 [DEBUG] WellApp.gui: run_balance_calc: используем TVD=2233.86 м для MD конструкции=2500.0 м (max_MD_траектории=2500.0 м)
2026-02-09 07:31:50,956 [DEBUG] WellApp.gui: run_balance_calc: tubing=Раствор 1 (ρ=1.200), annulus=Раствор 1 (ρ=1.200)
2026-02-09 07:31:50,956 [DEBUG] WellApp.balance: === Запуск calculate_balance ===
2026-02-09 07:31:50,956 [DEBUG] WellApp.balance: Входные: P_res=20000000.0, max_tvd_m=None, D_tubing_mm=100.0, D_well_mm=200.0, D_knbk_mm=0.0, L_knbk_m=0.0
2026-02-09 07:31:50,956 [DEBUG] WellApp.balance: max_tvd_m взят из второго позиционного аргумента: 2233.86
2026-02-09 07:31:50,956 [DEBUG] WellApp.balance: Плотности: rho_t=1200.0, rho_a=1200.0
2026-02-09 07:31:50,956 [DEBUG] WellApp.balance: Требуемые высоты: h_req_t=1698.9466530750935, h_req_a=1698.9466530750935
2026-02-09 07:31:50,957 [DEBUG] WellApp.balance: Фактические высоты (с учётом TVD): h_t=1698.9466530750935, h_a=1698.9466530750935
2026-02-09 07:31:50,957 [DEBUG] WellApp.balance: Давления на пласте: p_t=20000000.0, p_a=20000000.0, diff_t=0.0, diff_a=0.0, diff_channels=0.0
2026-02-09 07:31:50,957 [DEBUG] WellApp.balance: Геометрия (м): D_t_id=0.1, D_w=0.2, D_k_od=0.0, L_knbk_m=0.0
2026-02-09 07:31:50,957 [DEBUG] WellApp.balance: Площадь трубы A_full=0.007853981633974483; V_t=13.343495810354202
2026-02-09 07:31:50,957 [DEBUG] WellApp.balance: Площадь затруба A_annulus=0.023561944901923454; V_a=40.03048743106262
2026-02-09 07:31:50,957 [DEBUG] WellApp.balance: === Расчёт calculate_balance завершён успешно ===
2026-02-09 07:31:50,957 [DEBUG] WellApp.gui: Результаты расчёта равновесия: h_t=1698.95, h_a=1698.95, V_t=13.343, V_a=40.030
2026-02-09 07:31:50,959 [DEBUG] WellApp.graphics: draw_fluids: нарисованы столбы h_t=1698.95 м, h_a=1698.95 м (bottom_y=2500.00, total_depth_md=2500.00)
2026-02-09 07:32:25,491 [DEBUG] WellApp.gui: run_balance_calc: запуск
2026-02-09 07:32:25,493 [DEBUG] WellApp.gui: _get_md_tvd_points: собранo 4 точек MD–TVD
2026-02-09 07:32:25,493 [DEBUG] WellApp.gui: _get_md_tvd_points: собранo 4 точек MD–TVD
2026-02-09 07:32:25,493 [DEBUG] WellApp.gui: run_balance_calc: используем TVD=2233.86 м для MD конструкции=2500.0 м (max_MD_траектории=2500.0 м)
2026-02-09 07:32:25,493 [DEBUG] WellApp.gui: run_balance_calc: tubing=Раствор 1 (ρ=1.200), annulus=Буфер 3 (ρ=1.500)
2026-02-09 07:32:25,493 [DEBUG] WellApp.balance: === Запуск calculate_balance ===
2026-02-09 07:32:25,494 [DEBUG] WellApp.balance: Входные: P_res=20000000.0, max_tvd_m=None, D_tubing_mm=100.0, D_well_mm=200.0, D_knbk_mm=0.0, L_knbk_m=0.0
2026-02-09 07:32:25,494 [DEBUG] WellApp.balance: max_tvd_m взят из второго позиционного аргумента: 2233.86
2026-02-09 07:32:25,494 [DEBUG] WellApp.balance: Плотности: rho_t=1200.0, rho_a=1500.0
2026-02-09 07:32:25,494 [DEBUG] WellApp.balance: Требуемые высоты: h_req_t=1698.9466530750935, h_req_a=1359.1573224600747
2026-02-09 07:32:25,494 [DEBUG] WellApp.balance: Фактические высоты (с учётом TVD): h_t=1698.9466530750935, h_a=1359.1573224600747
2026-02-09 07:32:25,494 [DEBUG] WellApp.balance: Давления на пласте: p_t=20000000.0, p_a=20000000.0, diff_t=0.0, diff_a=0.0, diff_channels=0.0
2026-02-09 07:32:25,494 [DEBUG] WellApp.balance: Геометрия (м): D_t_id=0.1, D_w=0.2, D_k_od=0.0, L_knbk_m=0.0
2026-02-09 07:32:25,494 [DEBUG] WellApp.balance: Площадь трубы A_full=0.007853981633974483; V_t=13.343495810354202
2026-02-09 07:32:25,494 [DEBUG] WellApp.balance: Площадь затруба A_annulus=0.023561944901923454; V_a=32.02438994485009
2026-02-09 07:32:25,495 [DEBUG] WellApp.balance: === Расчёт calculate_balance завершён успешно ===
2026-02-09 07:32:25,495 [DEBUG] WellApp.gui: Результаты расчёта равновесия: h_t=1698.95, h_a=1359.16, V_t=13.343, V_a=32.024
2026-02-09 07:32:25,496 [DEBUG] WellApp.graphics: draw_fluids: нарисованы столбы h_t=1698.95 м, h_a=1359.16 м (bottom_y=2500.00, total_depth_md=2500.00)
2026-02-09 07:43:47,741 [DEBUG] WellApp.gui: Переключение на вкладку 'Отдувка'
2026-02-09 07:43:47,744 [DEBUG] WellApp.gui: populate_fluid_combo: обновлено 3 жидкостей
2026-02-09 07:43:47,745 [DEBUG] WellApp.gui: _get_md_tvd_points (Отдувка): собрано 4 точек MD–TVD
2026-02-09 07:43:47,745 [DEBUG] WellApp.gui: _get_md_tvd_points (Отдувка): собрано 4 точек MD–TVD
2026-02-09 07:43:47,745 [DEBUG] WellApp.gui: update_tvd_display (Отдувка): TVD=2233.86 м для MD=2500.0 м (конструкция=2500.0 м, max_MD_траектории=2500.0 м)
2026-02-09 07:43:52,996 [DEBUG] WellApp.gui: run_displacement_calc: запуск
2026-02-09 07:43:52,997 [DEBUG] WellApp.gui: _get_md_tvd_points (Отдувка): собрано 4 точек MD–TVD
2026-02-09 07:43:52,997 [DEBUG] WellApp.gui: _get_md_tvd_points (Отдувка): собрано 4 точек MD–TVD
2026-02-09 07:43:52,997 [DEBUG] WellApp.gui: run_displacement_calc: используем TVD=2233.86 м для MD конструкции=2500.0 м (max_MD_траектории=2500.0 м)
2026-02-09 07:43:52,997 [DEBUG] WellApp.gui: run_displacement_calc: fluid=Раствор 1 (ρ=1.200)
2026-02-09 07:43:52,998 [DEBUG] WellApp.balance: === Запуск calculate_balance ===
2026-02-09 07:43:52,998 [DEBUG] WellApp.balance: Входные: P_res=30000000.0, max_tvd_m=None, D_tubing_mm=100.0, D_well_mm=200.0, D_knbk_mm=0.0, L_knbk_m=0.0
2026-02-09 07:43:52,998 [DEBUG] WellApp.balance: max_tvd_m взят из второго позиционного аргумента: 2233.86
2026-02-09 07:43:52,998 [DEBUG] WellApp.balance: Плотности: rho_t=1200.0, rho_a=1200.0
2026-02-09 07:43:52,998 [DEBUG] WellApp.balance: Требуемые высоты: h_req_t=2548.41997961264, h_req_a=2548.41997961264
2026-02-09 07:43:52,998 [DEBUG] WellApp.balance: Фактические высоты (с учётом TVD): h_t=2233.86, h_a=2233.86
2026-02-09 07:43:52,998 [DEBUG] WellApp.balance: Давления на пласте: p_t=26296999.92, p_a=26296999.92, diff_t=3703000.079999998, diff_a=3703000.079999998, diff_channels=0.0
2026-02-09 07:43:52,998 [DEBUG] WellApp.balance: Геометрия (м): D_t_id=0.1, D_w=0.2, D_k_od=0.0, L_knbk_m=0.0
2026-02-09 07:43:52,998 [DEBUG] WellApp.balance: Площадь трубы A_full=0.007853981633974483; V_t=17.54469541287024
2026-02-09 07:43:52,998 [DEBUG] WellApp.balance: Площадь затруба A_annulus=0.023561944901923454; V_a=52.63408623861073
2026-02-09 07:43:52,998 [DEBUG] WellApp.balance: === Расчёт calculate_balance завершён успешно ===
2026-02-09 07:43:52,998 [DEBUG] WellApp.gui: Результаты расчёта отдувки: h_t=2233.86, h_a=2233.86, V_t=17.545, V_a=52.634
2026-02-09 07:43:52,999 [DEBUG] WellApp.graphics: draw_fluids: нарисованы столбы h_t=2233.86 м, h_a=2233.86 м (bottom_y=2500.00, total_depth_md=2500.00)
2026-02-09 07:44:02,239 [DEBUG] WellApp.gui: Переключение на вкладку 'Индикаторная пачка'
2026-02-09 16:46:49,749 [DEBUG] WellApp: Логгер WellApp настроен. Файл лога: C:\Users\pasha\OneDrive\Рабочий стол\WellLib\csg\program_debug.log
2026-02-09 16:46:49,781 [INFO] WellApp.gui: Запуск WellApp из csg.py
2026-02-09 16:46:49,823 [DEBUG] WellApp.gui: Инициализация WellApp
2026-02-09 16:46:49,826 [DEBUG] WellApp.graphics: BHA элементов (снизу вверх): []
2026-02-09 16:46:49,827 [DEBUG] WellApp.trajectory: Инициализация TrajectoryTab
2026-02-09 16:46:50,184 [DEBUG] WellApp.trajectory: Добавлена точка траектории, всего строк: 1
2026-02-09 16:46:50,187 [DEBUG] WellApp.gui: Инициализация BalanceTab
2026-02-09 16:46:50,187 [DEBUG] WellApp.gui: Инициализация DisplacementTab
2026-02-09 16:46:50,203 [DEBUG] WellApp.gui: Инициализация вкладки 'Жидкости'
2026-02-09 16:46:50,205 [DEBUG] WellApp.gui: populate_fluid_combos: обновлено 1 жидкостей
2026-02-09 16:46:50,205 [DEBUG] WellApp.gui: populate_fluid_combo: обновлено 1 жидкостей
2026-02-09 16:46:50,206 [DEBUG] WellApp.gui: Добавлена жидкость: Раствор 1, 1.2 г/см³, тип Раствор
2026-02-09 16:46:50,206 [DEBUG] WellApp.gui: populate_fluid_combos: обновлено 1 жидкостей
2026-02-09 16:46:50,206 [DEBUG] WellApp.gui: populate_fluid_combo: обновлено 1 жидкостей
2026-02-09 16:46:50,206 [DEBUG] WellApp.gui: Инициализация вкладки 'Конструкция'
2026-02-09 16:46:50,208 [DEBUG] WellApp.gui: Добавлена строка колонны, всего строк: 1
2026-02-09 16:46:50,208 [DEBUG] WellApp.gui: Инициализация вкладки 'КНБК'
2026-02-09 16:46:50,209 [DEBUG] WellApp.gui: Добавлена строка КНБК, всего строк: 1
2026-02-09 16:46:50,209 [DEBUG] WellApp.gui: Инициализация вкладки 'Объёмы'
2026-02-09 16:47:37,475 [INFO] WellApp.gui: Выбран кейс: C:\Users\pasha\OneDrive\Рабочий стол\WellLib\csg\cases\Проект Тест\НМР Тест\123 Тест\Кейс Тест.json
2026-02-09 16:47:37,475 [DEBUG] WellApp.gui: Загрузка кейса из C:\Users\pasha\OneDrive\Рабочий стол\WellLib\csg\cases\Проект Тест\НМР Тест\123 Тест\Кейс Тест.json
2026-02-09 16:47:37,493 [DEBUG] WellApp.gui: _get_md_tvd_points: собранo 4 точек MD–TVD
2026-02-09 16:47:37,493 [DEBUG] WellApp.gui: update_tvd_display: TVD=2233.86 м по максимальной траектории (MD=2500.0 м)
2026-02-09 16:47:37,494 [DEBUG] WellApp.gui: populate_fluid_combos: обновлено 3 жидкостей
2026-02-09 16:47:37,494 [DEBUG] WellApp.gui: populate_fluid_combo: обновлено 3 жидкостей
2026-02-09 16:47:37,494 [DEBUG] WellApp.gui: Старт расчёта объёмов и построения схемы
2026-02-09 16:47:37,495 [DEBUG] WellApp.utils: compute_casing_params -> OD=244.500, ID=216.000, wall=14.250
2026-02-09 16:47:37,495 [DEBUG] WellApp.utils: compute_casing_params -> OD=177.800, ID=160.000, wall=8.900
2026-02-09 16:47:37,495 [WARNING] WellApp.geom: Casing 'Open Hole': ID >= OD (id=152.400 мм, od=152.400 мм) — проверьте данные
2026-02-09 16:47:37,495 [DEBUG] WellApp.gui: Суммарная MD конструкции: 2500.000 м
2026-02-09 16:47:37,495 [DEBUG] WellApp.utils: normalize_bha_name: 'Drill Pipe' -> 'Drill Pipe'
2026-02-09 16:47:37,495 [DEBUG] WellApp.utils: normalize_bha_name: 'Heavy Weight' -> 'Heavy Weight'
2026-02-09 16:47:37,495 [DEBUG] WellApp.utils: normalize_bha_name: 'Drill Collar' -> 'Drill Collar'
2026-02-09 16:47:37,496 [DEBUG] WellApp.utils: normalize_bha_name: 'Mud Motor' -> 'Mud Motor'
2026-02-09 16:47:37,496 [DEBUG] WellApp.utils: normalize_bha_name: 'Bit' -> 'Bit'
2026-02-09 16:47:37,497 [DEBUG] WellApp.gui: Итоговое содержимое fluids: ['Раствор 1', 'Раствор 2', 'Буфер 3']
2026-02-09 16:47:37,497 [DEBUG] WellApp.volumes: calculate_volumes: старт расчёта, casings=3, bha=5
2026-02-09 16:47:37,497 [DEBUG] WellApp.volumes: calculate_volumes: завершено. V_casings=57.602, V_bha_int=16.972, V_bha_disp=33.890, V_annulus=23.712
2026-02-09 16:47:37,524 [DEBUG] WellApp.graphics: BHA элементов (снизу вверх): ['Drill Pipe L=2209.70, OD=127.0', 'Heavy Weight L=200.00, OD=139.7', 'Drill Collar L=80.00, OD=203.0', 'Mud Motor L=10.00, OD=172.0', 'Bit L=0.30, OD=215.9']
2026-02-09 16:47:37,597 [DEBUG] WellApp.gui: Расчёт объёмов и обновление схемы завершены успешно
2026-02-09 16:49:12,968 [DEBUG] WellApp.gui: Переключение на вкладку 'Равновесие'
2026-02-09 16:49:12,968 [DEBUG] WellApp.gui: populate_fluid_combos: обновлено 3 жидкостей
2026-02-09 16:49:12,968 [DEBUG] WellApp.gui: _get_md_tvd_points: собранo 4 точек MD–TVD
2026-02-09 16:49:12,969 [DEBUG] WellApp.gui: _get_md_tvd_points: собранo 4 точек MD–TVD
2026-02-09 16:49:12,969 [DEBUG] WellApp.gui: update_tvd_display: TVD=2233.86 м для MD=2500.0 м (конструкция=2500.0 м, max_MD_траектории=2500.0 м)
2026-02-09 16:49:21,758 [DEBUG] WellApp.gui: run_balance_calc: запуск
2026-02-09 16:49:21,758 [DEBUG] WellApp.gui: _get_md_tvd_points: собранo 4 точек MD–TVD
2026-02-09 16:49:21,759 [DEBUG] WellApp.gui: _get_md_tvd_points: собранo 4 точек MD–TVD
2026-02-09 16:49:21,759 [DEBUG] WellApp.gui: run_balance_calc: используем TVD=2233.86 м для MD конструкции=2500.0 м (max_MD_траектории=2500.0 м)
2026-02-09 16:49:21,764 [DEBUG] WellApp.gui: run_balance_calc: tubing=Раствор 1 (ρ=1.200), annulus=Раствор 1 (ρ=1.200)
2026-02-09 16:49:21,765 [DEBUG] WellApp.balance: === Запуск calculate_balance ===
2026-02-09 16:49:21,765 [DEBUG] WellApp.balance: Входные: P_res=20000000.0, max_tvd_m=None, D_tubing_mm=100.0, D_well_mm=200.0, D_knbk_mm=0.0, L_knbk_m=0.0
2026-02-09 16:49:21,765 [DEBUG] WellApp.balance: max_tvd_m взят из второго позиционного аргумента: 2233.86
2026-02-09 16:49:21,765 [DEBUG] WellApp.balance: Плотности: rho_t=1200.0, rho_a=1200.0
2026-02-09 16:49:21,765 [DEBUG] WellApp.balance: Требуемые высоты: h_req_t=1698.9466530750935, h_req_a=1698.9466530750935
2026-02-09 16:49:21,765 [DEBUG] WellApp.balance: Фактические высоты (с учётом TVD): h_t=1698.9466530750935, h_a=1698.9466530750935
2026-02-09 16:49:21,766 [DEBUG] WellApp.balance: Давления на пласте: p_t=20000000.0, p_a=20000000.0, diff_t=0.0, diff_a=0.0, diff_channels=0.0
2026-02-09 16:49:21,766 [DEBUG] WellApp.balance: Геометрия (м): D_t_id=0.1, D_w=0.2, D_k_od=0.0, L_knbk_m=0.0
2026-02-09 16:49:21,766 [DEBUG] WellApp.balance: Площадь трубы A_full=0.007853981633974483; V_t=13.343495810354202
2026-02-09 16:49:21,766 [DEBUG] WellApp.balance: Площадь затруба A_annulus=0.023561944901923454; V_a=40.03048743106262
2026-02-09 16:49:21,766 [DEBUG] WellApp.balance: === Расчёт calculate_balance завершён успешно ===
2026-02-09 16:49:21,766 [DEBUG] WellApp.gui: Результаты расчёта равновесия: h_t=1698.95, h_a=1698.95, V_t=13.343, V_a=40.030
2026-02-09 16:49:21,768 [DEBUG] WellApp.graphics: draw_fluids: нарисованы столбы h_t=1698.95 м, h_a=1698.95 м (bottom_y=2500.00, total_depth_md=2500.00)
2026-02-09 16:49:43,008 [DEBUG] WellApp.gui: run_balance_calc: запуск
2026-02-09 16:49:43,008 [DEBUG] WellApp.gui: _get_md_tvd_points: собранo 4 точек MD–TVD
2026-02-09 16:49:43,009 [DEBUG] WellApp.gui: _get_md_tvd_points: собранo 4 точек MD–TVD
2026-02-09 16:49:43,009 [DEBUG] WellApp.gui: run_balance_calc: используем TVD=2233.86 м для MD конструкции=2500.0 м (max_MD_траектории=2500.0 м)
2026-02-09 16:49:43,009 [DEBUG] WellApp.gui: run_balance_calc: tubing=Раствор 1 (ρ=1.200), annulus=Буфер 3 (ρ=1.500)
2026-02-09 16:49:43,009 [DEBUG] WellApp.balance: === Запуск calculate_balance ===
2026-02-09 16:49:43,009 [DEBUG] WellApp.balance: Входные: P_res=20000000.0, max_tvd_m=None, D_tubing_mm=100.0, D_well_mm=200.0, D_knbk_mm=0.0, L_knbk_m=0.0
2026-02-09 16:49:43,010 [DEBUG] WellApp.balance: max_tvd_m взят из второго позиционного аргумента: 2233.86
2026-02-09 16:49:43,010 [DEBUG] WellApp.balance: Плотности: rho_t=1200.0, rho_a=1500.0
2026-02-09 16:49:43,010 [DEBUG] WellApp.balance: Требуемые высоты: h_req_t=1698.9466530750935, h_req_a=1359.1573224600747
2026-02-09 16:49:43,010 [DEBUG] WellApp.balance: Фактические высоты (с учётом TVD): h_t=1698.9466530750935, h_a=1359.1573224600747
2026-02-09 16:49:43,010 [DEBUG] WellApp.balance: Давления на пласте: p_t=20000000.0, p_a=20000000.0, diff_t=0.0, diff_a=0.0, diff_channels=0.0
2026-02-09 16:49:43,010 [DEBUG] WellApp.balance: Геометрия (м): D_t_id=0.1, D_w=0.2, D_k_od=0.0, L_knbk_m=0.0
2026-02-09 16:49:43,010 [DEBUG] WellApp.balance: Площадь трубы A_full=0.007853981633974483; V_t=13.343495810354202
2026-02-09 16:49:43,011 [DEBUG] WellApp.balance: Площадь затруба A_annulus=0.023561944901923454; V_a=32.02438994485009
2026-02-09 16:49:43,011 [DEBUG] WellApp.balance: === Расчёт calculate_balance завершён успешно ===
2026-02-09 16:49:43,011 [DEBUG] WellApp.gui: Результаты расчёта равновесия: h_t=1698.95, h_a=1359.16, V_t=13.343, V_a=32.024
2026-02-09 16:49:43,016 [DEBUG] WellApp.graphics: draw_fluids: нарисованы столбы h_t=1698.95 м, h_a=1359.16 м (bottom_y=2500.00, total_depth_md=2500.00)
2026-02-09 16:49:45,293 [DEBUG] WellApp.gui: run_balance_calc: запуск
2026-02-09 16:49:45,293 [DEBUG] WellApp.gui: _get_md_tvd_points: собранo 4 точек MD–TVD
2026-02-09 16:49:45,293 [DEBUG] WellApp.gui: _get_md_tvd_points: собранo 4 точек MD–TVD
2026-02-09 16:49:45,293 [DEBUG] WellApp.gui: run_balance_calc: используем TVD=2233.86 м для MD конструкции=2500.0 м (max_MD_траектории=2500.0 м)
2026-02-09 16:49:45,294 [DEBUG] WellApp.gui: run_balance_calc: tubing=Раствор 1 (ρ=1.200), annulus=Раствор 2 (ρ=1.200)
2026-02-09 16:49:45,294 [DEBUG] WellApp.balance: === Запуск calculate_balance ===
2026-02-09 16:49:45,294 [DEBUG] WellApp.balance: Входные: P_res=20000000.0, max_tvd_m=None, D_tubing_mm=100.0, D_well_mm=200.0, D_knbk_mm=0.0, L_knbk_m=0.0
2026-02-09 16:49:45,294 [DEBUG] WellApp.balance: max_tvd_m взят из второго позиционного аргумента: 2233.86
2026-02-09 16:49:45,295 [DEBUG] WellApp.balance: Плотности: rho_t=1200.0, rho_a=1200.0
2026-02-09 16:49:45,295 [DEBUG] WellApp.balance: Требуемые высоты: h_req_t=1698.9466530750935, h_req_a=1698.9466530750935
2026-02-09 16:49:45,295 [DEBUG] WellApp.balance: Фактические высоты (с учётом TVD): h_t=1698.9466530750935, h_a=1698.9466530750935
2026-02-09 16:49:45,295 [DEBUG] WellApp.balance: Давления на пласте: p_t=20000000.0, p_a=20000000.0, diff_t=0.0, diff_a=0.0, diff_channels=0.0
2026-02-09 16:49:45,295 [DEBUG] WellApp.balance: Геометрия (м): D_t_id=0.1, D_w=0.2, D_k_od=0.0, L_knbk_m=0.0
2026-02-09 16:49:45,296 [DEBUG] WellApp.balance: Площадь трубы A_full=0.007853981633974483; V_t=13.343495810354202
2026-02-09 16:49:45,296 [DEBUG] WellApp.balance: Площадь затруба A_annulus=0.023561944901923454; V_a=40.03048743106262
2026-02-09 16:49:45,296 [DEBUG] WellApp.balance: === Расчёт calculate_balance завершён успешно ===
2026-02-09 16:49:45,296 [DEBUG] WellApp.gui: Результаты расчёта равновесия: h_t=1698.95, h_a=1698.95, V_t=13.343, V_a=40.030
2026-02-09 16:49:45,297 [DEBUG] WellApp.graphics: draw_fluids: нарисованы столбы h_t=1698.95 м, h_a=1698.95 м (bottom_y=2500.00, total_depth_md=2500.00)
2026-02-09 16:49:51,904 [DEBUG] WellApp.gui: populate_fluid_combos: обновлено 3 жидкостей
2026-02-09 16:49:51,904 [DEBUG] WellApp.gui: populate_fluid_combo: обновлено 3 жидкостей
2026-02-09 16:49:51,908 [DEBUG] WellApp.gui: populate_fluid_combos: обновлено 3 жидкостей
2026-02-09 16:49:51,908 [DEBUG] WellApp.gui: populate_fluid_combo: обновлено 3 жидкостей
2026-02-09 16:50:04,907 [DEBUG] WellApp.gui: populate_fluid_combos: обновлено 3 жидкостей
2026-02-09 16:50:04,907 [DEBUG] WellApp.gui: populate_fluid_combo: обновлено 3 жидкостей
2026-02-09 16:50:04,907 [DEBUG] WellApp.gui: populate_fluid_combos: обновлено 3 жидкостей
2026-02-09 16:50:04,908 [DEBUG] WellApp.gui: populate_fluid_combo: обновлено 3 жидкостей
2026-02-09 16:50:04,908 [DEBUG] WellApp.gui: populate_fluid_combos: обновлено 3 жидкостей
2026-02-09 16:50:04,908 [DEBUG] WellApp.gui: populate_fluid_combo: обновлено 3 жидкостей
2026-02-09 16:50:04,908 [DEBUG] WellApp.gui: populate_fluid_combos: обновлено 3 жидкостей
2026-02-09 16:50:04,908 [DEBUG] WellApp.gui: populate_fluid_combo: обновлено 3 жидкостей
2026-02-09 16:50:04,919 [DEBUG] WellApp.gui: populate_fluid_combos: обновлено 3 жидкостей
2026-02-09 16:50:04,919 [DEBUG] WellApp.gui: populate_fluid_combo: обновлено 3 жидкостей
2026-02-09 16:50:06,747 [DEBUG] WellApp.gui: run_balance_calc: запуск
2026-02-09 16:50:06,747 [DEBUG] WellApp.gui: _get_md_tvd_points: собранo 4 точек MD–TVD
2026-02-09 16:50:06,748 [DEBUG] WellApp.gui: _get_md_tvd_points: собранo 4 точек MD–TVD
2026-02-09 16:50:06,748 [DEBUG] WellApp.gui: run_balance_calc: используем TVD=2233.86 м для MD конструкции=2500.0 м (max_MD_траектории=2500.0 м)
2026-02-09 16:50:06,748 [DEBUG] WellApp.gui: run_balance_calc: tubing=Раствор 1 (ρ=1.200), annulus=Раствор 1 (ρ=1.200)
2026-02-09 16:50:06,748 [DEBUG] WellApp.balance: === Запуск calculate_balance ===
2026-02-09 16:50:06,749 [DEBUG] WellApp.balance: Входные: P_res=20000000.0, max_tvd_m=None, D_tubing_mm=100.0, D_well_mm=200.0, D_knbk_mm=0.0, L_knbk_m=0.0
2026-02-09 16:50:06,749 [DEBUG] WellApp.balance: max_tvd_m взят из второго позиционного аргумента: 2233.86
2026-02-09 16:50:06,749 [DEBUG] WellApp.balance: Плотности: rho_t=1200.0, rho_a=1200.0
2026-02-09 16:50:06,749 [DEBUG] WellApp.balance: Требуемые высоты: h_req_t=1698.9466530750935, h_req_a=1698.9466530750935
2026-02-09 16:50:06,750 [DEBUG] WellApp.balance: Фактические высоты (с учётом TVD): h_t=1698.9466530750935, h_a=1698.9466530750935
2026-02-09 16:50:06,750 [DEBUG] WellApp.balance: Давления на пласте: p_t=20000000.0, p_a=20000000.0, diff_t=0.0, diff_a=0.0, diff_channels=0.0
2026-02-09 16:50:06,750 [DEBUG] WellApp.balance: Геометрия (м): D_t_id=0.1, D_w=0.2, D_k_od=0.0, L_knbk_m=0.0
2026-02-09 16:50:06,750 [DEBUG] WellApp.balance: Площадь трубы A_full=0.007853981633974483; V_t=13.343495810354202
2026-02-09 16:50:06,750 [DEBUG] WellApp.balance: Площадь затруба A_annulus=0.023561944901923454; V_a=40.03048743106262
2026-02-09 16:50:06,750 [DEBUG] WellApp.balance: === Расчёт calculate_balance завершён успешно ===
2026-02-09 16:50:06,751 [DEBUG] WellApp.gui: Результаты расчёта равновесия: h_t=1698.95, h_a=1698.95, V_t=13.343, V_a=40.030
2026-02-09 16:50:06,751 [DEBUG] WellApp.graphics: draw_fluids: нарисованы столбы h_t=1698.95 м, h_a=1698.95 м (bottom_y=2500.00, total_depth_md=2500.00)
2026-02-09 16:50:09,742 [DEBUG] WellApp.gui: run_balance_calc: запуск
2026-02-09 16:50:09,743 [DEBUG] WellApp.gui: _get_md_tvd_points: собранo 4 точек MD–TVD
2026-02-09 16:50:09,743 [DEBUG] WellApp.gui: _get_md_tvd_points: собранo 4 точек MD–TVD
2026-02-09 16:50:09,743 [DEBUG] WellApp.gui: run_balance_calc: используем TVD=2233.86 м для MD конструкции=2500.0 м (max_MD_траектории=2500.0 м)
2026-02-09 16:50:09,743 [DEBUG] WellApp.gui: run_balance_calc: tubing=Раствор 1 (ρ=1.200), annulus=Раствор 2 (ρ=1.400)
2026-02-09 16:50:09,743 [DEBUG] WellApp.balance: === Запуск calculate_balance ===
2026-02-09 16:50:09,744 [DEBUG] WellApp.balance: Входные: P_res=20000000.0, max_tvd_m=None, D_tubing_mm=100.0, D_well_mm=200.0, D_knbk_mm=0.0, L_knbk_m=0.0
2026-02-09 16:50:09,744 [DEBUG] WellApp.balance: max_tvd_m взят из второго позиционного аргумента: 2233.86
2026-02-09 16:50:09,744 [DEBUG] WellApp.balance: Плотности: rho_t=1200.0, rho_a=1400.0
2026-02-09 16:50:09,744 [DEBUG] WellApp.balance: Требуемые высоты: h_req_t=1698.9466530750935, h_req_a=1456.23998835008
2026-02-09 16:50:09,744 [DEBUG] WellApp.balance: Фактические высоты (с учётом TVD): h_t=1698.9466530750935, h_a=1456.23998835008
2026-02-09 16:50:09,744 [DEBUG] WellApp.balance: Давления на пласте: p_t=20000000.0, p_a=20000000.0, diff_t=0.0, diff_a=0.0, diff_channels=0.0
2026-02-09 16:50:09,744 [DEBUG] WellApp.balance: Геометрия (м): D_t_id=0.1, D_w=0.2, D_k_od=0.0, L_knbk_m=0.0
2026-02-09 16:50:09,744 [DEBUG] WellApp.balance: Площадь трубы A_full=0.007853981633974483; V_t=13.343495810354202
2026-02-09 16:50:09,744 [DEBUG] WellApp.balance: Площадь затруба A_annulus=0.023561944901923454; V_a=34.31184636948224
2026-02-09 16:50:09,744 [DEBUG] WellApp.balance: === Расчёт calculate_balance завершён успешно ===
2026-02-09 16:50:09,745 [DEBUG] WellApp.gui: Результаты расчёта равновесия: h_t=1698.95, h_a=1456.24, V_t=13.343, V_a=34.312
2026-02-09 16:50:09,745 [DEBUG] WellApp.graphics: draw_fluids: нарисованы столбы h_t=1698.95 м, h_a=1456.24 м (bottom_y=2500.00, total_depth_md=2500.00)
2026-02-09 16:50:32,885 [DEBUG] WellApp.gui: Переключение на вкладку 'Отдувка'
2026-02-09 16:50:32,885 [DEBUG] WellApp.gui: populate_fluid_combo: обновлено 3 жидкостей
2026-02-09 16:50:32,886 [DEBUG] WellApp.gui: _get_md_tvd_points (Отдувка): собрано 4 точек MD–TVD
2026-02-09 16:50:32,886 [DEBUG] WellApp.gui: _get_md_tvd_points (Отдувка): собрано 4 точек MD–TVD
2026-02-09 16:50:32,886 [DEBUG] WellApp.gui: update_tvd_display (Отдувка): TVD=2233.86 м для MD=2500.0 м (конструкция=2500.0 м, max_MD_траектории=2500.0 м)
2026-02-09 16:50:45,756 [DEBUG] WellApp.gui: run_displacement_calc: запуск
2026-02-09 16:50:45,756 [DEBUG] WellApp.gui: _get_md_tvd_points (Отдувка): собрано 4 точек MD–TVD
2026-02-09 16:50:45,757 [DEBUG] WellApp.gui: _get_md_tvd_points (Отдувка): собрано 4 точек MD–TVD
2026-02-09 16:50:45,757 [DEBUG] WellApp.gui: run_displacement_calc: используем TVD=2233.86 м для MD конструкции=2500.0 м (max_MD_траектории=2500.0 м)
2026-02-09 16:50:45,757 [DEBUG] WellApp.gui: run_displacement_calc: fluid=Раствор 2 (ρ=1.400)
2026-02-09 16:50:45,757 [DEBUG] WellApp.balance: === Запуск calculate_balance ===
2026-02-09 16:50:45,757 [DEBUG] WellApp.balance: Входные: P_res=25000000.0, max_tvd_m=None, D_tubing_mm=100.0, D_well_mm=200.0, D_knbk_mm=0.0, L_knbk_m=0.0
2026-02-09 16:50:45,757 [DEBUG] WellApp.balance: max_tvd_m взят из второго позиционного аргумента: 2233.86
2026-02-09 16:50:45,757 [DEBUG] WellApp.balance: Плотности: rho_t=1400.0, rho_a=1400.0
2026-02-09 16:50:45,757 [DEBUG] WellApp.balance: Требуемые высоты: h_req_t=1820.2999854376, h_req_a=1820.2999854376
2026-02-09 16:50:45,758 [DEBUG] WellApp.balance: Фактические высоты (с учётом TVD): h_t=1820.2999854376, h_a=1820.2999854376
2026-02-09 16:50:45,758 [DEBUG] WellApp.balance: Давления на пласте: p_t=25000000.0, p_a=25000000.0, diff_t=0.0, diff_a=0.0, diff_channels=0.0
2026-02-09 16:50:45,758 [DEBUG] WellApp.balance: Геометрия (м): D_t_id=0.1, D_w=0.2, D_k_od=0.0, L_knbk_m=0.0
2026-02-09 16:50:45,758 [DEBUG] WellApp.balance: Площадь трубы A_full=0.007853981633974483; V_t=14.29660265395093
2026-02-09 16:50:45,758 [DEBUG] WellApp.balance: Площадь затруба A_annulus=0.023561944901923454; V_a=42.889807961852796
2026-02-09 16:50:45,758 [DEBUG] WellApp.balance: === Расчёт calculate_balance завершён успешно ===
2026-02-09 16:50:45,758 [DEBUG] WellApp.gui: Результаты расчёта отдувки: h_t=1820.30, h_a=1820.30, V_t=14.297, V_a=42.890
2026-02-09 16:50:45,759 [DEBUG] WellApp.graphics: draw_fluids: нарисованы столбы h_t=1820.30 м, h_a=1820.30 м (bottom_y=2500.00, total_depth_md=2500.00)
2026-02-09 16:50:47,484 [DEBUG] WellApp.gui: run_displacement_calc: запуск
2026-02-09 16:50:47,484 [DEBUG] WellApp.gui: _get_md_tvd_points (Отдувка): собрано 4 точек MD–TVD
2026-02-09 16:50:47,485 [DEBUG] WellApp.gui: _get_md_tvd_points (Отдувка): собрано 4 точек MD–TVD
2026-02-09 16:50:47,485 [DEBUG] WellApp.gui: run_displacement_calc: используем TVD=2233.86 м для MD конструкции=2500.0 м (max_MD_траектории=2500.0 м)
2026-02-09 16:50:47,485 [DEBUG] WellApp.gui: run_displacement_calc: fluid=Раствор 1 (ρ=1.200)
2026-02-09 16:50:47,485 [DEBUG] WellApp.balance: === Запуск calculate_balance ===
2026-02-09 16:50:47,485 [DEBUG] WellApp.balance: Входные: P_res=25000000.0, max_tvd_m=None, D_tubing_mm=100.0, D_well_mm=200.0, D_knbk_mm=0.0, L_knbk_m=0.0
2026-02-09 16:50:47,485 [DEBUG] WellApp.balance: max_tvd_m взят из второго позиционного аргумента: 2233.86
2026-02-09 16:50:47,485 [DEBUG] WellApp.balance: Плотности: rho_t=1200.0, rho_a=1200.0
2026-02-09 16:50:47,485 [DEBUG] WellApp.balance: Требуемые высоты: h_req_t=2123.683316343867, h_req_a=2123.683316343867
2026-02-09 16:50:47,486 [DEBUG] WellApp.balance: Фактические высоты (с учётом TVD): h_t=2123.683316343867, h_a=2123.683316343867
2026-02-09 16:50:47,486 [DEBUG] WellApp.balance: Давления на пласте: p_t=25000000.0, p_a=25000000.0, diff_t=0.0, diff_a=0.0, diff_channels=0.0
2026-02-09 16:50:47,486 [DEBUG] WellApp.balance: Геометрия (м): D_t_id=0.1, D_w=0.2, D_k_od=0.0, L_knbk_m=0.0
2026-02-09 16:50:47,486 [DEBUG] WellApp.balance: Площадь трубы A_full=0.007853981633974483; V_t=16.679369762942752
2026-02-09 16:50:47,486 [DEBUG] WellApp.balance: Площадь затруба A_annulus=0.023561944901923454; V_a=50.03810928882827
2026-02-09 16:50:47,486 [DEBUG] WellApp.balance: === Расчёт calculate_balance завершён успешно ===
2026-02-09 16:50:47,486 [DEBUG] WellApp.gui: Результаты расчёта отдувки: h_t=2123.68, h_a=2123.68, V_t=16.679, V_a=50.038
2026-02-09 16:50:47,488 [DEBUG] WellApp.graphics: draw_fluids: нарисованы столбы h_t=2123.68 м, h_a=2123.68 м (bottom_y=2500.00, total_depth_md=2500.00)
2026-02-09 16:50:56,342 [DEBUG] WellApp.gui: run_displacement_calc: запуск
2026-02-09 16:50:56,342 [DEBUG] WellApp.gui: _get_md_tvd_points (Отдувка): собрано 4 точек MD–TVD
2026-02-09 16:50:56,342 [DEBUG] WellApp.gui: _get_md_tvd_points (Отдувка): собрано 4 точек MD–TVD
2026-02-09 16:50:56,342 [DEBUG] WellApp.gui: run_displacement_calc: используем TVD=2233.86 м для MD конструкции=2500.0 м (max_MD_траектории=2500.0 м)
2026-02-09 16:50:56,343 [DEBUG] WellApp.gui: run_displacement_calc: fluid=Раствор 2 (ρ=1.400)
2026-02-09 16:50:56,343 [DEBUG] WellApp.balance: === Запуск calculate_balance ===
2026-02-09 16:50:56,343 [DEBUG] WellApp.balance: Входные: P_res=25000000.0, max_tvd_m=None, D_tubing_mm=100.0, D_well_mm=200.0, D_knbk_mm=0.0, L_knbk_m=0.0
2026-02-09 16:50:56,343 [DEBUG] WellApp.balance: max_tvd_m взят из второго позиционного аргумента: 2233.86
2026-02-09 16:50:56,343 [DEBUG] WellApp.balance: Плотности: rho_t=1400.0, rho_a=1400.0
2026-02-09 16:50:56,344 [DEBUG] WellApp.balance: Требуемые высоты: h_req_t=1820.2999854376, h_req_a=1820.2999854376
2026-02-09 16:50:56,344 [DEBUG] WellApp.balance: Фактические высоты (с учётом TVD): h_t=1820.2999854376, h_a=1820.2999854376
2026-02-09 16:50:56,344 [DEBUG] WellApp.balance: Давления на пласте: p_t=25000000.0, p_a=25000000.0, diff_t=0.0, diff_a=0.0, diff_channels=0.0
2026-02-09 16:50:56,344 [DEBUG] WellApp.balance: Геометрия (м): D_t_id=0.1, D_w=0.2, D_k_od=0.0, L_knbk_m=0.0
2026-02-09 16:50:56,344 [DEBUG] WellApp.balance: Площадь трубы A_full=0.007853981633974483; V_t=14.29660265395093
2026-02-09 16:50:56,344 [DEBUG] WellApp.balance: Площадь затруба A_annulus=0.023561944901923454; V_a=42.889807961852796
2026-02-09 16:50:56,345 [DEBUG] WellApp.balance: === Расчёт calculate_balance завершён успешно ===
2026-02-09 16:50:56,345 [DEBUG] WellApp.gui: Результаты расчёта отдувки: h_t=1820.30, h_a=1820.30, V_t=14.297, V_a=42.890
2026-02-09 16:50:56,346 [DEBUG] WellApp.graphics: draw_fluids: нарисованы столбы h_t=1820.30 м, h_a=1820.30 м (bottom_y=2500.00, total_depth_md=2500.00)
2026-02-09 16:51:12,228 [DEBUG] WellApp.gui: Переключение на вкладку 'Индикаторная пачка'
2026-02-09 16:51:22,143 [DEBUG] WellApp.gui: Старт расчёта объёмов и построения схемы
2026-02-09 16:51:22,144 [DEBUG] WellApp.utils: compute_casing_params -> OD=244.500, ID=216.000, wall=14.250
2026-02-09 16:51:22,144 [DEBUG] WellApp.utils: compute_casing_params -> OD=177.800, ID=160.000, wall=8.900
2026-02-09 16:51:22,144 [WARNING] WellApp.geom: Casing 'Open Hole': ID >= OD (id=152.400 мм, od=152.400 мм) — проверьте данные
2026-02-09 16:51:22,145 [DEBUG] WellApp.gui: Суммарная MD конструкции: 2500.000 м
2026-02-09 16:51:22,145 [DEBUG] WellApp.utils: normalize_bha_name: 'Drill Pipe' -> 'Drill Pipe'
2026-02-09 16:51:22,145 [DEBUG] WellApp.utils: normalize_bha_name: 'Heavy Weight' -> 'Heavy Weight'
2026-02-09 16:51:22,145 [DEBUG] WellApp.utils: normalize_bha_name: 'Drill Collar' -> 'Drill Collar'
2026-02-09 16:51:22,145 [DEBUG] WellApp.utils: normalize_bha_name: 'Mud Motor' -> 'Mud Motor'
2026-02-09 16:51:22,146 [DEBUG] WellApp.utils: normalize_bha_name: 'Bit' -> 'Bit'
2026-02-09 16:51:22,146 [DEBUG] WellApp.gui: Итоговое содержимое fluids: ['Раствор 1', 'Раствор 2', 'Буфер 3']
2026-02-09 16:51:22,146 [DEBUG] WellApp.volumes: calculate_volumes: старт расчёта, casings=3, bha=5
2026-02-09 16:51:22,146 [DEBUG] WellApp.volumes: calculate_volumes: завершено. V_casings=57.602, V_bha_int=16.972, V_bha_disp=33.890, V_annulus=23.712
2026-02-09 16:51:22,148 [DEBUG] WellApp.graphics: BHA элементов (снизу вверх): ['Drill Pipe L=2209.70, OD=127.0', 'Heavy Weight L=200.00, OD=139.7', 'Drill Collar L=80.00, OD=203.0', 'Mud Motor L=10.00, OD=172.0', 'Bit L=0.30, OD=215.9']
2026-02-09 16:51:22,153 [DEBUG] WellApp.gui: Расчёт объёмов и обновление схемы завершены успешно
2026-02-09 16:51:22,153 [INFO] WellApp.indicator_pill: IndicatorPill: row=0 D_eff=597.8 mm | V_pumped=172.800 V_in=16.972 V_ann_cased=23.146 V_oh=132.683
2026-02-09 16:51:29,265 [DEBUG] WellApp.gui: Старт расчёта объёмов и построения схемы
2026-02-09 16:51:29,265 [DEBUG] WellApp.utils: compute_casing_params -> OD=244.500, ID=216.000, wall=14.250
2026-02-09 16:51:29,266 [DEBUG] WellApp.utils: compute_casing_params -> OD=177.800, ID=160.000, wall=8.900
2026-02-09 16:51:29,266 [WARNING] WellApp.geom: Casing 'Open Hole': ID >= OD (id=152.400 мм, od=152.400 мм) — проверьте данные
2026-02-09 16:51:29,266 [DEBUG] WellApp.gui: Суммарная MD конструкции: 2500.000 м
2026-02-09 16:51:29,266 [DEBUG] WellApp.utils: normalize_bha_name: 'Drill Pipe' -> 'Drill Pipe'
2026-02-09 16:51:29,267 [DEBUG] WellApp.utils: normalize_bha_name: 'Heavy Weight' -> 'Heavy Weight'
2026-02-09 16:51:29,267 [DEBUG] WellApp.utils: normalize_bha_name: 'Drill Collar' -> 'Drill Collar'
2026-02-09 16:51:29,267 [DEBUG] WellApp.utils: normalize_bha_name: 'Mud Motor' -> 'Mud Motor'
2026-02-09 16:51:29,267 [DEBUG] WellApp.utils: normalize_bha_name: 'Bit' -> 'Bit'
2026-02-09 16:51:29,267 [DEBUG] WellApp.gui: Итоговое содержимое fluids: ['Раствор 1', 'Раствор 2', 'Буфер 3']
2026-02-09 16:51:29,268 [DEBUG] WellApp.volumes: calculate_volumes: старт расчёта, casings=3, bha=5
2026-02-09 16:51:29,268 [DEBUG] WellApp.volumes: calculate_volumes: завершено. V_casings=57.602, V_bha_int=16.972, V_bha_disp=33.890, V_annulus=23.712
2026-02-09 16:51:29,270 [DEBUG] WellApp.graphics: BHA элементов (снизу вверх): ['Drill Pipe L=2209.70, OD=127.0', 'Heavy Weight L=200.00, OD=139.7', 'Drill Collar L=80.00, OD=203.0', 'Mud Motor L=10.00, OD=172.0', 'Bit L=0.30, OD=215.9']
2026-02-09 16:51:29,274 [DEBUG] WellApp.gui: Расчёт объёмов и обновление схемы завершены успешно
2026-02-09 16:51:29,275 [INFO] WellApp.indicator_pill: IndicatorPill: row=0 D_eff=710.0 mm | V_pumped=230.400 V_in=16.972 V_ann_cased=23.146 V_oh=190.283
2026-02-09 16:51:35,494 [DEBUG] WellApp.gui: Старт расчёта объёмов и построения схемы
2026-02-09 16:51:35,494 [DEBUG] WellApp.utils: compute_casing_params -> OD=244.500, ID=216.000, wall=14.250
2026-02-09 16:51:35,494 [DEBUG] WellApp.utils: compute_casing_params -> OD=177.800, ID=160.000, wall=8.900
2026-02-09 16:51:35,494 [WARNING] WellApp.geom: Casing 'Open Hole': ID >= OD (id=152.400 мм, od=152.400 мм) — проверьте данные
2026-02-09 16:51:35,494 [DEBUG] WellApp.gui: Суммарная MD конструкции: 2500.000 м
2026-02-09 16:51:35,495 [DEBUG] WellApp.utils: normalize_bha_name: 'Drill Pipe' -> 'Drill Pipe'
2026-02-09 16:51:35,495 [DEBUG] WellApp.utils: normalize_bha_name: 'Heavy Weight' -> 'Heavy Weight'
2026-02-09 16:51:35,495 [DEBUG] WellApp.utils: normalize_bha_name: 'Drill Collar' -> 'Drill Collar'
2026-02-09 16:51:35,495 [DEBUG] WellApp.utils: normalize_bha_name: 'Mud Motor' -> 'Mud Motor'
2026-02-09 16:51:35,496 [DEBUG] WellApp.utils: normalize_bha_name: 'Bit' -> 'Bit'
2026-02-09 16:51:35,496 [DEBUG] WellApp.gui: Итоговое содержимое fluids: ['Раствор 1', 'Раствор 2', 'Буфер 3']
2026-02-09 16:51:35,496 [DEBUG] WellApp.volumes: calculate_volumes: старт расчёта, casings=3, bha=5
2026-02-09 16:51:35,496 [DEBUG] WellApp.volumes: calculate_volumes: завершено. V_casings=57.602, V_bha_int=16.972, V_bha_disp=33.890, V_annulus=23.712
2026-02-09 16:51:35,498 [DEBUG] WellApp.graphics: BHA элементов (снизу вверх): ['Drill Pipe L=2209.70, OD=127.0', 'Heavy Weight L=200.00, OD=139.7', 'Drill Collar L=80.00, OD=203.0', 'Mud Motor L=10.00, OD=172.0', 'Bit L=0.30, OD=215.9']
2026-02-09 16:51:35,503 [DEBUG] WellApp.gui: Расчёт объёмов и обновление схемы завершены успешно
2026-02-09 16:51:35,504 [INFO] WellApp.indicator_pill: IndicatorPill: row=0 D_eff=317.3 mm | V_pumped=72.000 V_in=16.972 V_ann_cased=23.146 V_oh=31.883
